2025-11-19 08:00:47,136 - Knowledge - INFO - Created shared MongoDB connection pool
2025-11-19 08:00:47,453 - Knowledge - INFO - Starting Knowledge Graph processing with 20 threads
2025-11-19 08:00:47,630 - Knowledge - INFO - Initial configuration: chunk_size=65536, max_cache_size=500
2025-11-19 08:00:47,833 - Knowledge - INFO - Knowledge Graph concurrency configuration: workers=20, max_batch_size=25, max_concurrent_llm_calls=50
2025-11-19 08:00:49,333 - Knowledge - INFO - 🔍 _load_persisted_knowledge called - checking for Redis optimization
2025-11-19 08:00:49,473 - Knowledge - WARNING - ❌ load_from_redis method not found - Redis support not attached
2025-11-19 08:00:49,655 - Knowledge - INFO - load persisted knowledge: begin
2025-11-19 08:00:49,839 - Knowledge - INFO - Loaded 0 files from persisted knowledge
2025-11-19 08:00:50,022 - Knowledge - INFO - load persisted knowledge: end
2025-11-19 08:00:50,253 - Knowledge - WARNING - No persisted knowledge found. Files will be queued during start()
2025-11-19 08:00:50,459 - Knowledge - INFO - Redis support added with prefix knowledge:b1256qt:
2025-11-19 08:00:51,198 - Knowledge - INFO - Starting knowledge initialization for ID: x335cH-b1256qt
2025-11-19 08:00:51,416 - Knowledge - INFO - 🔍 Checking Redis for build_id: b1256qt
2025-11-19 08:00:51,613 - Knowledge - INFO - 🔍 Full session ID: x335cH-b1256qt
2025-11-19 08:00:51,803 - Knowledge - INFO - 🔍 Redis prefix will be: knowledge:b1256qt:
2025-11-19 08:00:51,995 - Knowledge - INFO - 🔍 Using attached load_from_redis() method
2025-11-19 08:00:52,138 - Knowledge - INFO - 🔍 Attempting to load knowledge from Redis...
2025-11-19 08:00:52,311 - Knowledge - INFO - 🔍 Using derived instance_id for Redis lookup: b1256qt
2025-11-19 08:00:54,602 - Knowledge - WARNING - ❌ No Redis cache found
2025-11-19 08:00:56,954 - Knowledge - INFO - 📁 Loading knowledge from disk...
2025-11-19 08:00:57,164 - Knowledge - INFO - load persisted docinfo: begin
2025-11-19 08:00:57,338 - Knowledge - INFO - load persisted docinfo: end
2025-11-19 08:00:57,509 - Knowledge - INFO - 🔍 _load_persisted_knowledge called - checking for Redis optimization
2025-11-19 08:00:57,691 - Knowledge - INFO - ✅ load_from_redis method found - attempting Redis load
2025-11-19 08:00:57,869 - Knowledge - INFO - 🔍 Attempting to load knowledge from Redis...
2025-11-19 08:00:58,081 - Knowledge - INFO - 🔍 Using derived instance_id for Redis lookup: b1256qt
2025-11-19 08:01:00,297 - Knowledge - WARNING - ❌ No Redis cache found
2025-11-19 08:01:00,499 - Knowledge - INFO - ❌ Redis load returned False - falling back to file loading
2025-11-19 08:01:00,722 - Knowledge - INFO - load persisted knowledge: begin
2025-11-19 08:01:00,867 - Knowledge - INFO - Loaded 0 files from persisted knowledge
2025-11-19 08:01:01,047 - Knowledge - INFO - load persisted knowledge: end
2025-11-19 08:01:01,216 - Knowledge - INFO - 📁 Disk load complete in 4.09s
2025-11-19 08:01:01,408 - Knowledge - INFO - Populating ingest queue with source files...
2025-11-19 08:01:02,607 - Knowledge - INFO - Added 312 files from /app/data/T0015/270588/b1256qt/universalinit-270588 to ingest queue
2025-11-19 08:01:02,792 - Knowledge - INFO - Worker kw1 created using shared MongoDB connection pool
2025-11-19 08:01:02,955 - Knowledge - INFO - knowledge worker kw1 start
2025-11-19 08:01:02,956 - Knowledge - INFO - Worker kw2 created using shared MongoDB connection pool
2025-11-19 08:01:03,113 - Knowledge - INFO - [kw1] Queue=312, InProgress=0, PendingWorkers=0/1, Completed=0/312 (0.0%)
2025-11-19 08:01:03,207 - Knowledge - INFO - knowledge worker kw2 start
2025-11-19 08:01:03,207 - Knowledge - INFO - Worker kw3 created using shared MongoDB connection pool
2025-11-19 08:01:03,287 - Knowledge - INFO - Batch sizing: calculated=15, max_allowed=25, queue=312, active_workers=0/2
2025-11-19 08:01:03,420 - Knowledge - INFO - [kw2] Queue=312, InProgress=0, PendingWorkers=0/2, Completed=0/312 (0.0%)
2025-11-19 08:01:03,492 - Knowledge - INFO - knowledge worker kw3 start
2025-11-19 08:01:03,492 - Knowledge - INFO - Worker kw4 created using shared MongoDB connection pool
2025-11-19 08:01:03,595 - Knowledge - INFO - Worker kw1 processing /app/data/T0015/270588/b1256qt/universalinit-270588/test/test_nuxt_template.py
2025-11-19 08:01:03,673 - Knowledge - INFO - Batch sizing: calculated=15, max_allowed=25, queue=312, active_workers=1/3
2025-11-19 08:01:03,789 - Knowledge - INFO - [kw3] Queue=297, InProgress=0, PendingWorkers=1/3, Completed=0/312 (0.0%)
2025-11-19 08:01:03,886 - Knowledge - INFO - knowledge worker kw4 start
2025-11-19 08:01:03,886 - Knowledge - INFO - Worker kw5 created using shared MongoDB connection pool
2025-11-19 08:01:03,965 - Knowledge - INFO - Fast-tracked /app/data/T0015/270588/b1256qt/universalinit-270588/test/test_nuxt_template.py (ext=.py, size=6395)
2025-11-19 08:01:04,074 - Knowledge - INFO - Worker kw2 processing /app/data/T0015/270588/b1256qt/universalinit-270588/test/test_vite_template.py
2025-11-19 08:01:04,184 - Knowledge - INFO - Batch sizing: calculated=15, max_allowed=25, queue=297, active_workers=2/4
2025-11-19 08:01:04,258 - Knowledge - INFO - [kw4] Queue=282, InProgress=0, PendingWorkers=2/4, Completed=0/312 (0.0%)
2025-11-19 08:01:04,329 - Knowledge - INFO - knowledge worker kw5 start
2025-11-19 08:01:04,329 - Knowledge - INFO - Worker kw6 created using shared MongoDB connection pool
2025-11-19 08:01:04,395 - Knowledge - INFO - Worker kw1 processing /app/data/T0015/270588/b1256qt/universalinit-270588/test/test_typescript_template.py
2025-11-19 08:01:04,473 - Knowledge - INFO - Fast-tracked /app/data/T0015/270588/b1256qt/universalinit-270588/test/test_vite_template.py (ext=.py, size=6410)
2025-11-19 08:01:04,541 - Knowledge - INFO - Worker kw3 processing /app/data/T0015/270588/b1256qt/universalinit-270588/src/universalinit/templates/vue/src/main.ts
2025-11-19 08:01:04,633 - Knowledge - INFO - Batch sizing: calculated=15, max_allowed=25, queue=282, active_workers=3/5
2025-11-19 08:01:04,743 - Knowledge - INFO - [kw5] Queue=267, InProgress=0, PendingWorkers=3/5, Completed=0/312 (0.0%)
2025-11-19 08:01:04,830 - Knowledge - INFO - knowledge worker kw6 start
2025-11-19 08:01:04,830 - Knowledge - INFO - Worker kw7 created using shared MongoDB connection pool
2025-11-19 08:01:04,948 - Knowledge - INFO - Fast-tracked /app/data/T0015/270588/b1256qt/universalinit-270588/test/test_typescript_template.py (ext=.py, size=6086)
2025-11-19 08:01:05,045 - Knowledge - INFO - Worker kw2 processing /app/data/T0015/270588/b1256qt/universalinit-270588/test/test_nativescript_template.py
2025-11-19 08:01:05,126 - Knowledge - INFO - Fast-tracked /app/data/T0015/270588/b1256qt/universalinit-270588/src/universalinit/templates/vue/src/main.ts (ext=.ts, size=242)
2025-11-19 08:01:05,205 - Knowledge - INFO - Worker kw4 processing /app/data/T0015/270588/b1256qt/universalinit-270588/src/universalinit/templates/fastapi/src/api/main.py
2025-11-19 08:01:05,276 - Knowledge - INFO - Batch sizing: calculated=15, max_allowed=25, queue=267, active_workers=4/6
2025-11-19 08:01:05,430 - Knowledge - INFO - [kw6] Queue=252, InProgress=0, PendingWorkers=4/6, Completed=0/312 (0.0%)
2025-11-19 08:01:05,467 - Knowledge - INFO - knowledge worker kw7 start
2025-11-19 08:01:05,467 - Knowledge - INFO - Worker kw8 created using shared MongoDB connection pool
2025-11-19 08:01:05,553 - Knowledge - INFO - Worker kw1 processing /app/data/T0015/270588/b1256qt/universalinit-270588/test/test_slidev_template.py
2025-11-19 08:01:05,670 - Knowledge - INFO - Fast-tracked /app/data/T0015/270588/b1256qt/universalinit-270588/test/test_nativescript_template.py (ext=.py, size=11780)
2025-11-19 08:01:05,745 - Knowledge - INFO - Worker kw3 processing /app/data/T0015/270588/b1256qt/universalinit-270588/src/universalinit/templates/vue/src/components/__tests__/HelloWorld.spec.ts
2025-11-19 08:01:05,837 - Knowledge - INFO - Fast-tracked /app/data/T0015/270588/b1256qt/universalinit-270588/src/universalinit/templates/fastapi/src/api/main.py (ext=.py, size=311)
2025-11-19 08:01:05,924 - Knowledge - INFO - Worker kw5 processing /app/data/T0015/270588/b1256qt/universalinit-270588/src/universalinit/templates/nativescript/app/app.css
2025-11-19 08:01:06,067 - Knowledge - INFO - Batch sizing: calculated=15, max_allowed=25, queue=252, active_workers=5/7
2025-11-19 08:01:06,169 - Knowledge - INFO - [kw7] Queue=237, InProgress=0, PendingWorkers=5/7, Completed=0/312 (0.0%)
2025-11-19 08:01:06,241 - Knowledge - INFO - knowledge worker kw8 start
2025-11-19 08:01:06,241 - Knowledge - INFO - Worker kw9 created using shared MongoDB connection pool
2025-11-19 08:01:06,322 - Knowledge - INFO - Fast-tracked /app/data/T0015/270588/b1256qt/universalinit-270588/test/test_slidev_template.py (ext=.py, size=9037)
2025-11-19 08:01:06,428 - Knowledge - INFO - Worker kw2 processing /app/data/T0015/270588/b1256qt/universalinit-270588/test/test_nextjs_template.py
2025-11-19 08:01:06,517 - Knowledge - INFO - Fast-tracked /app/data/T0015/270588/b1256qt/universalinit-270588/src/universalinit/templates/vue/src/components/__tests__/HelloWorld.spec.ts (ext=.ts, size=330)
2025-11-19 08:01:06,600 - Knowledge - INFO - Worker kw4 processing /app/data/T0015/270588/b1256qt/universalinit-270588/src/universalinit/templates/fastapi/requirements.txt
2025-11-19 08:01:06,715 - Knowledge - INFO - Fast-tracked /app/data/T0015/270588/b1256qt/universalinit-270588/src/universalinit/templates/nativescript/app/app.css (ext=.css, size=224)
2025-11-19 08:01:06,816 - Knowledge - INFO - Worker kw6 processing /app/data/T0015/270588/b1256qt/universalinit-270588/src/universalinit/templates/nativescript/App_Resources/Android/src/main/res/drawable-nodpi/splash_screen.xml
2025-11-19 08:01:06,910 - Knowledge - INFO - Batch sizing: calculated=15, max_allowed=25, queue=237, active_workers=6/8
2025-11-19 08:01:06,985 - Knowledge - INFO - [kw8] Queue=222, InProgress=0, PendingWorkers=6/8, Completed=0/312 (0.0%)
2025-11-19 08:01:07,057 - Knowledge - INFO - knowledge worker kw9 start
2025-11-19 08:01:07,057 - Knowledge - INFO - Worker kw10 created using shared MongoDB connection pool
2025-11-19 08:01:07,134 - Knowledge - INFO - Worker kw1 processing /app/data/T0015/270588/b1256qt/universalinit-270588/test/test_django_template.py
2025-11-19 08:01:07,239 - Knowledge - INFO - Fast-tracked /app/data/T0015/270588/b1256qt/universalinit-270588/test/test_nextjs_template.py (ext=.py, size=7878)
2025-11-19 08:01:07,327 - Knowledge - INFO - Worker kw3 processing /app/data/T0015/270588/b1256qt/universalinit-270588/src/universalinit/templates/vue/src/router/index.ts
2025-11-19 08:01:07,394 - Knowledge - INFO - Fast-tracked /app/data/T0015/270588/b1256qt/universalinit-270588/src/universalinit/templates/fastapi/requirements.txt (ext=.txt, size=742)
2025-11-19 08:01:07,513 - Knowledge - INFO - Worker kw5 processing /app/data/T0015/270588/b1256qt/universalinit-270588/src/universalinit/templates/nativescript/app/app.js
2025-11-19 08:01:07,603 - Knowledge - INFO - Fast-tracked /app/data/T0015/270588/b1256qt/universalinit-270588/src/universalinit/templates/nativescript/App_Resources/Android/src/main/res/drawable-nodpi/splash_screen.xml (ext=.xml, size=304)
2025-11-19 08:01:07,686 - Knowledge - INFO - Worker kw7 processing /app/data/T0015/270588/b1256qt/universalinit-270588/src/universalinit/templates/qwik/src/routes/demo/flower/index.tsx
2025-11-19 08:01:07,762 - Knowledge - INFO - Batch sizing: calculated=15, max_allowed=25, queue=222, active_workers=7/9
2025-11-19 08:01:07,855 - Knowledge - INFO - [kw9] Queue=207, InProgress=0, PendingWorkers=7/9, Completed=0/312 (0.0%)
2025-11-19 08:01:07,940 - Knowledge - INFO - knowledge worker kw10 start
2025-11-19 08:01:07,940 - Knowledge - INFO - Worker kw11 created using shared MongoDB connection pool
2025-11-19 08:01:08,056 - Knowledge - INFO - Fast-tracked /app/data/T0015/270588/b1256qt/universalinit-270588/test/test_django_template.py (ext=.py, size=5902)
2025-11-19 08:01:08,131 - Knowledge - INFO - Worker kw2 processing /app/data/T0015/270588/b1256qt/universalinit-270588/test/conftest.py
2025-11-19 08:01:08,239 - Knowledge - INFO - Fast-tracked /app/data/T0015/270588/b1256qt/universalinit-270588/src/universalinit/templates/vue/src/router/index.ts (ext=.ts, size=591)
2025-11-19 08:01:08,314 - Knowledge - INFO - Worker kw4 processing /app/data/T0015/270588/b1256qt/universalinit-270588/src/universalinit/templates/fastapi/config.yml
2025-11-19 08:01:08,382 - Knowledge - INFO - Fast-tracked /app/data/T0015/270588/b1256qt/universalinit-270588/src/universalinit/templates/nativescript/app/app.js (ext=.js, size=197)
2025-11-19 08:01:08,463 - Knowledge - INFO - Worker kw6 processing /app/data/T0015/270588/b1256qt/universalinit-270588/src/universalinit/templates/nativescript/App_Resources/Android/src/main/AndroidManifest.xml
2025-11-19 08:01:08,545 - Knowledge - INFO - Fast-tracked /app/data/T0015/270588/b1256qt/universalinit-270588/src/universalinit/templates/qwik/src/routes/demo/flower/index.tsx (ext=.tsx, size=1586)
2025-11-19 08:01:08,615 - Knowledge - INFO - Worker kw8 processing /app/data/T0015/270588/b1256qt/universalinit-270588/src/universalinit/templates/qwik/src/components/starter/infobox/infobox.tsx
2025-11-19 08:01:08,692 - Knowledge - INFO - Batch sizing: calculated=15, max_allowed=25, queue=207, active_workers=8/10
2025-11-19 08:01:08,783 - Knowledge - INFO - [kw10] Queue=192, InProgress=0, PendingWorkers=8/10, Completed=0/312 (0.0%)
2025-11-19 08:01:08,895 - Knowledge - INFO - knowledge worker kw11 start
2025-11-19 08:01:08,895 - Knowledge - INFO - Worker kw12 created using shared MongoDB connection pool
2025-11-19 08:01:08,976 - Knowledge - INFO - Worker kw1 processing /app/data/T0015/270588/b1256qt/universalinit-270588/test/test_svelte_template.py
2025-11-19 08:01:09,050 - Knowledge - INFO - Fast-tracked /app/data/T0015/270588/b1256qt/universalinit-270588/test/conftest.py (ext=.py, size=1489)
2025-11-19 08:01:09,137 - Knowledge - INFO - Worker kw3 processing /app/data/T0015/270588/b1256qt/universalinit-270588/src/universalinit/templates/vue/src/assets/main.css
2025-11-19 08:01:09,242 - Knowledge - INFO - Fast-tracked /app/data/T0015/270588/b1256qt/universalinit-270588/src/universalinit/templates/fastapi/config.yml (ext=.yml, size=995)
2025-11-19 08:01:09,351 - Knowledge - INFO - Worker kw5 processing /app/data/T0015/270588/b1256qt/universalinit-270588/src/universalinit/templates/nativescript/app/app-root.xml
2025-11-19 08:01:09,463 - Knowledge - INFO - Fast-tracked /app/data/T0015/270588/b1256qt/universalinit-270588/src/universalinit/templates/nativescript/App_Resources/Android/src/main/AndroidManifest.xml (ext=.xml, size=1533)
2025-11-19 08:01:09,546 - Knowledge - INFO - Worker kw7 processing /app/data/T0015/270588/b1256qt/universalinit-270588/src/universalinit/templates/qwik/src/routes/service-worker.ts
2025-11-19 08:01:09,620 - Knowledge - INFO - Fast-tracked /app/data/T0015/270588/b1256qt/universalinit-270588/src/universalinit/templates/qwik/src/components/starter/infobox/infobox.tsx (ext=.tsx, size=263)
2025-11-19 08:01:09,717 - Knowledge - INFO - Worker kw9 processing /app/data/T0015/270588/b1256qt/universalinit-270588/src/universalinit/templates/nextjs/src/app/page.tsx
2025-11-19 08:01:09,831 - Knowledge - INFO - Batch sizing: calculated=12, max_allowed=25, queue=192, active_workers=9/11
2025-11-19 08:01:09,913 - Knowledge - INFO - [kw11] Queue=177, InProgress=0, PendingWorkers=9/11, Completed=0/312 (0.0%)
2025-11-19 08:01:10,022 - Knowledge - INFO - knowledge worker kw12 start
2025-11-19 08:01:10,023 - Knowledge - INFO - Worker kw13 created using shared MongoDB connection pool
2025-11-19 08:01:10,140 - Knowledge - INFO - Fast-tracked /app/data/T0015/270588/b1256qt/universalinit-270588/test/test_svelte_template.py (ext=.py, size=6347)
2025-11-19 08:01:10,224 - Knowledge - INFO - Worker kw2 processing /app/data/T0015/270588/b1256qt/universalinit-270588/test/test_qwik_template.py
2025-11-19 08:01:10,297 - Knowledge - INFO - Fast-tracked /app/data/T0015/270588/b1256qt/universalinit-270588/src/universalinit/templates/vue/src/assets/main.css (ext=.css, size=492)
2025-11-19 08:01:10,382 - Knowledge - INFO - Worker kw4 processing /app/data/T0015/270588/b1256qt/universalinit-270588/src/universalinit/templates/vite/src/main.js
2025-11-19 08:01:10,450 - Knowledge - INFO - Fast-tracked /app/data/T0015/270588/b1256qt/universalinit-270588/src/universalinit/templates/nativescript/app/app-root.xml (ext=.xml, size=39)
2025-11-19 08:01:10,566 - Knowledge - INFO - Worker kw6 processing /app/data/T0015/270588/b1256qt/universalinit-270588/src/universalinit/templates/nativescript/App_Resources/Android/app.gradle
2025-11-19 08:01:10,676 - Knowledge - INFO - Fast-tracked /app/data/T0015/270588/b1256qt/universalinit-270588/src/universalinit/templates/qwik/src/routes/service-worker.ts (ext=.ts, size=631)
2025-11-19 08:01:10,752 - Knowledge - INFO - Worker kw8 processing /app/data/T0015/270588/b1256qt/universalinit-270588/src/universalinit/templates/qwik/src/components/starter/next-steps/next-steps.tsx
2025-11-19 08:01:10,846 - Knowledge - INFO - Worker kw9 processing /app/data/T0015/270588/b1256qt/universalinit-270588/src/universalinit/templates/nextjs/src/app/globals.css
2025-11-19 08:01:10,922 - Knowledge - INFO - Worker kw10 processing /app/data/T0015/270588/b1256qt/universalinit-270588/src/universalinit/templates/angular/src/app/app.component.html
2025-11-19 08:01:11,004 - Knowledge - INFO - Batch sizing: calculated=12, max_allowed=25, queue=177, active_workers=10/12
2025-11-19 08:01:11,069 - Knowledge - INFO - [kw12] Queue=165, InProgress=0, PendingWorkers=10/12, Completed=0/312 (0.0%)
2025-11-19 08:01:11,180 - Knowledge - INFO - knowledge worker kw13 start
2025-11-19 08:01:11,180 - Knowledge - INFO - Worker kw14 created using shared MongoDB connection pool
2025-11-19 08:01:11,281 - Knowledge - INFO - Worker kw1 processing /app/data/T0015/270588/b1256qt/universalinit-270588/test/test_android_template.py
2025-11-19 08:01:11,379 - Knowledge - INFO - Fast-tracked /app/data/T0015/270588/b1256qt/universalinit-270588/test/test_qwik_template.py (ext=.py, size=6926)
2025-11-19 08:01:11,466 - Knowledge - INFO - Worker kw3 processing /app/data/T0015/270588/b1256qt/universalinit-270588/src/universalinit/templates/vue/src/assets/base.css
2025-11-19 08:01:11,552 - Knowledge - INFO - Fast-tracked /app/data/T0015/270588/b1256qt/universalinit-270588/src/universalinit/templates/vite/src/main.js (ext=.js, size=746)
2025-11-19 08:01:11,624 - Knowledge - INFO - Worker kw5 processing /app/data/T0015/270588/b1256qt/universalinit-270588/src/universalinit/templates/nativescript/app/home/home-page.xml
2025-11-19 08:01:11,777 - Knowledge - INFO - Fast-tracked /app/data/T0015/270588/b1256qt/universalinit-270588/src/universalinit/templates/nativescript/App_Resources/Android/app.gradle (ext=.gradle, size=436)
2025-11-19 08:01:11,881 - Knowledge - INFO - Worker kw7 processing /app/data/T0015/270588/b1256qt/universalinit-270588/src/universalinit/templates/qwik/src/routes/layout.tsx
2025-11-19 08:01:11,959 - Knowledge - INFO - Worker kw8 processing /app/data/T0015/270588/b1256qt/universalinit-270588/src/universalinit/templates/qwik/src/components/starter/next-steps/next-steps.module.css
2025-11-19 08:01:12,040 - Knowledge - INFO - Fast-tracked /app/data/T0015/270588/b1256qt/universalinit-270588/src/universalinit/templates/nextjs/src/app/globals.css (ext=.css, size=488)
2025-11-19 08:01:12,123 - Knowledge - INFO - Worker kw10 processing /app/data/T0015/270588/b1256qt/universalinit-270588/src/universalinit/templates/angular/src/app/app.component.ts
2025-11-19 08:01:12,241 - Knowledge - INFO - Worker kw11 processing /app/data/T0015/270588/b1256qt/universalinit-270588/src/universalinit/templates/angular/README.md
2025-11-19 08:01:12,333 - Knowledge - INFO - Batch sizing: calculated=12, max_allowed=25, queue=165, active_workers=11/13
2025-11-19 08:01:12,451 - Knowledge - INFO - [kw13] Queue=153, InProgress=0, PendingWorkers=11/13, Completed=0/312 (0.0%)
2025-11-19 08:01:12,517 - Knowledge - INFO - knowledge worker kw14 start
2025-11-19 08:01:12,518 - Knowledge - INFO - Worker kw15 created using shared MongoDB connection pool
2025-11-19 08:01:12,589 - Knowledge - INFO - Fast-tracked /app/data/T0015/270588/b1256qt/universalinit-270588/test/test_android_template.py (ext=.py, size=15198)
2025-11-19 08:01:12,675 - Knowledge - INFO - Worker kw2 processing /app/data/T0015/270588/b1256qt/universalinit-270588/test/test_express_template.py
2025-11-19 08:01:12,786 - Knowledge - INFO - Fast-tracked /app/data/T0015/270588/b1256qt/universalinit-270588/src/universalinit/templates/vue/src/assets/base.css (ext=.css, size=2067)
2025-11-19 08:01:12,858 - Knowledge - INFO - Worker kw4 processing /app/data/T0015/270588/b1256qt/universalinit-270588/src/universalinit/templates/vite/src/style.css
2025-11-19 08:01:12,973 - Knowledge - INFO - Fast-tracked /app/data/T0015/270588/b1256qt/universalinit-270588/src/universalinit/templates/nativescript/app/home/home-page.xml (ext=.xml, size=236)
2025-11-19 08:01:13,048 - Knowledge - INFO - Worker kw6 processing /app/data/T0015/270588/b1256qt/universalinit-270588/src/universalinit/templates/nativescript/App_Resources/Android/before-plugins.gradle
2025-11-19 08:01:13,121 - Knowledge - INFO - Fast-tracked /app/data/T0015/270588/b1256qt/universalinit-270588/src/universalinit/templates/qwik/src/routes/layout.tsx (ext=.tsx, size=1063)
2025-11-19 08:01:13,211 - Knowledge - INFO - Fast-tracked /app/data/T0015/270588/b1256qt/universalinit-270588/src/universalinit/templates/qwik/src/components/starter/next-steps/next-steps.module.css (ext=.css, size=604)
2025-11-19 08:01:13,348 - Knowledge - INFO - Worker kw9 processing /app/data/T0015/270588/b1256qt/universalinit-270588/src/universalinit/templates/nextjs/src/app/layout.tsx
2025-11-19 08:01:13,440 - Knowledge - INFO - Fast-tracked /app/data/T0015/270588/b1256qt/universalinit-270588/src/universalinit/templates/angular/src/app/app.component.ts (ext=.ts, size=283)
2025-11-19 08:01:13,552 - Knowledge - INFO - Fast-tracked /app/data/T0015/270588/b1256qt/universalinit-270588/src/universalinit/templates/angular/README.md (ext=.md, size=1470)
2025-11-19 08:01:13,629 - Knowledge - INFO - Worker kw12 processing /app/data/T0015/270588/b1256qt/universalinit-270588/src/universalinit/templates/flutter/test/widget_test.dart
2025-11-19 08:01:13,704 - Knowledge - INFO - Batch sizing: calculated=12, max_allowed=25, queue=153, active_workers=12/14
2025-11-19 08:01:13,775 - Knowledge - INFO - [kw14] Queue=141, InProgress=0, PendingWorkers=12/14, Completed=0/312 (0.0%)
2025-11-19 08:01:13,872 - Knowledge - INFO - knowledge worker kw15 start
2025-11-19 08:01:13,872 - Knowledge - INFO - Worker kw16 created using shared MongoDB connection pool
2025-11-19 08:01:13,965 - Knowledge - INFO - Worker kw1 processing /app/data/T0015/270588/b1256qt/universalinit-270588/test/test_lightningjs_template.py
2025-11-19 08:01:14,078 - Knowledge - INFO - Fast-tracked /app/data/T0015/270588/b1256qt/universalinit-270588/test/test_express_template.py (ext=.py, size=5930)
2025-11-19 08:01:14,149 - Knowledge - INFO - Worker kw3 processing /app/data/T0015/270588/b1256qt/universalinit-270588/src/universalinit/templates/vue/eslint.config.ts
2025-11-19 08:01:14,241 - Knowledge - INFO - Fast-tracked /app/data/T0015/270588/b1256qt/universalinit-270588/src/universalinit/templates/vite/src/style.css (ext=.css, size=1523)
2025-11-19 08:01:14,323 - Knowledge - INFO - Worker kw5 processing /app/data/T0015/270588/b1256qt/universalinit-270588/src/universalinit/templates/nativescript/app/home/home-view-model.js
2025-11-19 08:01:14,429 - Knowledge - INFO - Fast-tracked /app/data/T0015/270588/b1256qt/universalinit-270588/src/universalinit/templates/nativescript/App_Resources/Android/before-plugins.gradle (ext=.gradle, size=458)
2025-11-19 08:01:14,507 - Knowledge - INFO - Worker kw7 processing /app/data/T0015/270588/b1256qt/universalinit-270588/src/universalinit/templates/qwik/src/routes/styles.css
2025-11-19 08:01:14,583 - Knowledge - INFO - Worker kw8 processing /app/data/T0015/270588/b1256qt/universalinit-270588/src/universalinit/templates/qwik/src/components/starter/footer/footer.tsx
2025-11-19 08:01:14,655 - Knowledge - INFO - Fast-tracked /app/data/T0015/270588/b1256qt/universalinit-270588/src/universalinit/templates/nextjs/src/app/layout.tsx (ext=.tsx, size=689)
2025-11-19 08:01:14,749 - Knowledge - INFO - Worker kw10 processing /app/data/T0015/270588/b1256qt/universalinit-270588/src/universalinit/templates/angular/src/app/app.config.server.ts
2025-11-19 08:01:14,827 - Knowledge - INFO - Worker kw11 processing /app/data/T0015/270588/b1256qt/universalinit-270588/src/universalinit/templates/angular/eslint.config.mjs
2025-11-19 08:01:14,929 - Knowledge - INFO - Fast-tracked /app/data/T0015/270588/b1256qt/universalinit-270588/src/universalinit/templates/flutter/test/widget_test.dart (ext=.dart, size=658)
2025-11-19 08:01:15,012 - Knowledge - INFO - Worker kw13 processing /app/data/T0015/270588/b1256qt/universalinit-270588/src/universalinit/templates/kotlin/app/src/main/java/com/example/kotlin/FirstFragment.kt
2025-11-19 08:01:15,121 - Knowledge - INFO - Batch sizing: calculated=12, max_allowed=25, queue=141, active_workers=13/15
2025-11-19 08:01:15,206 - Knowledge - INFO - [kw15] Queue=129, InProgress=0, PendingWorkers=13/15, Completed=0/312 (0.0%)
2025-11-19 08:01:15,296 - Knowledge - INFO - knowledge worker kw16 start
2025-11-19 08:01:15,297 - Knowledge - INFO - Worker kw17 created using shared MongoDB connection pool
2025-11-19 08:01:15,381 - Knowledge - INFO - Fast-tracked /app/data/T0015/270588/b1256qt/universalinit-270588/test/test_lightningjs_template.py (ext=.py, size=6633)
2025-11-19 08:01:15,481 - Knowledge - INFO - Worker kw2 processing /app/data/T0015/270588/b1256qt/universalinit-270588/test/test_angular_template.py
2025-11-19 08:01:15,571 - Knowledge - INFO - Fast-tracked /app/data/T0015/270588/b1256qt/universalinit-270588/src/universalinit/templates/vue/eslint.config.ts (ext=.ts, size=949)
2025-11-19 08:01:15,643 - Knowledge - INFO - Worker kw4 processing /app/data/T0015/270588/b1256qt/universalinit-270588/src/universalinit/templates/vite/src/counter.js
2025-11-19 08:01:15,713 - Knowledge - INFO - Fast-tracked /app/data/T0015/270588/b1256qt/universalinit-270588/src/universalinit/templates/nativescript/app/home/home-view-model.js (ext=.js, size=189)
2025-11-19 08:01:15,806 - Knowledge - INFO - Worker kw6 processing /app/data/T0015/270588/b1256qt/universalinit-270588/src/universalinit/templates/nativescript/App_Resources/iOS/Assets.xcassets/Contents.json
2025-11-19 08:01:15,889 - Knowledge - INFO - Fast-tracked /app/data/T0015/270588/b1256qt/universalinit-270588/src/universalinit/templates/qwik/src/routes/styles.css (ext=.css, size=5892)
2025-11-19 08:01:15,956 - Knowledge - INFO - Fast-tracked /app/data/T0015/270588/b1256qt/universalinit-270588/src/universalinit/templates/qwik/src/components/starter/footer/footer.tsx (ext=.tsx, size=560)
2025-11-19 08:01:16,054 - Knowledge - INFO - Worker kw9 processing /app/data/T0015/270588/b1256qt/universalinit-270588/src/universalinit/templates/nextjs/next.config.ts
2025-11-19 08:01:16,129 - Knowledge - INFO - Fast-tracked /app/data/T0015/270588/b1256qt/universalinit-270588/src/universalinit/templates/angular/src/app/app.config.server.ts (ext=.ts, size=351)
2025-11-19 08:01:16,200 - Knowledge - INFO - Fast-tracked /app/data/T0015/270588/b1256qt/universalinit-270588/src/universalinit/templates/angular/eslint.config.mjs (ext=.mjs, size=967)
2025-11-19 08:01:16,269 - Knowledge - INFO - Worker kw12 processing /app/data/T0015/270588/b1256qt/universalinit-270588/src/universalinit/templates/flutter/config.yml
2025-11-19 08:01:16,345 - Knowledge - INFO - Fast-tracked /app/data/T0015/270588/b1256qt/universalinit-270588/src/universalinit/templates/kotlin/app/src/main/java/com/example/kotlin/FirstFragment.kt (ext=.kt, size=1227)
2025-11-19 08:01:16,434 - Knowledge - INFO - Worker kw14 processing /app/data/T0015/270588/b1256qt/universalinit-270588/src/universalinit/templates/kotlin/app/src/main/res/values-w600dp/dimens.xml
2025-11-19 08:01:16,541 - Knowledge - INFO - Batch sizing: calculated=12, max_allowed=25, queue=129, active_workers=14/16
2025-11-19 08:01:16,648 - Knowledge - INFO - [kw16] Queue=117, InProgress=0, PendingWorkers=14/16, Completed=0/312 (0.0%)
2025-11-19 08:01:16,751 - Knowledge - INFO - knowledge worker kw17 start
2025-11-19 08:01:16,751 - Knowledge - INFO - Worker kw18 created using shared MongoDB connection pool
2025-11-19 08:01:16,835 - Knowledge - INFO - Worker kw1 processing /app/data/T0015/270588/b1256qt/universalinit-270588/test/test_kotlin_template.py
2025-11-19 08:01:16,929 - Knowledge - INFO - Fast-tracked /app/data/T0015/270588/b1256qt/universalinit-270588/test/test_angular_template.py (ext=.py, size=6119)
2025-11-19 08:01:17,037 - Knowledge - INFO - Worker kw3 processing /app/data/T0015/270588/b1256qt/universalinit-270588/src/universalinit/templates/vue/tsconfig.app.json
2025-11-19 08:01:17,106 - Knowledge - INFO - Fast-tracked /app/data/T0015/270588/b1256qt/universalinit-270588/src/universalinit/templates/vite/src/counter.js (ext=.js, size=247)
2025-11-19 08:01:17,171 - Knowledge - INFO - Worker kw5 processing /app/data/T0015/270588/b1256qt/universalinit-270588/src/universalinit/templates/nativescript/app/home/home-page.js
2025-11-19 08:01:17,264 - Knowledge - INFO - Fast-tracked /app/data/T0015/270588/b1256qt/universalinit-270588/src/universalinit/templates/nativescript/App_Resources/iOS/Assets.xcassets/Contents.json (ext=.json, size=62)
2025-11-19 08:01:17,361 - Knowledge - INFO - Worker kw7 processing /app/data/T0015/270588/b1256qt/universalinit-270588/src/universalinit/templates/qwik/src/components/router-head/router-head.tsx
2025-11-19 08:01:17,449 - Knowledge - INFO - Worker kw8 processing /app/data/T0015/270588/b1256qt/universalinit-270588/src/universalinit/templates/qwik/src/components/starter/footer/footer.module.css
2025-11-19 08:01:17,539 - Knowledge - INFO - Fast-tracked /app/data/T0015/270588/b1256qt/universalinit-270588/src/universalinit/templates/nextjs/next.config.ts (ext=.ts, size=133)
2025-11-19 08:01:17,608 - Knowledge - INFO - Worker kw10 processing /app/data/T0015/270588/b1256qt/universalinit-270588/src/universalinit/templates/angular/src/styles.css
2025-11-19 08:01:17,689 - Knowledge - INFO - Worker kw11 processing /app/data/T0015/270588/b1256qt/universalinit-270588/src/universalinit/templates/express/src/services/health.js
2025-11-19 08:01:17,779 - Knowledge - INFO - Fast-tracked /app/data/T0015/270588/b1256qt/universalinit-270588/src/universalinit/templates/flutter/config.yml (ext=.yml, size=773)
2025-11-19 08:01:17,890 - Knowledge - INFO - Worker kw13 processing /app/data/T0015/270588/b1256qt/universalinit-270588/src/universalinit/templates/kotlin/app/src/main/java/com/example/kotlin/SecondFragment.kt
2025-11-19 08:01:18,002 - Knowledge - INFO - Fast-tracked /app/data/T0015/270588/b1256qt/universalinit-270588/src/universalinit/templates/kotlin/app/src/main/res/values-w600dp/dimens.xml (ext=.xml, size=66)
2025-11-19 08:01:18,073 - Knowledge - INFO - Worker kw15 processing /app/data/T0015/270588/b1256qt/universalinit-270588/src/universalinit/templates/kotlin/app/src/main/AndroidManifest.xml
2025-11-19 08:01:18,153 - Knowledge - INFO - Batch sizing: calculated=12, max_allowed=25, queue=117, active_workers=15/17
2025-11-19 08:01:18,229 - Knowledge - INFO - [kw17] Queue=105, InProgress=0, PendingWorkers=15/17, Completed=0/312 (0.0%)
2025-11-19 08:01:18,308 - Knowledge - INFO - knowledge worker kw18 start
2025-11-19 08:01:18,308 - Knowledge - INFO - Worker kw19 created using shared MongoDB connection pool
2025-11-19 08:01:18,386 - Knowledge - INFO - Fast-tracked /app/data/T0015/270588/b1256qt/universalinit-270588/test/test_kotlin_template.py (ext=.py, size=13224)
2025-11-19 08:01:18,498 - Knowledge - INFO - Worker kw2 processing /app/data/T0015/270588/b1256qt/universalinit-270588/test/test_flutter_template.py
2025-11-19 08:01:18,580 - Knowledge - INFO - Fast-tracked /app/data/T0015/270588/b1256qt/universalinit-270588/src/universalinit/templates/vue/tsconfig.app.json (ext=.json, size=289)
2025-11-19 08:01:18,649 - Knowledge - INFO - Worker kw4 processing /app/data/T0015/270588/b1256qt/universalinit-270588/src/universalinit/templates/vite/package.json
2025-11-19 08:01:18,731 - Knowledge - INFO - Fast-tracked /app/data/T0015/270588/b1256qt/universalinit-270588/src/universalinit/templates/nativescript/app/home/home-page.js (ext=.js, size=163)
2025-11-19 08:01:18,840 - Knowledge - INFO - Worker kw6 processing /app/data/T0015/270588/b1256qt/universalinit-270588/src/universalinit/templates/nativescript/App_Resources/iOS/Assets.xcassets/AppIcon.appiconset/Contents.json
2025-11-19 08:01:18,915 - Knowledge - INFO - Fast-tracked /app/data/T0015/270588/b1256qt/universalinit-270588/src/universalinit/templates/qwik/src/components/router-head/router-head.tsx (ext=.tsx, size=1204)
2025-11-19 08:01:18,987 - Knowledge - INFO - Fast-tracked /app/data/T0015/270588/b1256qt/universalinit-270588/src/universalinit/templates/qwik/src/components/starter/footer/footer.module.css (ext=.css, size=338)
2025-11-19 08:01:19,074 - Knowledge - INFO - Worker kw9 processing /app/data/T0015/270588/b1256qt/universalinit-270588/src/universalinit/templates/nextjs/package.json
2025-11-19 08:01:19,148 - Knowledge - INFO - Fast-tracked /app/data/T0015/270588/b1256qt/universalinit-270588/src/universalinit/templates/angular/src/styles.css (ext=.css, size=80)
2025-11-19 08:01:19,220 - Knowledge - INFO - Fast-tracked /app/data/T0015/270588/b1256qt/universalinit-270588/src/universalinit/templates/express/src/services/health.js (ext=.js, size=280)
2025-11-19 08:01:19,329 - Knowledge - INFO - Worker kw12 processing /app/data/T0015/270588/b1256qt/universalinit-270588/src/universalinit/templates/flutter/lib/main.dart
2025-11-19 08:01:19,410 - Knowledge - INFO - Fast-tracked /app/data/T0015/270588/b1256qt/universalinit-270588/src/universalinit/templates/kotlin/app/src/main/java/com/example/kotlin/SecondFragment.kt (ext=.kt, size=1231)
2025-11-19 08:01:19,488 - Knowledge - INFO - Worker kw14 processing /app/data/T0015/270588/b1256qt/universalinit-270588/src/universalinit/templates/kotlin/app/src/main/res/layout/activity_main.xml
2025-11-19 08:01:19,582 - Knowledge - INFO - Fast-tracked /app/data/T0015/270588/b1256qt/universalinit-270588/src/universalinit/templates/kotlin/app/src/main/AndroidManifest.xml (ext=.xml, size=978)
2025-11-19 08:01:19,706 - Knowledge - INFO - Worker kw16 processing /app/data/T0015/270588/b1256qt/universalinit-270588/src/universalinit/templates/lightningjs/config.yml
2025-11-19 08:01:19,811 - Knowledge - INFO - Batch sizing: calculated=12, max_allowed=25, queue=105, active_workers=16/18
2025-11-19 08:01:19,896 - Knowledge - INFO - [kw18] Queue=93, InProgress=0, PendingWorkers=16/18, Completed=0/312 (0.0%)
2025-11-19 08:01:19,961 - Knowledge - INFO - knowledge worker kw19 start
2025-11-19 08:01:19,961 - Knowledge - INFO - Worker kw20 created using shared MongoDB connection pool
2025-11-19 08:01:20,065 - Knowledge - INFO - Worker kw1 processing /app/data/T0015/270588/b1256qt/universalinit-270588/test/test_flask_template.py
2025-11-19 08:01:20,171 - Knowledge - INFO - Fast-tracked /app/data/T0015/270588/b1256qt/universalinit-270588/test/test_flutter_template.py (ext=.py, size=17178)
2025-11-19 08:01:20,274 - Knowledge - INFO - Worker kw3 processing /app/data/T0015/270588/b1256qt/universalinit-270588/src/universalinit/templates/vue/package.json
2025-11-19 08:01:20,351 - Knowledge - INFO - Fast-tracked /app/data/T0015/270588/b1256qt/universalinit-270588/src/universalinit/templates/vite/package.json (ext=.json, size=506)
2025-11-19 08:01:20,459 - Knowledge - INFO - Worker kw5 processing /app/data/T0015/270588/b1256qt/universalinit-270588/src/universalinit/templates/nativescript/nativescript.config.ts
2025-11-19 08:01:20,540 - Knowledge - INFO - Fast-tracked /app/data/T0015/270588/b1256qt/universalinit-270588/src/universalinit/templates/nativescript/App_Resources/iOS/Assets.xcassets/AppIcon.appiconset/Contents.json (ext=.json, size=2363)
2025-11-19 08:01:20,637 - Knowledge - INFO - Worker kw7 processing /app/data/T0015/270588/b1256qt/universalinit-270588/src/universalinit/templates/qwik/src/components/starter/counter/counter.tsx
2025-11-19 08:01:20,762 - Knowledge - INFO - Worker kw8 processing /app/data/T0015/270588/b1256qt/universalinit-270588/src/universalinit/templates/qwik/src/root.tsx
2025-11-19 08:01:20,862 - Knowledge - INFO - Fast-tracked /app/data/T0015/270588/b1256qt/universalinit-270588/src/universalinit/templates/nextjs/package.json (ext=.json, size=574)
2025-11-19 08:01:20,943 - Knowledge - INFO - Worker kw10 processing /app/data/T0015/270588/b1256qt/universalinit-270588/src/universalinit/templates/angular/src/index.html
2025-11-19 08:01:21,014 - Knowledge - INFO - Worker kw11 processing /app/data/T0015/270588/b1256qt/universalinit-270588/src/universalinit/templates/express/src/app.js
2025-11-19 08:01:21,135 - Knowledge - INFO - Fast-tracked /app/data/T0015/270588/b1256qt/universalinit-270588/src/universalinit/templates/flutter/lib/main.dart (ext=.dart, size=1326)
2025-11-19 08:01:21,238 - Knowledge - INFO - Worker kw13 processing /app/data/T0015/270588/b1256qt/universalinit-270588/src/universalinit/templates/kotlin/app/src/main/java/com/example/kotlin/MainActivity.kt
2025-11-19 08:01:21,316 - Knowledge - INFO - Fast-tracked /app/data/T0015/270588/b1256qt/universalinit-270588/src/universalinit/templates/kotlin/app/src/main/res/layout/activity_main.xml (ext=.xml, size=1356)
2025-11-19 08:01:21,386 - Knowledge - INFO - Worker kw15 processing /app/data/T0015/270588/b1256qt/universalinit-270588/src/universalinit/templates/kotlin/app/build.gradle.kts
2025-11-19 08:01:21,458 - Knowledge - INFO - Fast-tracked /app/data/T0015/270588/b1256qt/universalinit-270588/src/universalinit/templates/lightningjs/config.yml (ext=.yml, size=818)
2025-11-19 08:01:21,542 - Knowledge - INFO - Worker kw17 processing /app/data/T0015/270588/b1256qt/universalinit-270588/src/universalinit/templates/remix/package.json
2025-11-19 08:01:21,620 - Knowledge - INFO - Batch sizing: calculated=10, max_allowed=25, queue=93, active_workers=17/19
2025-11-19 08:01:21,734 - Knowledge - INFO - [kw19] Queue=81, InProgress=0, PendingWorkers=17/19, Completed=0/312 (0.0%)
2025-11-19 08:01:21,809 - Knowledge - INFO - knowledge worker kw20 start
2025-11-19 08:01:21,900 - Knowledge - INFO - Fast-tracked /app/data/T0015/270588/b1256qt/universalinit-270588/test/test_flask_template.py (ext=.py, size=5874)
2025-11-19 08:01:22,009 - Knowledge - INFO - Worker kw2 processing /app/data/T0015/270588/b1256qt/universalinit-270588/src/universalinit/universalinit.py
2025-11-19 08:01:22,122 - Knowledge - INFO - Fast-tracked /app/data/T0015/270588/b1256qt/universalinit-270588/src/universalinit/templates/vue/package.json (ext=.json, size=1165)
2025-11-19 08:01:22,182 - Knowledge - INFO - Worker kw4 processing /app/data/T0015/270588/b1256qt/universalinit-270588/src/universalinit/templates/vite/config.yml
2025-11-19 08:01:22,253 - Knowledge - INFO - Fast-tracked /app/data/T0015/270588/b1256qt/universalinit-270588/src/universalinit/templates/nativescript/nativescript.config.ts (ext=.ts, size=262)
2025-11-19 08:01:22,327 - Knowledge - INFO - Worker kw6 processing /app/data/T0015/270588/b1256qt/universalinit-270588/src/universalinit/templates/nativescript/App_Resources/iOS/Assets.xcassets/LaunchScreen.AspectFill.imageset/Contents.json
2025-11-19 08:01:22,417 - Knowledge - INFO - Fast-tracked /app/data/T0015/270588/b1256qt/universalinit-270588/src/universalinit/templates/qwik/src/components/starter/counter/counter.tsx (ext=.tsx, size=734)
2025-11-19 08:01:22,506 - Knowledge - INFO - Fast-tracked /app/data/T0015/270588/b1256qt/universalinit-270588/src/universalinit/templates/qwik/src/root.tsx (ext=.tsx, size=945)
2025-11-19 08:01:22,580 - Knowledge - INFO - Worker kw9 processing /app/data/T0015/270588/b1256qt/universalinit-270588/src/universalinit/templates/nextjs/config.yml
2025-11-19 08:01:22,652 - Knowledge - INFO - Fast-tracked /app/data/T0015/270588/b1256qt/universalinit-270588/src/universalinit/templates/angular/src/index.html (ext=.html, size=293)
2025-11-19 08:01:22,723 - Knowledge - INFO - Fast-tracked /app/data/T0015/270588/b1256qt/universalinit-270588/src/universalinit/templates/express/src/app.js (ext=.js, size=949)
2025-11-19 08:01:22,823 - Knowledge - INFO - Worker kw12 processing /app/data/T0015/270588/b1256qt/universalinit-270588/src/universalinit/templates/flask/run.py
2025-11-19 08:01:22,890 - Knowledge - INFO - Worker kw13 processing /app/data/T0015/270588/b1256qt/universalinit-270588/src/universalinit/templates/kotlin/app/src/main/res/values/colors.xml
2025-11-19 08:01:22,971 - Knowledge - INFO - Worker kw14 processing /app/data/T0015/270588/b1256qt/universalinit-270588/src/universalinit/templates/kotlin/app/src/main/res/layout/fragment_first.xml
2025-11-19 08:01:23,089 - Knowledge - INFO - Fast-tracked /app/data/T0015/270588/b1256qt/universalinit-270588/src/universalinit/templates/kotlin/app/build.gradle.kts (ext=.kts, size=1332)
2025-11-19 08:01:23,187 - Knowledge - INFO - Worker kw16 processing /app/data/T0015/270588/b1256qt/universalinit-270588/src/universalinit/templates/lightningjs/eslint.config.cjs
2025-11-19 08:01:23,270 - Knowledge - INFO - Fast-tracked /app/data/T0015/270588/b1256qt/universalinit-270588/src/universalinit/templates/remix/package.json (ext=.json, size=1235)
2025-11-19 08:01:23,346 - Knowledge - INFO - Worker kw18 processing /app/data/T0015/270588/b1256qt/universalinit-270588/src/universalinit/templates/remotion/src/HelloWorld/constants.ts
2025-11-19 08:01:23,425 - Knowledge - INFO - Batch sizing: calculated=10, max_allowed=25, queue=81, active_workers=18/20
2025-11-19 08:01:23,509 - Knowledge - INFO - [kw20] Queue=71, InProgress=0, PendingWorkers=18/20, Completed=0/312 (0.0%)
2025-11-19 08:01:23,635 - Knowledge - INFO - Worker kw1 processing /app/data/T0015/270588/b1256qt/universalinit-270588/test/test_integration.py
2025-11-19 08:01:23,708 - Knowledge - INFO - Worker kw2 processing /app/data/T0015/270588/b1256qt/universalinit-270588/src/universalinit/templates.py
2025-11-19 08:01:23,788 - Knowledge - INFO - Worker kw3 processing /app/data/T0015/270588/b1256qt/universalinit-270588/src/universalinit/templates/vue/tsconfig.vitest.json
2025-11-19 08:01:23,891 - Knowledge - INFO - Fast-tracked /app/data/T0015/270588/b1256qt/universalinit-270588/src/universalinit/templates/vite/config.yml (ext=.yml, size=811)
2025-11-19 08:01:23,996 - Knowledge - INFO - Worker kw5 processing /app/data/T0015/270588/b1256qt/universalinit-270588/src/universalinit/templates/nativescript/App_Resources/Android/src/main/res/values/colors.xml
2025-11-19 08:01:24,115 - Knowledge - INFO - Fast-tracked /app/data/T0015/270588/b1256qt/universalinit-270588/src/universalinit/templates/nativescript/App_Resources/iOS/Assets.xcassets/LaunchScreen.AspectFill.imageset/Contents.json (ext=.json, size=426)
2025-11-19 08:01:24,178 - Knowledge - INFO - Worker kw7 processing /app/data/T0015/270588/b1256qt/universalinit-270588/src/universalinit/templates/qwik/src/components/starter/counter/counter.module.css
2025-11-19 08:01:24,309 - Knowledge - INFO - Worker kw8 processing /app/data/T0015/270588/b1256qt/universalinit-270588/src/universalinit/templates/qwik/src/entry.ssr.tsx
2025-11-19 08:01:24,422 - Knowledge - INFO - Fast-tracked /app/data/T0015/270588/b1256qt/universalinit-270588/src/universalinit/templates/nextjs/config.yml (ext=.yml, size=826)
2025-11-19 08:01:24,538 - Knowledge - INFO - Worker kw10 processing /app/data/T0015/270588/b1256qt/universalinit-270588/src/universalinit/templates/angular/src/main.server.ts
2025-11-19 08:01:24,618 - Knowledge - INFO - Worker kw11 processing /app/data/T0015/270588/b1256qt/universalinit-270588/src/universalinit/templates/express/src/routes/index.js
2025-11-19 08:01:24,714 - Knowledge - INFO - Fast-tracked /app/data/T0015/270588/b1256qt/universalinit-270588/src/universalinit/templates/flask/run.py (ext=.py, size=62)
2025-11-19 08:01:24,780 - Knowledge - INFO - Fast-tracked /app/data/T0015/270588/b1256qt/universalinit-270588/src/universalinit/templates/kotlin/app/src/main/res/values/colors.xml (ext=.xml, size=147)
2025-11-19 08:01:24,858 - Knowledge - INFO - Fast-tracked /app/data/T0015/270588/b1256qt/universalinit-270588/src/universalinit/templates/kotlin/app/src/main/res/layout/fragment_first.xml (ext=.xml, size=1564)
2025-11-19 08:01:24,953 - Knowledge - INFO - Worker kw15 processing /app/data/T0015/270588/b1256qt/universalinit-270588/src/universalinit/templates/kotlin/app/proguard-rules.pro
2025-11-19 08:01:25,070 - Knowledge - INFO - Fast-tracked /app/data/T0015/270588/b1256qt/universalinit-270588/src/universalinit/templates/lightningjs/eslint.config.cjs (ext=.cjs, size=1218)
2025-11-19 08:01:25,151 - Knowledge - INFO - Worker kw17 processing /app/data/T0015/270588/b1256qt/universalinit-270588/src/universalinit/templates/remix/config.yml
2025-11-19 08:01:25,250 - Knowledge - INFO - Fast-tracked /app/data/T0015/270588/b1256qt/universalinit-270588/src/universalinit/templates/remotion/src/HelloWorld/constants.ts (ext=.ts, size=158)
2025-11-19 08:01:25,322 - Knowledge - INFO - Worker kw19 processing /app/data/T0015/270588/b1256qt/universalinit-270588/src/universalinit/templates/remotion/remotion.config.ts
2025-11-19 08:01:25,433 - Knowledge - INFO - Batch sizing: calculated=10, max_allowed=25, queue=71, active_workers=19/20
2025-11-19 08:01:25,546 - Knowledge - INFO - Fast-tracked /app/data/T0015/270588/b1256qt/universalinit-270588/test/test_integration.py (ext=.py, size=7898)
2025-11-19 08:01:25,654 - Knowledge - INFO - Fast-tracked /app/data/T0015/270588/b1256qt/universalinit-270588/src/universalinit/templates.py (ext=.py, size=939)
2025-11-19 08:01:25,768 - Knowledge - INFO - Fast-tracked /app/data/T0015/270588/b1256qt/universalinit-270588/src/universalinit/templates/vue/tsconfig.vitest.json (ext=.json, size=254)
2025-11-19 08:01:25,860 - Knowledge - INFO - Worker kw4 processing /app/data/T0015/270588/b1256qt/universalinit-270588/src/universalinit/templates/vite/tsconfig.json
2025-11-19 08:01:25,947 - Knowledge - INFO - Fast-tracked /app/data/T0015/270588/b1256qt/universalinit-270588/src/universalinit/templates/nativescript/App_Resources/Android/src/main/res/values/colors.xml (ext=.xml, size=604)
2025-11-19 08:01:26,025 - Knowledge - INFO - Worker kw6 processing /app/data/T0015/270588/b1256qt/universalinit-270588/src/universalinit/templates/nativescript/App_Resources/iOS/Assets.xcassets/LaunchScreen.Center.imageset/Contents.json
2025-11-19 08:01:26,102 - Knowledge - INFO - Fast-tracked /app/data/T0015/270588/b1256qt/universalinit-270588/src/universalinit/templates/qwik/src/components/starter/counter/counter.module.css (ext=.css, size=203)
2025-11-19 08:01:26,192 - Knowledge - INFO - Fast-tracked /app/data/T0015/270588/b1256qt/universalinit-270588/src/universalinit/templates/qwik/src/entry.ssr.tsx (ext=.tsx, size=765)
2025-11-19 08:01:26,261 - Knowledge - INFO - Worker kw9 processing /app/data/T0015/270588/b1256qt/universalinit-270588/src/universalinit/templates/nextjs/tsconfig.json
2025-11-19 08:01:26,355 - Knowledge - INFO - Fast-tracked /app/data/T0015/270588/b1256qt/universalinit-270588/src/universalinit/templates/angular/src/main.server.ts (ext=.ts, size=264)
2025-11-19 08:01:26,466 - Knowledge - INFO - Fast-tracked /app/data/T0015/270588/b1256qt/universalinit-270588/src/universalinit/templates/express/src/routes/index.js (ext=.js, size=940)
2025-11-19 08:01:26,563 - Knowledge - INFO - Worker kw12 processing /app/data/T0015/270588/b1256qt/universalinit-270588/src/universalinit/templates/flask/requirements.txt
2025-11-19 08:01:26,658 - Knowledge - INFO - Worker kw13 processing /app/data/T0015/270588/b1256qt/universalinit-270588/src/universalinit/templates/kotlin/app/src/main/res/values/strings.xml
2025-11-19 08:01:26,746 - Knowledge - INFO - Worker kw14 processing /app/data/T0015/270588/b1256qt/universalinit-270588/src/universalinit/templates/kotlin/app/src/main/res/layout/content_main.xml
2025-11-19 08:01:26,837 - Knowledge - INFO - Fast-tracked /app/data/T0015/270588/b1256qt/universalinit-270588/src/universalinit/templates/kotlin/app/proguard-rules.pro (ext=.pro, size=750)
2025-11-19 08:01:26,921 - Knowledge - INFO - Worker kw16 processing /app/data/T0015/270588/b1256qt/universalinit-270588/src/universalinit/templates/lightningjs/tsconfig.json
2025-11-19 08:01:27,021 - Knowledge - INFO - Fast-tracked /app/data/T0015/270588/b1256qt/universalinit-270588/src/universalinit/templates/remix/config.yml (ext=.yml, size=813)
2025-11-19 08:01:27,113 - Knowledge - INFO - Worker kw18 processing /app/data/T0015/270588/b1256qt/universalinit-270588/src/universalinit/templates/remotion/src/HelloWorld/Atom.tsx
2025-11-19 08:01:27,184 - Knowledge - INFO - Fast-tracked /app/data/T0015/270588/b1256qt/universalinit-270588/src/universalinit/templates/remotion/remotion.config.ts (ext=.ts, size=376)
2025-11-19 08:01:27,258 - Knowledge - INFO - Worker kw20 processing /app/data/T0015/270588/b1256qt/universalinit-270588/src/universalinit/templates/django/api/urls.py
2025-11-19 08:01:27,355 - Knowledge - INFO - Worker kw1 processing /app/data/T0015/270588/b1256qt/universalinit-270588/test/test_astro_template.py
2025-11-19 08:01:27,467 - Knowledge - INFO - Worker kw2 processing /app/data/T0015/270588/b1256qt/universalinit-270588/src/universalinit/templateconfig.py
2025-11-19 08:01:27,554 - Knowledge - INFO - Worker kw3 processing /app/data/T0015/270588/b1256qt/universalinit-270588/src/universalinit/templates/vue/config.yml
2025-11-19 08:01:27,663 - Knowledge - INFO - Fast-tracked /app/data/T0015/270588/b1256qt/universalinit-270588/src/universalinit/templates/vite/tsconfig.json (ext=.json, size=514)
2025-11-19 08:01:27,724 - Knowledge - INFO - Worker kw5 processing /app/data/T0015/270588/b1256qt/universalinit-270588/src/universalinit/templates/nativescript/App_Resources/Android/src/main/res/values/styles.xml
2025-11-19 08:01:27,803 - Knowledge - INFO - Fast-tracked /app/data/T0015/270588/b1256qt/universalinit-270588/src/universalinit/templates/nativescript/App_Resources/iOS/Assets.xcassets/LaunchScreen.Center.imageset/Contents.json (ext=.json, size=414)
2025-11-19 08:01:27,898 - Knowledge - INFO - Worker kw7 processing /app/data/T0015/270588/b1256qt/universalinit-270588/src/universalinit/templates/qwik/src/components/starter/icons/qwik.tsx
2025-11-19 08:01:28,015 - Knowledge - INFO - Worker kw8 processing /app/data/T0015/270588/b1256qt/universalinit-270588/src/universalinit/templates/qwik/src/entry.preview.tsx
2025-11-19 08:01:28,123 - Knowledge - INFO - Fast-tracked /app/data/T0015/270588/b1256qt/universalinit-270588/src/universalinit/templates/nextjs/tsconfig.json (ext=.json, size=602)
2025-11-19 08:01:28,199 - Knowledge - INFO - Worker kw10 processing /app/data/T0015/270588/b1256qt/universalinit-270588/src/universalinit/templates/angular/tsconfig.app.json
2025-11-19 08:01:28,301 - Knowledge - INFO - Worker kw11 processing /app/data/T0015/270588/b1256qt/universalinit-270588/src/universalinit/templates/express/src/server.js
2025-11-19 08:01:28,380 - Knowledge - INFO - Fast-tracked /app/data/T0015/270588/b1256qt/universalinit-270588/src/universalinit/templates/flask/requirements.txt (ext=.txt, size=324)
2025-11-19 08:01:28,480 - Knowledge - INFO - Fast-tracked /app/data/T0015/270588/b1256qt/universalinit-270588/src/universalinit/templates/kotlin/app/src/main/res/values/strings.xml (ext=.xml, size=3536)
2025-11-19 08:01:28,560 - Knowledge - INFO - Fast-tracked /app/data/T0015/270588/b1256qt/universalinit-270588/src/universalinit/templates/kotlin/app/src/main/res/layout/content_main.xml (ext=.xml, size=907)
2025-11-19 08:01:28,634 - Knowledge - INFO - Worker kw15 processing /app/data/T0015/270588/b1256qt/universalinit-270588/src/universalinit/templates/kotlin/build.gradle.kts
2025-11-19 08:01:28,722 - Knowledge - INFO - Fast-tracked /app/data/T0015/270588/b1256qt/universalinit-270588/src/universalinit/templates/lightningjs/tsconfig.json (ext=.json, size=199)
2025-11-19 08:01:28,805 - Knowledge - INFO - Worker kw17 processing /app/data/T0015/270588/b1256qt/universalinit-270588/src/universalinit/templates/remix/postcss.config.js
2025-11-19 08:01:28,881 - Knowledge - INFO - Fast-tracked /app/data/T0015/270588/b1256qt/universalinit-270588/src/universalinit/templates/remotion/src/HelloWorld/Atom.tsx (ext=.tsx, size=927)
2025-11-19 08:01:29,000 - Knowledge - INFO - Worker kw19 processing /app/data/T0015/270588/b1256qt/universalinit-270588/src/universalinit/templates/remotion/config.yml
2025-11-19 08:01:29,094 - Knowledge - INFO - Fast-tracked /app/data/T0015/270588/b1256qt/universalinit-270588/src/universalinit/templates/django/api/urls.py (ext=.py, size=118)
2025-11-19 08:01:29,208 - Knowledge - INFO - Fast-tracked /app/data/T0015/270588/b1256qt/universalinit-270588/test/test_astro_template.py (ext=.py, size=8764)
2025-11-19 08:01:29,320 - Knowledge - INFO - Worker kw2 processing /app/data/T0015/270588/b1256qt/universalinit-270588/src/universalinit/cli.py
2025-11-19 08:01:29,416 - Knowledge - INFO - Fast-tracked /app/data/T0015/270588/b1256qt/universalinit-270588/src/universalinit/templates/vue/config.yml (ext=.yml, size=850)
2025-11-19 08:01:29,495 - Knowledge - INFO - Worker kw4 processing /app/data/T0015/270588/b1256qt/universalinit-270588/src/universalinit/templates/vite/eslint.config.mjs
2025-11-19 08:01:29,584 - Knowledge - INFO - Fast-tracked /app/data/T0015/270588/b1256qt/universalinit-270588/src/universalinit/templates/nativescript/App_Resources/Android/src/main/res/values/styles.xml (ext=.xml, size=1710)
2025-11-19 08:01:29,675 - Knowledge - INFO - Worker kw6 processing /app/data/T0015/270588/b1256qt/universalinit-270588/src/universalinit/templates/nativescript/jsconfig.json
2025-11-19 08:01:29,785 - Knowledge - INFO - Worker kw7 processing /app/data/T0015/270588/b1256qt/universalinit-270588/src/universalinit/templates/qwik/src/components/starter/hero/hero.module.css
2025-11-19 08:01:29,850 - Knowledge - INFO - Fast-tracked /app/data/T0015/270588/b1256qt/universalinit-270588/src/universalinit/templates/qwik/src/entry.preview.tsx (ext=.tsx, size=652)
2025-11-19 08:01:29,931 - Knowledge - INFO - Worker kw9 processing /app/data/T0015/270588/b1256qt/universalinit-270588/src/universalinit/templates/nextjs/README.md
2025-11-19 08:01:29,998 - Knowledge - INFO - Fast-tracked /app/data/T0015/270588/b1256qt/universalinit-270588/src/universalinit/templates/angular/tsconfig.app.json (ext=.json, size=489)
2025-11-19 08:01:30,078 - Knowledge - INFO - Fast-tracked /app/data/T0015/270588/b1256qt/universalinit-270588/src/universalinit/templates/express/src/server.js (ext=.js, size=476)
2025-11-19 08:01:30,151 - Knowledge - INFO - Worker kw12 processing /app/data/T0015/270588/b1256qt/universalinit-270588/src/universalinit/templates/flask/config.yml
2025-11-19 08:01:30,254 - Knowledge - INFO - Worker kw13 processing /app/data/T0015/270588/b1256qt/universalinit-270588/src/universalinit/templates/kotlin/app/src/main/res/values/themes.xml
2025-11-19 08:01:30,344 - Knowledge - INFO - Worker kw14 processing /app/data/T0015/270588/b1256qt/universalinit-270588/src/universalinit/templates/kotlin/app/src/main/res/layout/fragment_second.xml
2025-11-19 08:01:30,454 - Knowledge - INFO - Fast-tracked /app/data/T0015/270588/b1256qt/universalinit-270588/src/universalinit/templates/kotlin/build.gradle.kts (ext=.kts, size=218)
2025-11-19 08:01:30,548 - Knowledge - INFO - Worker kw16 processing /app/data/T0015/270588/b1256qt/universalinit-270588/src/universalinit/templates/lightningjs/README.md
2025-11-19 08:01:30,647 - Knowledge - INFO - Fast-tracked /app/data/T0015/270588/b1256qt/universalinit-270588/src/universalinit/templates/remix/postcss.config.js (ext=.js, size=81)
2025-11-19 08:01:30,787 - Knowledge - INFO - Worker kw18 processing /app/data/T0015/270588/b1256qt/universalinit-270588/src/universalinit/templates/remotion/src/HelloWorld/Logo.tsx
2025-11-19 08:01:30,899 - Knowledge - INFO - Fast-tracked /app/data/T0015/270588/b1256qt/universalinit-270588/src/universalinit/templates/remotion/config.yml (ext=.yml, size=831)
2025-11-19 08:01:30,987 - Knowledge - INFO - Worker kw20 processing /app/data/T0015/270588/b1256qt/universalinit-270588/src/universalinit/templates/django/api/models.py
2025-11-19 08:01:31,076 - Knowledge - INFO - Worker kw1 processing /app/data/T0015/270588/b1256qt/universalinit-270588/test/test_remix_template.py
2025-11-19 08:01:31,184 - Knowledge - INFO - Worker kw2 processing /app/data/T0015/270588/b1256qt/universalinit-270588/src/universalinit/templates/vue/env.d.ts
2025-11-19 08:01:31,261 - Knowledge - INFO - Worker kw3 processing /app/data/T0015/270588/b1256qt/universalinit-270588/src/universalinit/templates/vue/vite.config.ts
2025-11-19 08:01:31,335 - Knowledge - INFO - Fast-tracked /app/data/T0015/270588/b1256qt/universalinit-270588/src/universalinit/templates/vite/eslint.config.mjs (ext=.mjs, size=772)
2025-11-19 08:01:31,421 - Knowledge - INFO - Worker kw5 processing /app/data/T0015/270588/b1256qt/universalinit-270588/src/universalinit/templates/nativescript/App_Resources/Android/src/main/res/values/ic_launcher_background.xml
2025-11-19 08:01:31,529 - Knowledge - INFO - Fast-tracked /app/data/T0015/270588/b1256qt/universalinit-270588/src/universalinit/templates/nativescript/jsconfig.json (ext=.json, size=147)
2025-11-19 08:01:31,609 - Knowledge - INFO - Fast-tracked /app/data/T0015/270588/b1256qt/universalinit-270588/src/universalinit/templates/qwik/src/components/starter/hero/hero.module.css (ext=.css, size=589)
2025-11-19 08:01:31,680 - Knowledge - INFO - Worker kw8 processing /app/data/T0015/270588/b1256qt/universalinit-270588/src/universalinit/templates/qwik/package.json
2025-11-19 08:01:31,791 - Knowledge - INFO - Fast-tracked /app/data/T0015/270588/b1256qt/universalinit-270588/src/universalinit/templates/nextjs/README.md (ext=.md, size=1450)
2025-11-19 08:01:31,852 - Knowledge - INFO - Worker kw10 processing /app/data/T0015/270588/b1256qt/universalinit-270588/src/universalinit/templates/angular/package.json
2025-11-19 08:01:31,930 - Knowledge - INFO - Worker kw11 processing /app/data/T0015/270588/b1256qt/universalinit-270588/src/universalinit/templates/express/src/middleware/index.js
2025-11-19 08:01:32,050 - Knowledge - INFO - Fast-tracked /app/data/T0015/270588/b1256qt/universalinit-270588/src/universalinit/templates/flask/config.yml (ext=.yml, size=990)
2025-11-19 08:01:32,165 - Knowledge - INFO - Fast-tracked /app/data/T0015/270588/b1256qt/universalinit-270588/src/universalinit/templates/kotlin/app/src/main/res/values/themes.xml (ext=.xml, size=390)
2025-11-19 08:01:32,246 - Knowledge - INFO - Fast-tracked /app/data/T0015/270588/b1256qt/universalinit-270588/src/universalinit/templates/kotlin/app/src/main/res/layout/fragment_second.xml (ext=.xml, size=1573)
2025-11-19 08:01:32,315 - Knowledge - INFO - Worker kw15 processing /app/data/T0015/270588/b1256qt/universalinit-270588/src/universalinit/templates/kotlin/gradle/libs.versions.toml
2025-11-19 08:01:32,378 - Knowledge - INFO - Fast-tracked /app/data/T0015/270588/b1256qt/universalinit-270588/src/universalinit/templates/lightningjs/README.md (ext=.md, size=1341)
2025-11-19 08:01:32,477 - Knowledge - INFO - Worker kw17 processing /app/data/T0015/270588/b1256qt/universalinit-270588/src/universalinit/templates/remix/app/entry.server.tsx
2025-11-19 08:01:32,591 - Knowledge - INFO - Fast-tracked /app/data/T0015/270588/b1256qt/universalinit-270588/src/universalinit/templates/remotion/src/HelloWorld/Logo.tsx (ext=.tsx, size=1736)
2025-11-19 08:01:32,658 - Knowledge - INFO - Worker kw19 processing /app/data/T0015/270588/b1256qt/universalinit-270588/src/universalinit/templates/remotion/tsconfig.json
2025-11-19 08:01:32,742 - Knowledge - INFO - Fast-tracked /app/data/T0015/270588/b1256qt/universalinit-270588/src/universalinit/templates/django/api/models.py (ext=.py, size=57)
2025-11-19 08:01:32,840 - Knowledge - INFO - Fast-tracked /app/data/T0015/270588/b1256qt/universalinit-270588/test/test_remix_template.py (ext=.py, size=7433)
2025-11-19 08:01:32,915 - Knowledge - INFO - Fast-tracked /app/data/T0015/270588/b1256qt/universalinit-270588/src/universalinit/templates/vue/env.d.ts (ext=.ts, size=38)
2025-11-19 08:01:32,980 - Knowledge - INFO - Fast-tracked /app/data/T0015/270588/b1256qt/universalinit-270588/src/universalinit/templates/vue/vite.config.ts (ext=.ts, size=633)
2025-11-19 08:01:33,094 - Knowledge - INFO - Worker kw4 processing /app/data/T0015/270588/b1256qt/universalinit-270588/src/universalinit/templates/vite/index.html
2025-11-19 08:01:33,179 - Knowledge - INFO - Fast-tracked /app/data/T0015/270588/b1256qt/universalinit-270588/src/universalinit/templates/nativescript/App_Resources/Android/src/main/res/values/ic_launcher_background.xml (ext=.xml, size=120)
2025-11-19 08:01:33,285 - Knowledge - INFO - Worker kw6 processing /app/data/T0015/270588/b1256qt/universalinit-270588/src/universalinit/templates/qwik/src/global.css
2025-11-19 08:01:33,366 - Knowledge - INFO - Worker kw7 processing /app/data/T0015/270588/b1256qt/universalinit-270588/src/universalinit/templates/qwik/src/components/starter/hero/hero.tsx
2025-11-19 08:01:33,458 - Knowledge - INFO - Fast-tracked /app/data/T0015/270588/b1256qt/universalinit-270588/src/universalinit/templates/qwik/package.json (ext=.json, size=1370)
2025-11-19 08:01:33,535 - Knowledge - INFO - Worker kw9 processing /app/data/T0015/270588/b1256qt/universalinit-270588/src/universalinit/templates/nextjs/eslint.config.mjs
2025-11-19 08:01:33,599 - Knowledge - INFO - Fast-tracked /app/data/T0015/270588/b1256qt/universalinit-270588/src/universalinit/templates/angular/package.json (ext=.json, size=1355)
2025-11-19 08:01:33,698 - Knowledge - INFO - Fast-tracked /app/data/T0015/270588/b1256qt/universalinit-270588/src/universalinit/templates/express/src/middleware/index.js (ext=.js, size=113)
2025-11-19 08:01:33,751 - Knowledge - INFO - Worker kw12 processing /app/data/T0015/270588/b1256qt/universalinit-270588/src/universalinit/templates/flask/app/routes/health.py
2025-11-19 08:01:33,880 - Knowledge - INFO - Worker kw13 processing /app/data/T0015/270588/b1256qt/universalinit-270588/src/universalinit/templates/kotlin/app/src/main/res/values/dimens.xml
2025-11-19 08:01:33,985 - Knowledge - INFO - Worker kw14 processing /app/data/T0015/270588/b1256qt/universalinit-270588/src/universalinit/templates/kotlin/app/src/main/res/xml/data_extraction_rules.xml
2025-11-19 08:01:34,108 - Knowledge - INFO - Fast-tracked /app/data/T0015/270588/b1256qt/universalinit-270588/src/universalinit/templates/kotlin/gradle/libs.versions.toml (ext=.toml, size=1398)
2025-11-19 08:01:34,173 - Knowledge - INFO - Worker kw16 processing /app/data/T0015/270588/b1256qt/universalinit-270588/src/universalinit/templates/lightningjs/index.html
2025-11-19 08:01:34,248 - Knowledge - INFO - Worker kw17 processing /app/data/T0015/270588/b1256qt/universalinit-270588/src/universalinit/templates/remix/app/entry.client.tsx
2025-11-19 08:01:34,348 - Knowledge - INFO - Worker kw18 processing /app/data/T0015/270588/b1256qt/universalinit-270588/src/universalinit/templates/remotion/src/HelloWorld/Subtitle.tsx
2025-11-19 08:01:34,469 - Knowledge - INFO - Fast-tracked /app/data/T0015/270588/b1256qt/universalinit-270588/src/universalinit/templates/remotion/tsconfig.json (ext=.json, size=333)
2025-11-19 08:01:34,582 - Knowledge - INFO - Worker kw20 processing /app/data/T0015/270588/b1256qt/universalinit-270588/src/universalinit/templates/django/api/apps.py
2025-11-19 08:01:34,669 - Knowledge - INFO - Worker kw1 processing /app/data/T0015/270588/b1256qt/universalinit-270588/test/test_remotion_template.py
2025-11-19 08:01:34,747 - Knowledge - INFO - Worker kw2 processing /app/data/T0015/270588/b1256qt/universalinit-270588/src/universalinit/templates/vue/vitest.config.ts
2025-11-19 08:01:34,833 - Knowledge - INFO - Worker kw3 processing /app/data/T0015/270588/b1256qt/universalinit-270588/src/universalinit/templates/vue/tsconfig.node.json
2025-11-19 08:01:34,915 - Knowledge - INFO - Fast-tracked /app/data/T0015/270588/b1256qt/universalinit-270588/src/universalinit/templates/vite/index.html (ext=.html, size=355)
2025-11-19 08:01:35,028 - Knowledge - INFO - Worker kw5 processing /app/data/T0015/270588/b1256qt/universalinit-270588/src/universalinit/templates/nativescript/App_Resources/Android/src/main/res/drawable/ic_launcher_foreground.xml
2025-11-19 08:01:35,138 - Knowledge - INFO - Fast-tracked /app/data/T0015/270588/b1256qt/universalinit-270588/src/universalinit/templates/qwik/src/global.css (ext=.css, size=898)
2025-11-19 08:01:35,204 - Knowledge - INFO - Worker kw7 processing /app/data/T0015/270588/b1256qt/universalinit-270588/src/universalinit/templates/qwik/src/components/starter/gauge/gauge.module.css
2025-11-19 08:01:35,270 - Knowledge - INFO - Worker kw8 processing /app/data/T0015/270588/b1256qt/universalinit-270588/src/universalinit/templates/qwik/qwik.env.d.ts
2025-11-19 08:01:35,340 - Knowledge - INFO - Fast-tracked /app/data/T0015/270588/b1256qt/universalinit-270588/src/universalinit/templates/nextjs/eslint.config.mjs (ext=.mjs, size=393)
2025-11-19 08:01:35,439 - Knowledge - INFO - Worker kw10 processing /app/data/T0015/270588/b1256qt/universalinit-270588/src/universalinit/templates/angular/angular.json
2025-11-19 08:01:35,514 - Knowledge - INFO - Worker kw11 processing /app/data/T0015/270588/b1256qt/universalinit-270588/src/universalinit/templates/express/src/controllers/health.js
2025-11-19 08:01:35,619 - Knowledge - INFO - Fast-tracked /app/data/T0015/270588/b1256qt/universalinit-270588/src/universalinit/templates/flask/app/routes/health.py (ext=.py, size=275)
2025-11-19 08:01:35,736 - Knowledge - INFO - Fast-tracked /app/data/T0015/270588/b1256qt/universalinit-270588/src/universalinit/templates/kotlin/app/src/main/res/values/dimens.xml (ext=.xml, size=66)
2025-11-19 08:01:35,819 - Knowledge - INFO - Fast-tracked /app/data/T0015/270588/b1256qt/universalinit-270588/src/universalinit/templates/kotlin/app/src/main/res/xml/data_extraction_rules.xml (ext=.xml, size=551)
2025-11-19 08:01:35,937 - Knowledge - INFO - Worker kw15 processing /app/data/T0015/270588/b1256qt/universalinit-270588/src/universalinit/templates/android/config.yml
2025-11-19 08:01:36,019 - Knowledge - INFO - Fast-tracked /app/data/T0015/270588/b1256qt/universalinit-270588/src/universalinit/templates/lightningjs/index.html (ext=.html, size=292)
2025-11-19 08:01:36,088 - Knowledge - INFO - Fast-tracked /app/data/T0015/270588/b1256qt/universalinit-270588/src/universalinit/templates/remix/app/entry.client.tsx (ext=.tsx, size=561)
2025-11-19 08:01:36,185 - Knowledge - INFO - Fast-tracked /app/data/T0015/270588/b1256qt/universalinit-270588/src/universalinit/templates/remotion/src/HelloWorld/Subtitle.tsx (ext=.tsx, size=646)
2025-11-19 08:01:36,290 - Knowledge - INFO - Worker kw19 processing /app/data/T0015/270588/b1256qt/universalinit-270588/src/universalinit/templates/remotion/README.md
2025-11-19 08:01:36,395 - Knowledge - INFO - Fast-tracked /app/data/T0015/270588/b1256qt/universalinit-270588/src/universalinit/templates/django/api/apps.py (ext=.py, size=138)
2025-11-19 08:01:36,514 - Knowledge - INFO - Fast-tracked /app/data/T0015/270588/b1256qt/universalinit-270588/test/test_remotion_template.py (ext=.py, size=6016)
2025-11-19 08:01:36,588 - Knowledge - INFO - Fast-tracked /app/data/T0015/270588/b1256qt/universalinit-270588/src/universalinit/templates/vue/vitest.config.ts (ext=.ts, size=382)
2025-11-19 08:01:36,658 - Knowledge - INFO - Fast-tracked /app/data/T0015/270588/b1256qt/universalinit-270588/src/universalinit/templates/vue/tsconfig.node.json (ext=.json, size=414)
2025-11-19 08:01:36,739 - Knowledge - INFO - Worker kw4 processing /app/data/T0015/270588/b1256qt/universalinit-270588/src/universalinit/templates/vite/vite.config.js
2025-11-19 08:01:36,851 - Knowledge - INFO - Fast-tracked /app/data/T0015/270588/b1256qt/universalinit-270588/src/universalinit/templates/nativescript/App_Resources/Android/src/main/res/drawable/ic_launcher_foreground.xml (ext=.xml, size=1229)
2025-11-19 08:01:36,954 - Knowledge - INFO - Worker kw6 processing /app/data/T0015/270588/b1256qt/universalinit-270588/src/universalinit/templates/qwik/src/entry.dev.tsx
2025-11-19 08:01:37,026 - Knowledge - INFO - Fast-tracked /app/data/T0015/270588/b1256qt/universalinit-270588/src/universalinit/templates/qwik/src/components/starter/gauge/gauge.module.css (ext=.css, size=342)
2025-11-19 08:01:37,126 - Knowledge - INFO - Fast-tracked /app/data/T0015/270588/b1256qt/universalinit-270588/src/universalinit/templates/qwik/qwik.env.d.ts (ext=.ts, size=221)
2025-11-19 08:01:37,232 - Knowledge - INFO - Worker kw9 processing /app/data/T0015/270588/b1256qt/universalinit-270588/src/universalinit/templates/nextjs/postcss.config.mjs
2025-11-19 08:01:37,329 - Knowledge - INFO - Fast-tracked /app/data/T0015/270588/b1256qt/universalinit-270588/src/universalinit/templates/angular/angular.json (ext=.json, size=2844)
2025-11-19 08:01:37,428 - Knowledge - INFO - Fast-tracked /app/data/T0015/270588/b1256qt/universalinit-270588/src/universalinit/templates/express/src/controllers/health.js (ext=.js, size=246)
2025-11-19 08:01:37,507 - Knowledge - INFO - Worker kw12 processing /app/data/T0015/270588/b1256qt/universalinit-270588/src/universalinit/templates/flask/app/__init__.py
2025-11-19 08:01:37,622 - Knowledge - INFO - Worker kw13 processing /app/data/T0015/270588/b1256qt/universalinit-270588/src/universalinit/templates/kotlin/app/src/main/res/navigation/nav_graph.xml
2025-11-19 08:01:37,683 - Knowledge - INFO - Worker kw14 processing /app/data/T0015/270588/b1256qt/universalinit-270588/src/universalinit/templates/kotlin/app/src/main/res/xml/backup_rules.xml
2025-11-19 08:01:37,786 - Knowledge - INFO - Fast-tracked /app/data/T0015/270588/b1256qt/universalinit-270588/src/universalinit/templates/android/config.yml (ext=.yml, size=876)
2025-11-19 08:01:37,882 - Knowledge - INFO - Worker kw16 processing /app/data/T0015/270588/b1256qt/universalinit-270588/src/universalinit/templates/lightningjs/vite.config.js
2025-11-19 08:01:37,955 - Knowledge - INFO - Worker kw17 processing /app/data/T0015/270588/b1256qt/universalinit-270588/src/universalinit/templates/remix/app/routes/_index.tsx
2025-11-19 08:01:38,062 - Knowledge - INFO - Worker kw18 processing /app/data/T0015/270588/b1256qt/universalinit-270588/src/universalinit/templates/remotion/src/HelloWorld/Arc.tsx
2025-11-19 08:01:38,135 - Knowledge - INFO - Fast-tracked /app/data/T0015/270588/b1256qt/universalinit-270588/src/universalinit/templates/remotion/README.md (ext=.md, size=1120)
2025-11-19 08:01:38,206 - Knowledge - INFO - Worker kw20 processing /app/data/T0015/270588/b1256qt/universalinit-270588/src/universalinit/templates/django/config.yml
2025-11-19 08:01:38,321 - Knowledge - INFO - Worker kw1 processing /app/data/T0015/270588/b1256qt/universalinit-270588/test/test_vue_template.py
2025-11-19 08:01:38,419 - Knowledge - INFO - Worker kw2 processing /app/data/T0015/270588/b1256qt/universalinit-270588/src/universalinit/templates/vue/src/stores/counter.ts
2025-11-19 08:01:38,500 - Knowledge - INFO - Worker kw3 processing /app/data/T0015/270588/b1256qt/universalinit-270588/src/universalinit/templates/vue/tsconfig.json
2025-11-19 08:01:38,574 - Knowledge - INFO - Fast-tracked /app/data/T0015/270588/b1256qt/universalinit-270588/src/universalinit/templates/vite/vite.config.js (ext=.js, size=314)
2025-11-19 08:01:38,662 - Knowledge - INFO - Worker kw5 processing /app/data/T0015/270588/b1256qt/universalinit-270588/src/universalinit/templates/nativescript/App_Resources/Android/src/main/res/values-v21/colors.xml
2025-11-19 08:01:38,766 - Knowledge - INFO - Fast-tracked /app/data/T0015/270588/b1256qt/universalinit-270588/src/universalinit/templates/qwik/src/entry.dev.tsx (ext=.tsx, size=588)
2025-11-19 08:01:38,875 - Knowledge - INFO - Worker kw7 processing /app/data/T0015/270588/b1256qt/universalinit-270588/src/universalinit/templates/qwik/src/components/starter/gauge/index.tsx
2025-11-19 08:01:38,938 - Knowledge - INFO - Worker kw8 processing /app/data/T0015/270588/b1256qt/universalinit-270588/src/universalinit/templates/qwik/config.yml
2025-11-19 08:01:39,008 - Knowledge - INFO - Fast-tracked /app/data/T0015/270588/b1256qt/universalinit-270588/src/universalinit/templates/nextjs/postcss.config.mjs (ext=.mjs, size=81)
2025-11-19 08:01:39,124 - Knowledge - INFO - Worker kw10 processing /app/data/T0015/270588/b1256qt/universalinit-270588/src/universalinit/templates/angular/config.yml
2025-11-19 08:01:39,196 - Knowledge - INFO - Worker kw11 processing /app/data/T0015/270588/b1256qt/universalinit-270588/src/universalinit/templates/express/package.json
2025-11-19 08:01:39,280 - Knowledge - INFO - Fast-tracked /app/data/T0015/270588/b1256qt/universalinit-270588/src/universalinit/templates/flask/app/__init__.py (ext=.py, size=516)
2025-11-19 08:01:39,394 - Knowledge - INFO - Fast-tracked /app/data/T0015/270588/b1256qt/universalinit-270588/src/universalinit/templates/kotlin/app/src/main/res/navigation/nav_graph.xml (ext=.xml, size=1040)
2025-11-19 08:01:39,470 - Knowledge - INFO - Fast-tracked /app/data/T0015/270588/b1256qt/universalinit-270588/src/universalinit/templates/kotlin/app/src/main/res/xml/backup_rules.xml (ext=.xml, size=478)
2025-11-19 08:01:39,620 - Knowledge - INFO - Worker kw15 processing /app/data/T0015/270588/b1256qt/universalinit-270588/src/universalinit/templates/android/init_script.sh
2025-11-19 08:01:39,692 - Knowledge - INFO - Fast-tracked /app/data/T0015/270588/b1256qt/universalinit-270588/src/universalinit/templates/lightningjs/vite.config.js (ext=.js, size=711)
2025-11-19 08:01:39,804 - Knowledge - INFO - Worker kw17 processing /app/data/T0015/270588/b1256qt/universalinit-270588/src/universalinit/templates/remix/app/root.tsx
2025-11-19 08:01:39,889 - Knowledge - INFO - Fast-tracked /app/data/T0015/270588/b1256qt/universalinit-270588/src/universalinit/templates/remotion/src/HelloWorld/Arc.tsx (ext=.tsx, size=1457)
2025-11-19 08:01:39,995 - Knowledge - INFO - Worker kw19 processing /app/data/T0015/270588/b1256qt/universalinit-270588/src/universalinit/templates/remotion/eslint.config.mjs
2025-11-19 08:01:40,092 - Knowledge - INFO - Fast-tracked /app/data/T0015/270588/b1256qt/universalinit-270588/src/universalinit/templates/django/config.yml (ext=.yml, size=1135)
2025-11-19 08:01:40,195 - Knowledge - INFO - Fast-tracked /app/data/T0015/270588/b1256qt/universalinit-270588/test/test_vue_template.py (ext=.py, size=5910)
2025-11-19 08:01:40,309 - Knowledge - INFO - Fast-tracked /app/data/T0015/270588/b1256qt/universalinit-270588/src/universalinit/templates/vue/src/stores/counter.ts (ext=.ts, size=306)
2025-11-19 08:01:40,386 - Knowledge - INFO - Fast-tracked /app/data/T0015/270588/b1256qt/universalinit-270588/src/universalinit/templates/vue/tsconfig.json (ext=.json, size=191)
2025-11-19 08:01:40,455 - Knowledge - INFO - Worker kw4 processing /app/data/T0015/270588/b1256qt/universalinit-270588/src/universalinit/templates/nativescript/package.json
2025-11-19 08:01:40,549 - Knowledge - INFO - Fast-tracked /app/data/T0015/270588/b1256qt/universalinit-270588/src/universalinit/templates/nativescript/App_Resources/Android/src/main/res/values-v21/colors.xml (ext=.xml, size=196)
2025-11-19 08:01:40,638 - Knowledge - INFO - Worker kw6 processing /app/data/T0015/270588/b1256qt/universalinit-270588/src/universalinit/templates/qwik/src/routes/index.tsx
2025-11-19 08:01:40,725 - Knowledge - INFO - Fast-tracked /app/data/T0015/270588/b1256qt/universalinit-270588/src/universalinit/templates/qwik/src/components/starter/gauge/index.tsx (ext=.tsx, size=1129)
2025-11-19 08:01:40,813 - Knowledge - INFO - Fast-tracked /app/data/T0015/270588/b1256qt/universalinit-270588/src/universalinit/templates/qwik/config.yml (ext=.yml, size=812)
2025-11-19 08:01:40,897 - Knowledge - INFO - Worker kw9 processing /app/data/T0015/270588/b1256qt/universalinit-270588/src/universalinit/templates/angular/src/server.ts
2025-11-19 08:01:40,959 - Knowledge - INFO - Fast-tracked /app/data/T0015/270588/b1256qt/universalinit-270588/src/universalinit/templates/angular/config.yml (ext=.yml, size=844)
2025-11-19 08:01:41,028 - Knowledge - INFO - Fast-tracked /app/data/T0015/270588/b1256qt/universalinit-270588/src/universalinit/templates/express/package.json (ext=.json, size=644)
2025-11-19 08:01:41,134 - Knowledge - INFO - Worker kw12 processing /app/data/T0015/270588/b1256qt/universalinit-270588/src/universalinit/templates/kotlin/config.yml
2025-11-19 08:01:41,209 - Knowledge - INFO - Worker kw13 processing /app/data/T0015/270588/b1256qt/universalinit-270588/src/universalinit/templates/kotlin/app/src/main/res/values-v23/themes.xml
2025-11-19 08:01:41,295 - Knowledge - INFO - Worker kw14 processing /app/data/T0015/270588/b1256qt/universalinit-270588/src/universalinit/templates/kotlin/app/src/main/res/mipmap-anydpi-v26/ic_launcher.xml
2025-11-19 08:01:41,363 - Knowledge - INFO - Worker kw15 processing /app/data/T0015/270588/b1256qt/universalinit-270588/src/universalinit/templates/lightningjs/src/pages/Home.ts
2025-11-19 08:01:41,443 - Knowledge - INFO - Worker kw16 processing /app/data/T0015/270588/b1256qt/universalinit-270588/src/universalinit/templates/astro/package.json
2025-11-19 08:01:41,531 - Knowledge - INFO - Fast-tracked /app/data/T0015/270588/b1256qt/universalinit-270588/src/universalinit/templates/remix/app/root.tsx (ext=.tsx, size=991)
2025-11-19 08:01:41,626 - Knowledge - INFO - Worker kw18 processing /app/data/T0015/270588/b1256qt/universalinit-270588/src/universalinit/templates/remotion/src/HelloWorld/Title.tsx
2025-11-19 08:01:41,726 - Knowledge - INFO - Fast-tracked /app/data/T0015/270588/b1256qt/universalinit-270588/src/universalinit/templates/remotion/eslint.config.mjs (ext=.mjs, size=784)
2025-11-19 08:01:41,828 - Knowledge - INFO - Worker kw20 processing /app/data/T0015/270588/b1256qt/universalinit-270588/src/universalinit/templates/django/config/settings.py
2025-11-19 08:01:41,898 - Knowledge - INFO - Worker kw1 processing /app/data/T0015/270588/b1256qt/universalinit-270588/test/test_fastapi_template.py
2025-11-19 08:01:42,050 - Knowledge - INFO - Worker kw3 processing /app/data/T0015/270588/b1256qt/universalinit-270588/src/universalinit/templates/vue/README.md
2025-11-19 08:01:42,124 - Knowledge - INFO - Fast-tracked /app/data/T0015/270588/b1256qt/universalinit-270588/src/universalinit/templates/nativescript/package.json (ext=.json, size=257)
2025-11-19 08:01:42,218 - Knowledge - INFO - Worker kw5 processing /app/data/T0015/270588/b1256qt/universalinit-270588/src/universalinit/templates/nativescript/App_Resources/Android/src/main/res/values-v21/styles.xml
2025-11-19 08:01:42,291 - Knowledge - INFO - Worker kw6 processing /app/data/T0015/270588/b1256qt/universalinit-270588/src/universalinit/templates/qwik/src/routes/demo/todolist/index.tsx
2025-11-19 08:01:42,366 - Knowledge - INFO - Worker kw7 processing /app/data/T0015/270588/b1256qt/universalinit-270588/src/universalinit/templates/qwik/src/components/starter/header/header.module.css
2025-11-19 08:01:42,454 - Knowledge - INFO - Worker kw8 processing /app/data/T0015/270588/b1256qt/universalinit-270588/src/universalinit/templates/qwik/vite.config.ts
2025-11-19 08:01:42,570 - Knowledge - INFO - Fast-tracked /app/data/T0015/270588/b1256qt/universalinit-270588/src/universalinit/templates/angular/src/server.ts (ext=.ts, size=1785)
2025-11-19 08:01:42,658 - Knowledge - INFO - Worker kw10 processing /app/data/T0015/270588/b1256qt/universalinit-270588/src/universalinit/templates/angular/tsconfig.spec.json
2025-11-19 08:01:42,757 - Knowledge - INFO - Worker kw11 processing /app/data/T0015/270588/b1256qt/universalinit-270588/src/universalinit/templates/express/config.yml
2025-11-19 08:01:42,843 - Knowledge - INFO - Fast-tracked /app/data/T0015/270588/b1256qt/universalinit-270588/src/universalinit/templates/kotlin/config.yml (ext=.yml, size=821)
2025-11-19 08:01:42,943 - Knowledge - INFO - Fast-tracked /app/data/T0015/270588/b1256qt/universalinit-270588/src/universalinit/templates/kotlin/app/src/main/res/values-v23/themes.xml (ext=.xml, size=439)
2025-11-19 08:01:43,046 - Knowledge - INFO - Fast-tracked /app/data/T0015/270588/b1256qt/universalinit-270588/src/universalinit/templates/kotlin/app/src/main/res/mipmap-anydpi-v26/ic_launcher.xml (ext=.xml, size=343)
2025-11-19 08:01:43,126 - Knowledge - INFO - Worker kw15 processing /app/data/T0015/270588/b1256qt/universalinit-270588/src/universalinit/templates/lightningjs/src/App.ts
2025-11-19 08:01:43,208 - Knowledge - INFO - Fast-tracked /app/data/T0015/270588/b1256qt/universalinit-270588/src/universalinit/templates/astro/package.json (ext=.json, size=543)
2025-11-19 08:01:43,271 - Knowledge - INFO - Worker kw17 processing /app/data/T0015/270588/b1256qt/universalinit-270588/src/universalinit/templates/remix/app/tailwind.css
2025-11-19 08:01:43,338 - Knowledge - INFO - Fast-tracked /app/data/T0015/270588/b1256qt/universalinit-270588/src/universalinit/templates/remotion/src/HelloWorld/Title.tsx (ext=.tsx, size=1208)
2025-11-19 08:01:43,442 - Knowledge - INFO - Worker kw19 processing /app/data/T0015/270588/b1256qt/universalinit-270588/src/universalinit/templates/django/manage.py
2025-11-19 08:01:43,564 - Knowledge - INFO - Worker kw20 processing /app/data/T0015/270588/b1256qt/universalinit-270588/src/universalinit/templates/django/config/wsgi.py
2025-11-19 08:01:43,634 - Knowledge - INFO - Fast-tracked /app/data/T0015/270588/b1256qt/universalinit-270588/test/test_fastapi_template.py (ext=.py, size=5930)
2025-11-19 08:01:43,711 - Knowledge - INFO - Fast-tracked /app/data/T0015/270588/b1256qt/universalinit-270588/src/universalinit/templates/vue/README.md (ext=.md, size=1008)
2025-11-19 08:01:43,856 - Knowledge - INFO - Worker kw4 processing /app/data/T0015/270588/b1256qt/universalinit-270588/src/universalinit/templates/nativescript/webpack.config.js
2025-11-19 08:01:43,924 - Knowledge - INFO - Fast-tracked /app/data/T0015/270588/b1256qt/universalinit-270588/src/universalinit/templates/nativescript/App_Resources/Android/src/main/res/values-v21/styles.xml (ext=.xml, size=1544)
2025-11-19 08:01:43,997 - Knowledge - INFO - Fast-tracked /app/data/T0015/270588/b1256qt/universalinit-270588/src/universalinit/templates/qwik/src/routes/demo/todolist/index.tsx (ext=.tsx, size=1700)
2025-11-19 08:01:44,108 - Knowledge - INFO - Fast-tracked /app/data/T0015/270588/b1256qt/universalinit-270588/src/universalinit/templates/qwik/src/components/starter/header/header.module.css (ext=.css, size=559)
2025-11-19 08:01:44,179 - Knowledge - INFO - Worker kw8 processing /app/data/T0015/270588/b1256qt/universalinit-270588/src/universalinit/templates/qwik/tsconfig.json
2025-11-19 08:01:44,279 - Knowledge - INFO - Worker kw9 processing /app/data/T0015/270588/b1256qt/universalinit-270588/src/universalinit/templates/angular/src/main.ts
2025-11-19 08:01:44,346 - Knowledge - INFO - Fast-tracked /app/data/T0015/270588/b1256qt/universalinit-270588/src/universalinit/templates/angular/tsconfig.spec.json (ext=.json, size=434)
2025-11-19 08:01:44,423 - Knowledge - INFO - Fast-tracked /app/data/T0015/270588/b1256qt/universalinit-270588/src/universalinit/templates/express/config.yml (ext=.yml, size=802)
2025-11-19 08:01:44,505 - Knowledge - INFO - Worker kw12 processing /app/data/T0015/270588/b1256qt/universalinit-270588/src/universalinit/templates/kotlin/settings.gradle.kts
2025-11-19 08:01:44,598 - Knowledge - INFO - Worker kw13 processing /app/data/T0015/270588/b1256qt/universalinit-270588/src/universalinit/templates/kotlin/app/src/main/res/values-land/dimens.xml
2025-11-19 08:01:44,681 - Knowledge - INFO - Worker kw14 processing /app/data/T0015/270588/b1256qt/universalinit-270588/src/universalinit/templates/kotlin/app/src/main/res/mipmap-anydpi-v26/ic_launcher_round.xml
2025-11-19 08:01:44,785 - Knowledge - INFO - Fast-tracked /app/data/T0015/270588/b1256qt/universalinit-270588/src/universalinit/templates/lightningjs/src/App.ts (ext=.ts, size=221)
2025-11-19 08:01:44,853 - Knowledge - INFO - Worker kw16 processing /app/data/T0015/270588/b1256qt/universalinit-270588/src/universalinit/templates/astro/config.yml
2025-11-19 08:01:44,923 - Knowledge - INFO - Fast-tracked /app/data/T0015/270588/b1256qt/universalinit-270588/src/universalinit/templates/remix/app/tailwind.css (ext=.css, size=180)
2025-11-19 08:01:45,047 - Knowledge - INFO - Worker kw18 processing /app/data/T0015/270588/b1256qt/universalinit-270588/src/universalinit/templates/remotion/src/Root.tsx
2025-11-19 08:01:45,142 - Knowledge - INFO - Fast-tracked /app/data/T0015/270588/b1256qt/universalinit-270588/src/universalinit/templates/django/manage.py (ext=.py, size=662)
2025-11-19 08:01:45,221 - Knowledge - INFO - Fast-tracked /app/data/T0015/270588/b1256qt/universalinit-270588/src/universalinit/templates/django/config/wsgi.py (ext=.py, size=389)
2025-11-19 08:01:45,392 - Knowledge - INFO - Processing batch of 15 files
2025-11-19 08:01:45,417 - Knowledge - INFO - Worker kw3 processing /app/data/T0015/270588/b1256qt/universalinit-270588/src/universalinit/templates/vue/index.html
2025-11-19 08:01:45,493 - Knowledge - INFO - Fast-tracked /app/data/T0015/270588/b1256qt/universalinit-270588/src/universalinit/templates/nativescript/webpack.config.js (ext=.js, size=207)
2025-11-19 08:01:45,618 - Knowledge - INFO - Worker kw5 processing /app/data/T0015/270588/b1256qt/universalinit-270588/src/universalinit/templates/nativescript/App_Resources/Android/src/main/res/values-v29/styles.xml
2025-11-19 08:01:45,707 - Knowledge - INFO - Worker kw6 processing /app/data/T0015/270588/b1256qt/universalinit-270588/src/universalinit/templates/qwik/src/routes/demo/todolist/todolist.module.css
2025-11-19 08:01:45,811 - Knowledge - INFO - Worker kw7 processing /app/data/T0015/270588/b1256qt/universalinit-270588/src/universalinit/templates/qwik/src/components/starter/header/header.tsx
2025-11-19 08:01:45,889 - Knowledge - INFO - Fast-tracked /app/data/T0015/270588/b1256qt/universalinit-270588/src/universalinit/templates/qwik/tsconfig.json (ext=.json, size=637)
2025-11-19 08:01:45,982 - Knowledge - INFO - Fast-tracked /app/data/T0015/270588/b1256qt/universalinit-270588/src/universalinit/templates/angular/src/main.ts (ext=.ts, size=250)
2025-11-19 08:01:46,099 - Knowledge - INFO - Worker kw10 processing /app/data/T0015/270588/b1256qt/universalinit-270588/src/universalinit/templates/angular/tsconfig.json
2025-11-19 08:01:46,208 - Knowledge - INFO - Worker kw11 processing /app/data/T0015/270588/b1256qt/universalinit-270588/src/universalinit/templates/express/eslint.config.js
2025-11-19 08:01:46,307 - Knowledge - INFO - Fast-tracked /app/data/T0015/270588/b1256qt/universalinit-270588/src/universalinit/templates/kotlin/settings.gradle.kts (ext=.kts, size=530)
2025-11-19 08:01:46,391 - Knowledge - INFO - Fast-tracked /app/data/T0015/270588/b1256qt/universalinit-270588/src/universalinit/templates/kotlin/app/src/main/res/values-land/dimens.xml (ext=.xml, size=66)
2025-11-19 08:01:46,512 - Knowledge - INFO - Fast-tracked /app/data/T0015/270588/b1256qt/universalinit-270588/src/universalinit/templates/kotlin/app/src/main/res/mipmap-anydpi-v26/ic_launcher_round.xml (ext=.xml, size=343)
2025-11-19 08:01:46,607 - Knowledge - INFO - Worker kw15 processing /app/data/T0015/270588/b1256qt/universalinit-270588/src/universalinit/templates/lightningjs/src/components/Loader.ts
2025-11-19 08:01:46,720 - Knowledge - INFO - Fast-tracked /app/data/T0015/270588/b1256qt/universalinit-270588/src/universalinit/templates/astro/config.yml (ext=.yml, size=810)
2025-11-19 08:01:46,809 - Knowledge - INFO - Worker kw17 processing /app/data/T0015/270588/b1256qt/universalinit-270588/src/universalinit/templates/remix/vite.config.ts
2025-11-19 08:01:46,890 - Knowledge - INFO - Fast-tracked /app/data/T0015/270588/b1256qt/universalinit-270588/src/universalinit/templates/remotion/src/Root.tsx (ext=.tsx, size=1324)
2025-11-19 08:01:46,970 - Knowledge - INFO - Worker kw19 processing /app/data/T0015/270588/b1256qt/universalinit-270588/src/universalinit/templates/django/requirements.txt
2025-11-19 08:01:47,041 - Knowledge - INFO - Worker kw20 processing /app/data/T0015/270588/b1256qt/universalinit-270588/src/universalinit/templates/django/config/urls.py
2025-11-19 08:01:47,119 - Knowledge - INFO - process ingested knowledge for /app/data/T0015/270588/b1256qt/universalinit-270588/test/test_nuxt_template.py
2025-11-19 08:01:47,196 - Knowledge - INFO - Fast-tracked /app/data/T0015/270588/b1256qt/universalinit-270588/src/universalinit/templates/vue/index.html (ext=.html, size=329)
2025-11-19 08:01:47,279 - Knowledge - INFO - Worker kw4 processing /app/data/T0015/270588/b1256qt/universalinit-270588/src/universalinit/templates/nativescript/config.yml
2025-11-19 08:01:47,359 - Knowledge - INFO - Fast-tracked /app/data/T0015/270588/b1256qt/universalinit-270588/src/universalinit/templates/nativescript/App_Resources/Android/src/main/res/values-v29/styles.xml (ext=.xml, size=573)
2025-11-19 08:01:47,441 - Knowledge - INFO - Fast-tracked /app/data/T0015/270588/b1256qt/universalinit-270588/src/universalinit/templates/qwik/src/routes/demo/todolist/todolist.module.css (ext=.css, size=565)
2025-11-19 08:01:47,545 - Knowledge - INFO - Fast-tracked /app/data/T0015/270588/b1256qt/universalinit-270588/src/universalinit/templates/qwik/src/components/starter/header/header.tsx (ext=.tsx, size=1063)
2025-11-19 08:01:47,627 - Knowledge - INFO - Worker kw8 processing /app/data/T0015/270588/b1256qt/universalinit-270588/src/universalinit/templates/qwik/README.md
2025-11-19 08:01:47,763 - Knowledge - INFO - Worker kw9 processing /app/data/T0015/270588/b1256qt/universalinit-270588/src/universalinit/templates/angular/src/app/app.component.spec.ts
2025-11-19 08:01:47,883 - Knowledge - INFO - Fast-tracked /app/data/T0015/270588/b1256qt/universalinit-270588/src/universalinit/templates/angular/tsconfig.json (ext=.json, size=915)
2025-11-19 08:01:47,985 - Knowledge - INFO - Fast-tracked /app/data/T0015/270588/b1256qt/universalinit-270588/src/universalinit/templates/express/eslint.config.js (ext=.js, size=352)
2025-11-19 08:01:48,089 - Knowledge - INFO - Worker kw12 processing /app/data/T0015/270588/b1256qt/universalinit-270588/src/universalinit/templates/kotlin/app/src/test/java/com/example/kotlin/ExampleUnitTest.kt
2025-11-19 08:01:48,184 - Knowledge - INFO - Worker kw13 processing /app/data/T0015/270588/b1256qt/universalinit-270588/src/universalinit/templates/kotlin/app/src/main/res/drawable/ic_launcher_foreground.xml
2025-11-19 08:01:48,263 - Knowledge - INFO - Worker kw14 processing /app/data/T0015/270588/b1256qt/universalinit-270588/src/universalinit/templates/kotlin/app/src/main/res/menu/menu_main.xml
2025-11-19 08:01:48,368 - Knowledge - INFO - Fast-tracked /app/data/T0015/270588/b1256qt/universalinit-270588/src/universalinit/templates/lightningjs/src/components/Loader.ts (ext=.ts, size=938)
2025-11-19 08:01:48,471 - Knowledge - INFO - Worker kw16 processing /app/data/T0015/270588/b1256qt/universalinit-270588/src/universalinit/templates/astro/tsconfig.json
2025-11-19 08:01:48,549 - Knowledge - INFO - Fast-tracked /app/data/T0015/270588/b1256qt/universalinit-270588/src/universalinit/templates/remix/vite.config.ts (ext=.ts, size=551)
2025-11-19 08:01:48,632 - Knowledge - INFO - Worker kw18 processing /app/data/T0015/270588/b1256qt/universalinit-270588/src/universalinit/templates/remotion/src/HelloWorld.tsx
2025-11-19 08:01:48,733 - Knowledge - INFO - Fast-tracked /app/data/T0015/270588/b1256qt/universalinit-270588/src/universalinit/templates/django/requirements.txt (ext=.txt, size=291)
2025-11-19 08:01:48,816 - Knowledge - INFO - Fast-tracked /app/data/T0015/270588/b1256qt/universalinit-270588/src/universalinit/templates/django/config/urls.py (ext=.py, size=1445)
2025-11-19 08:01:48,875 - Knowledge - INFO - process ingested knowledge for /app/data/T0015/270588/b1256qt/universalinit-270588/test/test_typescript_template.py
2025-11-19 08:01:48,999 - Knowledge - INFO - Processing batch of 15 files
2025-11-19 08:01:49,065 - Knowledge - INFO - Fast-tracked /app/data/T0015/270588/b1256qt/universalinit-270588/src/universalinit/templates/nativescript/config.yml (ext=.yml, size=1316)
2025-11-19 08:01:49,138 - Knowledge - INFO - Worker kw5 processing /app/data/T0015/270588/b1256qt/universalinit-270588/src/universalinit/templates/nativescript/App_Resources/Android/src/main/res/mipmap-anydpi-v26/ic_launcher.xml
2025-11-19 08:01:49,240 - Knowledge - INFO - Worker kw6 processing /app/data/T0015/270588/b1256qt/universalinit-270588/src/universalinit/templates/qwik/src/routes/demo/flower/flower.css
2025-11-19 08:01:49,317 - Knowledge - INFO - Worker kw7 processing /app/data/T0015/270588/b1256qt/universalinit-270588/src/universalinit/templates/qwik/src/components/starter/infobox/infobox.module.css
2025-11-19 08:01:49,419 - Knowledge - INFO - Fast-tracked /app/data/T0015/270588/b1256qt/universalinit-270588/src/universalinit/templates/qwik/README.md (ext=.md, size=2496)
2025-11-19 08:01:49,526 - Knowledge - INFO - Fast-tracked /app/data/T0015/270588/b1256qt/universalinit-270588/src/universalinit/templates/angular/src/app/app.component.spec.ts (ext=.ts, size=919)
2025-11-19 08:01:49,677 - Knowledge - INFO - Worker kw11 processing /app/data/T0015/270588/b1256qt/universalinit-270588/src/universalinit/templates/express/swagger.js
2025-11-19 08:01:49,753 - Knowledge - INFO - Fast-tracked /app/data/T0015/270588/b1256qt/universalinit-270588/src/universalinit/templates/kotlin/app/src/test/java/com/example/kotlin/ExampleUnitTest.kt (ext=.kt, size=342)
2025-11-19 08:01:49,831 - Knowledge - INFO - Fast-tracked /app/data/T0015/270588/b1256qt/universalinit-270588/src/universalinit/templates/kotlin/app/src/main/res/drawable/ic_launcher_foreground.xml (ext=.xml, size=1702)
2025-11-19 08:01:49,914 - Knowledge - INFO - Fast-tracked /app/data/T0015/270588/b1256qt/universalinit-270588/src/universalinit/templates/kotlin/app/src/main/res/menu/menu_main.xml (ext=.xml, size=406)
2025-11-19 08:01:49,987 - Knowledge - INFO - Worker kw15 processing /app/data/T0015/270588/b1256qt/universalinit-270588/src/universalinit/templates/lightningjs/src/index.ts
2025-11-19 08:01:50,069 - Knowledge - INFO - Fast-tracked /app/data/T0015/270588/b1256qt/universalinit-270588/src/universalinit/templates/astro/tsconfig.json (ext=.json, size=109)
2025-11-19 08:01:50,186 - Knowledge - INFO - Worker kw17 processing /app/data/T0015/270588/b1256qt/universalinit-270588/src/universalinit/templates/remix/tsconfig.json
2025-11-19 08:01:50,280 - Knowledge - INFO - Fast-tracked /app/data/T0015/270588/b1256qt/universalinit-270588/src/universalinit/templates/remotion/src/HelloWorld.tsx (ext=.tsx, size=1989)
2025-11-19 08:01:50,344 - Knowledge - INFO - Worker kw19 processing /app/data/T0015/270588/b1256qt/universalinit-270588/src/universalinit/templates/django/api/admin.py
2025-11-19 08:01:50,418 - Knowledge - INFO - Worker kw20 processing /app/data/T0015/270588/b1256qt/universalinit-270588/src/universalinit/templates/django/config/asgi.py
2025-11-19 08:01:50,494 - Knowledge - INFO - process ingested knowledge for /app/data/T0015/270588/b1256qt/universalinit-270588/test/test_slidev_template.py
2025-11-19 08:01:50,605 - Knowledge - INFO - process ingested knowledge for /app/data/T0015/270588/b1256qt/universalinit-270588/src/universalinit/templates/vue/src/main.ts
2025-11-19 08:01:50,765 - Knowledge - INFO - Fast-tracked /app/data/T0015/270588/b1256qt/universalinit-270588/src/universalinit/templates/nativescript/App_Resources/Android/src/main/res/mipmap-anydpi-v26/ic_launcher.xml (ext=.xml, size=267)
2025-11-19 08:01:50,770 - Knowledge - INFO - Processing batch of 15 files
2025-11-19 08:01:50,840 - Knowledge - INFO - Fast-tracked /app/data/T0015/270588/b1256qt/universalinit-270588/src/universalinit/templates/qwik/src/routes/demo/flower/flower.css (ext=.css, size=1478)
2025-11-19 08:01:50,944 - Knowledge - INFO - Fast-tracked /app/data/T0015/270588/b1256qt/universalinit-270588/src/universalinit/templates/qwik/src/components/starter/infobox/infobox.module.css (ext=.css, size=289)
2025-11-19 08:01:51,026 - Knowledge - INFO - Worker kw8 processing /app/data/T0015/270588/b1256qt/universalinit-270588/src/universalinit/templates/qwik/public/manifest.json
2025-11-19 08:01:51,110 - Knowledge - INFO - Worker kw9 processing /app/data/T0015/270588/b1256qt/universalinit-270588/src/universalinit/templates/angular/src/app/app.config.ts
2025-11-19 08:01:51,210 - Knowledge - INFO - Fast-tracked /app/data/T0015/270588/b1256qt/universalinit-270588/src/universalinit/templates/express/swagger.js (ext=.js, size=381)
2025-11-19 08:01:51,321 - Knowledge - INFO - Worker kw12 processing /app/data/T0015/270588/b1256qt/universalinit-270588/src/universalinit/templates/kotlin/app/src/androidTest/java/com/example/kotlin/ExampleInstrumentedTest.kt
2025-11-19 08:01:51,394 - Knowledge - INFO - Worker kw13 processing /app/data/T0015/270588/b1256qt/universalinit-270588/src/universalinit/templates/kotlin/app/src/main/res/drawable/ic_launcher_background.xml
2025-11-19 08:01:51,466 - Knowledge - INFO - Worker kw14 processing /app/data/T0015/270588/b1256qt/universalinit-270588/src/universalinit/templates/kotlin/app/src/main/res/values-night/themes.xml
2025-11-19 08:01:51,572 - Knowledge - INFO - Fast-tracked /app/data/T0015/270588/b1256qt/universalinit-270588/src/universalinit/templates/lightningjs/src/index.ts (ext=.ts, size=89)
2025-11-19 08:01:51,650 - Knowledge - INFO - Worker kw16 processing /app/data/T0015/270588/b1256qt/universalinit-270588/src/universalinit/templates/astro/astro.config.mjs
2025-11-19 08:01:51,723 - Knowledge - INFO - Fast-tracked /app/data/T0015/270588/b1256qt/universalinit-270588/src/universalinit/templates/remix/tsconfig.json (ext=.json, size=734)
2025-11-19 08:01:51,807 - Knowledge - INFO - Worker kw18 processing /app/data/T0015/270588/b1256qt/universalinit-270588/src/universalinit/templates/remotion/src/index.ts
2025-11-19 08:01:51,902 - Knowledge - INFO - Fast-tracked /app/data/T0015/270588/b1256qt/universalinit-270588/src/universalinit/templates/django/api/admin.py (ext=.py, size=63)
2025-11-19 08:01:51,976 - Knowledge - INFO - Fast-tracked /app/data/T0015/270588/b1256qt/universalinit-270588/src/universalinit/templates/django/config/asgi.py (ext=.py, size=389)
2025-11-19 08:01:51,994 - Knowledge - INFO - [LLM_CALL] Completed: app.component.html:chunk1, Duration: 2400ms, PromptTokens: 20206, CompletionTokens: 59, Cost: $0.00204
2025-11-19 08:01:52,087 - Knowledge - INFO - process ingested knowledge for /app/data/T0015/270588/b1256qt/universalinit-270588/test/test_django_template.py
2025-11-19 08:01:52,161 - Knowledge - INFO - process ingested knowledge for /app/data/T0015/270588/b1256qt/universalinit-270588/src/universalinit/templates/vue/src/components/__tests__/HelloWorld.spec.ts
2025-11-19 08:01:52,345 - Knowledge - INFO - process ingested knowledge for /app/data/T0015/270588/b1256qt/universalinit-270588/src/universalinit/templates/fastapi/src/api/main.py
2025-11-19 08:01:52,623 - Knowledge - INFO - Fast-tracked /app/data/T0015/270588/b1256qt/universalinit-270588/src/universalinit/templates/qwik/public/manifest.json (ext=.json, size=258)
2025-11-19 08:01:52,687 - Knowledge - INFO - Fast-tracked /app/data/T0015/270588/b1256qt/universalinit-270588/src/universalinit/templates/angular/src/app/app.config.ts (ext=.ts, size=438)
2025-11-19 08:01:52,893 - Knowledge - INFO - Fast-tracked /app/data/T0015/270588/b1256qt/universalinit-270588/src/universalinit/templates/kotlin/app/src/androidTest/java/com/example/kotlin/ExampleInstrumentedTest.kt (ext=.kt, size=663)
2025-11-19 08:01:52,995 - Knowledge - INFO - Fast-tracked /app/data/T0015/270588/b1256qt/universalinit-270588/src/universalinit/templates/kotlin/app/src/main/res/drawable/ic_launcher_background.xml (ext=.xml, size=5606)
2025-11-19 08:01:53,110 - Knowledge - INFO - Fast-tracked /app/data/T0015/270588/b1256qt/universalinit-270588/src/universalinit/templates/kotlin/app/src/main/res/values-night/themes.xml (ext=.xml, size=326)
2025-11-19 08:01:53,188 - Knowledge - INFO - Worker kw15 processing /app/data/T0015/270588/b1256qt/universalinit-270588/src/universalinit/templates/lightningjs/package.json
2025-11-19 08:01:53,275 - Knowledge - INFO - Fast-tracked /app/data/T0015/270588/b1256qt/universalinit-270588/src/universalinit/templates/astro/astro.config.mjs (ext=.mjs, size=162)
2025-11-19 08:01:53,368 - Knowledge - INFO - Worker kw17 processing /app/data/T0015/270588/b1256qt/universalinit-270588/src/universalinit/templates/remix/tailwind.config.ts
2025-11-19 08:01:53,460 - Knowledge - INFO - Fast-tracked /app/data/T0015/270588/b1256qt/universalinit-270588/src/universalinit/templates/remotion/src/index.ts (ext=.ts, size=228)
2025-11-19 08:01:53,577 - Knowledge - INFO - Worker kw19 processing /app/data/T0015/270588/b1256qt/universalinit-270588/src/universalinit/templates/django/api/tests.py
2025-11-19 08:01:53,643 - Knowledge - INFO - Worker kw20 processing /app/data/T0015/270588/b1256qt/universalinit-270588/src/universalinit/templates/svelte/src/app.d.ts
2025-11-19 08:01:53,718 - Knowledge - INFO - done ingest for /app/data/T0015/270588/b1256qt/universalinit-270588/src/universalinit/templates/angular/src/app/app.component.html
2025-11-19 08:01:53,718 - Knowledge - INFO - [LLM_CALL] Completed: templateconfig.py:chunk1, Duration: 10879ms, PromptTokens: 3324, CompletionTokens: 542, Cost: $0.00055
2025-11-19 08:01:53,797 - Knowledge - INFO - process ingested knowledge for /app/data/T0015/270588/b1256qt/universalinit-270588/test/test_svelte_template.py
2025-11-19 08:01:53,865 - Knowledge - INFO - process ingested knowledge for /app/data/T0015/270588/b1256qt/universalinit-270588/src/universalinit/templates/vue/src/router/index.ts
2025-11-19 08:01:53,958 - Knowledge - INFO - process ingested knowledge for /app/data/T0015/270588/b1256qt/universalinit-270588/src/universalinit/templates/fastapi/requirements.txt
2025-11-19 08:01:54,071 - Knowledge - INFO - Fast-tracked /app/data/T0015/270588/b1256qt/universalinit-270588/src/universalinit/templates/qwik/src/components/starter/next-steps/next-steps.tsx (small file (3034 bytes))
2025-11-19 08:01:54,137 - Knowledge - INFO - Worker kw9 processing /app/data/T0015/270588/b1256qt/universalinit-270588/src/universalinit/templates/angular/src/app/app.routes.ts
2025-11-19 08:01:54,343 - Knowledge - INFO - Fast-tracked /app/data/T0015/270588/b1256qt/universalinit-270588/src/universalinit/templates/kotlin/app/src/main/java/com/example/kotlin/MainActivity.kt (small file (2239 bytes))
2025-11-19 08:01:54,408 - Knowledge - INFO - Worker kw14 processing /app/data/T0015/270588/b1256qt/universalinit-270588/src/universalinit/templates/kotlin/app/src/main/res/values-w1240dp/dimens.xml
2025-11-19 08:01:54,527 - Knowledge - INFO - Fast-tracked /app/data/T0015/270588/b1256qt/universalinit-270588/src/universalinit/templates/lightningjs/package.json (ext=.json, size=743)
2025-11-19 08:01:54,640 - Knowledge - INFO - Worker kw16 processing /app/data/T0015/270588/b1256qt/universalinit-270588/src/universalinit/templates/astro/README.md
2025-11-19 08:01:54,743 - Knowledge - INFO - Fast-tracked /app/data/T0015/270588/b1256qt/universalinit-270588/src/universalinit/templates/remix/tailwind.config.ts (ext=.ts, size=467)
2025-11-19 08:01:54,811 - Knowledge - INFO - Worker kw18 processing /app/data/T0015/270588/b1256qt/universalinit-270588/src/universalinit/templates/remotion/package.json
2025-11-19 08:01:54,885 - Knowledge - INFO - Fast-tracked /app/data/T0015/270588/b1256qt/universalinit-270588/src/universalinit/templates/django/api/tests.py (ext=.py, size=360)
2025-11-19 08:01:54,944 - Knowledge - INFO - Fast-tracked /app/data/T0015/270588/b1256qt/universalinit-270588/src/universalinit/templates/svelte/src/app.d.ts (ext=.ts, size=274)
2025-11-19 08:01:55,087 - Knowledge - INFO - done ingest for /app/data/T0015/270588/b1256qt/universalinit-270588/src/universalinit/templateconfig.py
2025-11-19 08:01:55,126 - Knowledge - INFO - Processing batch of 12 files
2025-11-19 08:01:55,126 - Knowledge - INFO - Processing batch of 15 files
2025-11-19 08:01:55,126 - Knowledge - INFO - Processing batch of 12 files
2025-11-19 08:01:55,137 - Knowledge - INFO - Processing batch of 12 files
2025-11-19 08:01:55,189 - Knowledge - INFO - process ingested knowledge for /app/data/T0015/270588/b1256qt/universalinit-270588/test/test_android_template.py
2025-11-19 08:01:55,276 - Knowledge - INFO - process ingested knowledge for /app/data/T0015/270588/b1256qt/universalinit-270588/src/universalinit/templates/vue/src/assets/main.css
2025-11-19 08:01:55,351 - Knowledge - INFO - process ingested knowledge for /app/data/T0015/270588/b1256qt/universalinit-270588/src/universalinit/templates/fastapi/config.yml
2025-11-19 08:01:55,534 - Knowledge - INFO - Fast-tracked /app/data/T0015/270588/b1256qt/universalinit-270588/src/universalinit/templates/angular/src/app/app.routes.ts (ext=.ts, size=77)
2025-11-19 08:01:55,635 - Knowledge - INFO - Processing batch of 12 files
2025-11-19 08:01:55,724 - Knowledge - INFO - Fast-tracked /app/data/T0015/270588/b1256qt/universalinit-270588/src/universalinit/templates/kotlin/app/src/main/res/values-w1240dp/dimens.xml (ext=.xml, size=67)
2025-11-19 08:01:55,886 - Knowledge - INFO - Fast-tracked /app/data/T0015/270588/b1256qt/universalinit-270588/src/universalinit/templates/astro/README.md (ext=.md, size=2108)
2025-11-19 08:01:55,950 - Knowledge - INFO - Worker kw17 processing /app/data/T0015/270588/b1256qt/universalinit-270588/src/universalinit/templates/remix/README.md
2025-11-19 08:01:56,027 - Knowledge - INFO - Fast-tracked /app/data/T0015/270588/b1256qt/universalinit-270588/src/universalinit/templates/remotion/package.json (ext=.json, size=795)
2025-11-19 08:01:56,119 - Knowledge - INFO - Worker kw19 processing /app/data/T0015/270588/b1256qt/universalinit-270588/src/universalinit/templates/django/api/views.py
2025-11-19 08:01:56,192 - Knowledge - INFO - Worker kw20 processing /app/data/T0015/270588/b1256qt/universalinit-270588/src/universalinit/templates/svelte/src/hooks.server.js
2025-11-19 08:01:56,448 - Knowledge - INFO - process ingested knowledge for /app/data/T0015/270588/b1256qt/universalinit-270588/src/universalinit/templates/flutter/test/widget_test.dart
2025-11-19 08:01:56,533 - Knowledge - INFO - process ingested knowledge for /app/data/T0015/270588/b1256qt/universalinit-270588/src/universalinit/templates/nativescript/app/app.css
2025-11-19 08:01:56,538 - Knowledge - INFO - [LLM_CALL] Completed: cli.py:chunk1, Duration: 12862ms, PromptTokens: 4536, CompletionTokens: 622, Cost: $0.00070
2025-11-19 08:01:56,608 - Knowledge - INFO - process ingested knowledge for /app/data/T0015/270588/b1256qt/universalinit-270588/src/universalinit/templates/angular/src/app/app.component.html
2025-11-19 08:01:56,707 - Knowledge - INFO - process ingested knowledge for /app/data/T0015/270588/b1256qt/universalinit-270588/src/universalinit/templates/angular/README.md
2025-11-19 08:01:56,799 - Knowledge - INFO - process ingested knowledge for /app/data/T0015/270588/b1256qt/universalinit-270588/test/test_lightningjs_template.py
2025-11-19 08:01:56,875 - Knowledge - INFO - process ingested knowledge for /app/data/T0015/270588/b1256qt/universalinit-270588/src/universalinit/templates/vue/src/assets/base.css
2025-11-19 08:01:56,951 - Knowledge - INFO - process ingested knowledge for /app/data/T0015/270588/b1256qt/universalinit-270588/src/universalinit/templates/vite/src/main.js
2025-11-19 08:01:57,112 - Knowledge - INFO - process ingested knowledge for /app/data/T0015/270588/b1256qt/universalinit-270588/src/universalinit/templates/kotlin/app/src/main/java/com/example/kotlin/FirstFragment.kt
2025-11-19 08:01:57,316 - Knowledge - INFO - Worker kw16 processing /app/data/T0015/270588/b1256qt/universalinit-270588/src/universalinit/templates/astro/eslint.config.mjs
2025-11-19 08:01:57,414 - Knowledge - INFO - Fast-tracked /app/data/T0015/270588/b1256qt/universalinit-270588/src/universalinit/templates/remix/README.md (ext=.md, size=801)
2025-11-19 08:01:57,579 - Knowledge - INFO - Fast-tracked /app/data/T0015/270588/b1256qt/universalinit-270588/src/universalinit/templates/django/api/views.py (ext=.py, size=183)
2025-11-19 08:01:57,672 - Knowledge - INFO - Fast-tracked /app/data/T0015/270588/b1256qt/universalinit-270588/src/universalinit/templates/svelte/src/hooks.server.js (ext=.js, size=881)
2025-11-19 08:01:57,769 - Knowledge - INFO - process ingested knowledge for /app/data/T0015/270588/b1256qt/universalinit-270588/src/universalinit/templates/flutter/config.yml
2025-11-19 08:01:57,831 - Knowledge - INFO - process ingested knowledge for /app/data/T0015/270588/b1256qt/universalinit-270588/src/universalinit/templates/nativescript/app/app.js
2025-11-19 08:01:57,898 - Knowledge - INFO - done ingest for /app/data/T0015/270588/b1256qt/universalinit-270588/src/universalinit/cli.py
2025-11-19 08:01:57,898 - Knowledge - INFO - Processing batch of 12 files
2025-11-19 08:01:57,910 - Knowledge - INFO - Fast-tracked /app/data/T0015/270588/b1256qt/universalinit-270588/src/universalinit/templates/qwik/src/components/starter/hero/hero.tsx (small file (2470 bytes))
2025-11-19 08:01:57,962 - Knowledge - INFO - Processing batch of 10 files
2025-11-19 08:01:58,023 - Knowledge - INFO - process ingested knowledge for /app/data/T0015/270588/b1256qt/universalinit-270588/src/universalinit/templates/angular/src/app/app.component.ts
2025-11-19 08:01:58,134 - Knowledge - INFO - process ingested knowledge for /app/data/T0015/270588/b1256qt/universalinit-270588/src/universalinit/templates/angular/eslint.config.mjs
2025-11-19 08:01:58,245 - Knowledge - INFO - process ingested knowledge for /app/data/T0015/270588/b1256qt/universalinit-270588/test/test_kotlin_template.py
2025-11-19 08:01:58,359 - Knowledge - INFO - process ingested knowledge for /app/data/T0015/270588/b1256qt/universalinit-270588/src/universalinit/templates/vue/eslint.config.ts
2025-11-19 08:01:58,435 - Knowledge - INFO - process ingested knowledge for /app/data/T0015/270588/b1256qt/universalinit-270588/src/universalinit/templates/vite/src/style.css
2025-11-19 08:01:58,518 - Knowledge - INFO - process ingested knowledge for /app/data/T0015/270588/b1256qt/universalinit-270588/src/universalinit/templates/kotlin/app/src/main/java/com/example/kotlin/SecondFragment.kt
2025-11-19 08:01:58,615 - Knowledge - INFO - Fast-tracked /app/data/T0015/270588/b1256qt/universalinit-270588/src/universalinit/templates/astro/eslint.config.mjs (ext=.mjs, size=999)
2025-11-19 08:01:58,667 - Knowledge - INFO - Fast-tracked /app/data/T0015/270588/b1256qt/universalinit-270588/src/universalinit/templates/lightningjs/src/pages/Home.ts (small file (2911 bytes))
2025-11-19 08:01:58,884 - Knowledge - INFO - Processing batch of 10 files
2025-11-19 08:01:59,057 - Knowledge - INFO - process ingested knowledge for /app/data/T0015/270588/b1256qt/universalinit-270588/src/universalinit/templates/flutter/lib/main.dart
2025-11-19 08:01:59,163 - Knowledge - INFO - process ingested knowledge for /app/data/T0015/270588/b1256qt/universalinit-270588/src/universalinit/templates/nativescript/app/app-root.xml
2025-11-19 08:01:59,443 - Knowledge - INFO - process ingested knowledge for /app/data/T0015/270588/b1256qt/universalinit-270588/src/universalinit/templates/kotlin/app/src/main/res/values-w600dp/dimens.xml
2025-11-19 08:01:59,726 - Knowledge - INFO - process ingested knowledge for /app/data/T0015/270588/b1256qt/universalinit-270588/src/universalinit/templates/remotion/src/HelloWorld/constants.ts
2025-11-19 08:01:59,832 - Knowledge - INFO - process ingested knowledge for /app/data/T0015/270588/b1256qt/universalinit-270588/src/universalinit/templates/angular/src/app/app.config.server.ts
2025-11-19 08:01:59,959 - Knowledge - INFO - process ingested knowledge for /app/data/T0015/270588/b1256qt/universalinit-270588/src/universalinit/templates/express/src/services/health.js
2025-11-19 08:02:00,087 - Knowledge - INFO - process ingested knowledge for /app/data/T0015/270588/b1256qt/universalinit-270588/test/test_flask_template.py
2025-11-19 08:02:00,577 - Knowledge - INFO - process ingested knowledge for /app/data/T0015/270588/b1256qt/universalinit-270588/src/universalinit/templates/vue/tsconfig.app.json
2025-11-19 08:02:00,765 - Knowledge - INFO - process ingested knowledge for /app/data/T0015/270588/b1256qt/universalinit-270588/src/universalinit/templates/vite/src/counter.js
2025-11-19 08:02:00,886 - Knowledge - INFO - process ingested knowledge for /app/data/T0015/270588/b1256qt/universalinit-270588/src/universalinit/templates/kotlin/app/src/main/java/com/example/kotlin/MainActivity.kt
2025-11-19 08:02:01,395 - Knowledge - INFO - process ingested knowledge for /app/data/T0015/270588/b1256qt/universalinit-270588/src/universalinit/templates/remotion/remotion.config.ts
2025-11-19 08:02:01,399 - Knowledge - INFO - Processing batch of 12 files
2025-11-19 08:02:01,515 - Knowledge - INFO - process ingested knowledge for /app/data/T0015/270588/b1256qt/universalinit-270588/src/universalinit/templates/flask/run.py
2025-11-19 08:02:01,617 - Knowledge - INFO - process ingested knowledge for /app/data/T0015/270588/b1256qt/universalinit-270588/src/universalinit/templates/nativescript/app/home/home-page.xml
2025-11-19 08:02:01,806 - Knowledge - INFO - process ingested knowledge for /app/data/T0015/270588/b1256qt/universalinit-270588/src/universalinit/templates/kotlin/app/src/main/res/layout/activity_main.xml
2025-11-19 08:02:01,936 - Knowledge - INFO - process ingested knowledge for /app/data/T0015/270588/b1256qt/universalinit-270588/src/universalinit/templates/remotion/src/HelloWorld/Atom.tsx
2025-11-19 08:02:02,100 - Knowledge - INFO - process ingested knowledge for /app/data/T0015/270588/b1256qt/universalinit-270588/src/universalinit/templates/angular/src/styles.css
2025-11-19 08:02:02,184 - Knowledge - INFO - process ingested knowledge for /app/data/T0015/270588/b1256qt/universalinit-270588/src/universalinit/templates/express/src/app.js
2025-11-19 08:02:02,346 - Knowledge - INFO - process ingested knowledge for /app/data/T0015/270588/b1256qt/universalinit-270588/test/test_integration.py
2025-11-19 08:02:02,446 - Knowledge - INFO - process ingested knowledge for /app/data/T0015/270588/b1256qt/universalinit-270588/src/universalinit/templates/vue/package.json
2025-11-19 08:02:02,592 - Knowledge - INFO - [LLM_CALL] Completed: vite.config.ts:chunk1, Duration: 7156ms, PromptTokens: 2662, CompletionTokens: 272, Cost: $0.00037
2025-11-19 08:02:02,598 - Knowledge - INFO - process ingested knowledge for /app/data/T0015/270588/b1256qt/universalinit-270588/src/universalinit/templates/vite/package.json
2025-11-19 08:02:02,768 - Knowledge - INFO - process ingested knowledge for /app/data/T0015/270588/b1256qt/universalinit-270588/src/universalinit/templates/kotlin/app/src/main/res/values/colors.xml
2025-11-19 08:02:02,929 - Knowledge - INFO - process ingested knowledge for /app/data/T0015/270588/b1256qt/universalinit-270588/src/universalinit/templates/remotion/config.yml
2025-11-19 08:02:03,066 - Knowledge - INFO - process ingested knowledge for /app/data/T0015/270588/b1256qt/universalinit-270588/src/universalinit/templates/lightningjs/config.yml
2025-11-19 08:02:03,191 - Knowledge - INFO - process ingested knowledge for /app/data/T0015/270588/b1256qt/universalinit-270588/src/universalinit/templates/flask/requirements.txt
2025-11-19 08:02:03,319 - Knowledge - INFO - process ingested knowledge for /app/data/T0015/270588/b1256qt/universalinit-270588/src/universalinit/templates/nativescript/app/home/home-view-model.js
2025-11-19 08:02:03,405 - Knowledge - INFO - process ingested knowledge for /app/data/T0015/270588/b1256qt/universalinit-270588/src/universalinit/templates/kotlin/app/src/main/res/layout/fragment_first.xml
2025-11-19 08:02:03,487 - Knowledge - INFO - process ingested knowledge for /app/data/T0015/270588/b1256qt/universalinit-270588/src/universalinit/templates/remotion/src/HelloWorld/Logo.tsx
2025-11-19 08:02:03,608 - Knowledge - INFO - process ingested knowledge for /app/data/T0015/270588/b1256qt/universalinit-270588/src/universalinit/templates/angular/src/index.html
2025-11-19 08:02:03,676 - Knowledge - INFO - process ingested knowledge for /app/data/T0015/270588/b1256qt/universalinit-270588/src/universalinit/templates/express/src/routes/index.js
2025-11-19 08:02:03,753 - Knowledge - INFO - process ingested knowledge for /app/data/T0015/270588/b1256qt/universalinit-270588/test/test_astro_template.py
2025-11-19 08:02:03,853 - Knowledge - INFO - process ingested knowledge for /app/data/T0015/270588/b1256qt/universalinit-270588/src/universalinit/templates/vue/tsconfig.vitest.json
2025-11-19 08:02:03,960 - Knowledge - INFO - done ingest for /app/data/T0015/270588/b1256qt/universalinit-270588/src/universalinit/templates/qwik/vite.config.ts
2025-11-19 08:02:03,960 - Knowledge - INFO - [LLM_CALL] Completed: qwik.tsx:chunk1, Duration: 8872ms, PromptTokens: 4216, CompletionTokens: 171, Cost: $0.00049
2025-11-19 08:02:04,064 - Knowledge - INFO - process ingested knowledge for /app/data/T0015/270588/b1256qt/universalinit-270588/src/universalinit/templates/vite/config.yml
2025-11-19 08:02:04,176 - Knowledge - INFO - process ingested knowledge for /app/data/T0015/270588/b1256qt/universalinit-270588/src/universalinit/templates/kotlin/app/src/main/res/values/strings.xml
2025-11-19 08:02:04,268 - Knowledge - INFO - process ingested knowledge for /app/data/T0015/270588/b1256qt/universalinit-270588/src/universalinit/templates/remotion/tsconfig.json
2025-11-19 08:02:04,352 - Knowledge - INFO - process ingested knowledge for /app/data/T0015/270588/b1256qt/universalinit-270588/src/universalinit/templates/lightningjs/eslint.config.cjs
2025-11-19 08:02:04,419 - Knowledge - INFO - process ingested knowledge for /app/data/T0015/270588/b1256qt/universalinit-270588/src/universalinit/templates/flask/config.yml
2025-11-19 08:02:04,497 - Knowledge - INFO - process ingested knowledge for /app/data/T0015/270588/b1256qt/universalinit-270588/src/universalinit/templates/nativescript/app/home/home-page.js
2025-11-19 08:02:04,574 - Knowledge - INFO - process ingested knowledge for /app/data/T0015/270588/b1256qt/universalinit-270588/src/universalinit/templates/kotlin/app/src/main/res/layout/content_main.xml
2025-11-19 08:02:04,680 - Knowledge - INFO - process ingested knowledge for /app/data/T0015/270588/b1256qt/universalinit-270588/src/universalinit/templates/remotion/src/HelloWorld/Subtitle.tsx
2025-11-19 08:02:04,769 - Knowledge - INFO - process ingested knowledge for /app/data/T0015/270588/b1256qt/universalinit-270588/src/universalinit/templates/angular/src/main.server.ts
2025-11-19 08:02:04,868 - Knowledge - INFO - process ingested knowledge for /app/data/T0015/270588/b1256qt/universalinit-270588/src/universalinit/templates/express/src/server.js
2025-11-19 08:02:04,962 - Knowledge - INFO - process ingested knowledge for /app/data/T0015/270588/b1256qt/universalinit-270588/test/test_remix_template.py
2025-11-19 08:02:05,063 - Knowledge - INFO - process ingested knowledge for /app/data/T0015/270588/b1256qt/universalinit-270588/src/universalinit/templates/vue/config.yml
2025-11-19 08:02:05,260 - Knowledge - INFO - done ingest for /app/data/T0015/270588/b1256qt/universalinit-270588/src/universalinit/templates/qwik/src/components/starter/icons/qwik.tsx
2025-11-19 08:02:05,260 - Knowledge - INFO - [LLM_CALL] Completed: index.tsx:chunk1, Duration: 10173ms, PromptTokens: 2242, CompletionTokens: 261, Cost: $0.00033
2025-11-19 08:02:05,350 - Knowledge - INFO - process ingested knowledge for /app/data/T0015/270588/b1256qt/universalinit-270588/src/universalinit/templates/vite/tsconfig.json
2025-11-19 08:02:05,423 - Knowledge - INFO - process ingested knowledge for /app/data/T0015/270588/b1256qt/universalinit-270588/src/universalinit/templates/kotlin/app/src/main/res/values/themes.xml
2025-11-19 08:02:05,523 - Knowledge - INFO - process ingested knowledge for /app/data/T0015/270588/b1256qt/universalinit-270588/src/universalinit/templates/remotion/README.md
2025-11-19 08:02:05,637 - Knowledge - INFO - process ingested knowledge for /app/data/T0015/270588/b1256qt/universalinit-270588/src/universalinit/templates/lightningjs/tsconfig.json
2025-11-19 08:02:05,710 - Knowledge - INFO - process ingested knowledge for /app/data/T0015/270588/b1256qt/universalinit-270588/src/universalinit/templates/flask/app/routes/health.py
2025-11-19 08:02:05,804 - Knowledge - INFO - process ingested knowledge for /app/data/T0015/270588/b1256qt/universalinit-270588/src/universalinit/templates/nativescript/nativescript.config.ts
2025-11-19 08:02:05,900 - Knowledge - INFO - process ingested knowledge for /app/data/T0015/270588/b1256qt/universalinit-270588/src/universalinit/templates/kotlin/app/src/main/res/layout/fragment_second.xml
2025-11-19 08:02:05,983 - Knowledge - INFO - process ingested knowledge for /app/data/T0015/270588/b1256qt/universalinit-270588/src/universalinit/templates/remotion/src/HelloWorld/Arc.tsx
2025-11-19 08:02:06,092 - Knowledge - INFO - process ingested knowledge for /app/data/T0015/270588/b1256qt/universalinit-270588/src/universalinit/templates/angular/tsconfig.app.json
2025-11-19 08:02:06,199 - Knowledge - INFO - process ingested knowledge for /app/data/T0015/270588/b1256qt/universalinit-270588/src/universalinit/templates/express/src/middleware/index.js
2025-11-19 08:02:06,326 - Knowledge - INFO - process ingested knowledge for /app/data/T0015/270588/b1256qt/universalinit-270588/test/test_remotion_template.py
2025-11-19 08:02:06,418 - Knowledge - INFO - process ingested knowledge for /app/data/T0015/270588/b1256qt/universalinit-270588/src/universalinit/templates/vue/vite.config.ts
2025-11-19 08:02:06,580 - Knowledge - INFO - done ingest for /app/data/T0015/270588/b1256qt/universalinit-270588/src/universalinit/templates/qwik/src/routes/index.tsx
2025-11-19 08:02:06,580 - Knowledge - INFO - [LLM_CALL] Completed: universalinit.py:chunk1, Duration: 24600ms, PromptTokens: 13062, CompletionTokens: 1461, Cost: $0.00189
2025-11-19 08:02:06,666 - Knowledge - INFO - process ingested knowledge for /app/data/T0015/270588/b1256qt/universalinit-270588/src/universalinit/templates/vite/eslint.config.mjs
2025-11-19 08:02:06,735 - Knowledge - INFO - process ingested knowledge for /app/data/T0015/270588/b1256qt/universalinit-270588/src/universalinit/templates/kotlin/app/src/main/res/values/dimens.xml
2025-11-19 08:02:06,835 - Knowledge - INFO - process ingested knowledge for /app/data/T0015/270588/b1256qt/universalinit-270588/src/universalinit/templates/remotion/eslint.config.mjs
2025-11-19 08:02:06,906 - Knowledge - INFO - process ingested knowledge for /app/data/T0015/270588/b1256qt/universalinit-270588/src/universalinit/templates/lightningjs/README.md
2025-11-19 08:02:06,989 - Knowledge - INFO - process ingested knowledge for /app/data/T0015/270588/b1256qt/universalinit-270588/src/universalinit/templates/flask/app/__init__.py
2025-11-19 08:02:07,078 - Knowledge - INFO - process ingested knowledge for /app/data/T0015/270588/b1256qt/universalinit-270588/src/universalinit/templates/nativescript/App_Resources/Android/src/main/res/values/colors.xml
2025-11-19 08:02:07,179 - Knowledge - INFO - process ingested knowledge for /app/data/T0015/270588/b1256qt/universalinit-270588/src/universalinit/templates/kotlin/app/src/main/res/xml/data_extraction_rules.xml
2025-11-19 08:02:07,292 - Knowledge - INFO - process ingested knowledge for /app/data/T0015/270588/b1256qt/universalinit-270588/src/universalinit/templates/remotion/src/HelloWorld/Title.tsx
2025-11-19 08:02:07,367 - Knowledge - INFO - process ingested knowledge for /app/data/T0015/270588/b1256qt/universalinit-270588/src/universalinit/templates/angular/package.json
2025-11-19 08:02:07,459 - Knowledge - INFO - process ingested knowledge for /app/data/T0015/270588/b1256qt/universalinit-270588/src/universalinit/templates/express/src/controllers/health.js
2025-11-19 08:02:07,545 - Knowledge - INFO - process ingested knowledge for /app/data/T0015/270588/b1256qt/universalinit-270588/test/test_vue_template.py
2025-11-19 08:02:07,634 - Knowledge - INFO - process ingested knowledge for /app/data/T0015/270588/b1256qt/universalinit-270588/src/universalinit/templates/vue/tsconfig.node.json
2025-11-19 08:02:07,817 - Knowledge - INFO - done ingest for /app/data/T0015/270588/b1256qt/universalinit-270588/src/universalinit/universalinit.py
2025-11-19 08:02:07,818 - Knowledge - INFO - [LLM_CALL] Completed: page.tsx:chunk1, Duration: 9920ms, PromptTokens: 2634, CompletionTokens: 165, Cost: $0.00033
2025-11-19 08:02:07,914 - Knowledge - INFO - process ingested knowledge for /app/data/T0015/270588/b1256qt/universalinit-270588/src/universalinit/templates/vite/index.html
2025-11-19 08:02:08,018 - Knowledge - INFO - process ingested knowledge for /app/data/T0015/270588/b1256qt/universalinit-270588/src/universalinit/templates/kotlin/app/src/main/res/navigation/nav_graph.xml
2025-11-19 08:02:08,088 - Knowledge - INFO - process ingested knowledge for /app/data/T0015/270588/b1256qt/universalinit-270588/src/universalinit/templates/django/manage.py
2025-11-19 08:02:08,184 - Knowledge - INFO - process ingested knowledge for /app/data/T0015/270588/b1256qt/universalinit-270588/src/universalinit/templates/lightningjs/index.html
2025-11-19 08:02:08,263 - Knowledge - INFO - process ingested knowledge for /app/data/T0015/270588/b1256qt/universalinit-270588/src/universalinit/templates/kotlin/config.yml
2025-11-19 08:02:08,336 - Knowledge - INFO - process ingested knowledge for /app/data/T0015/270588/b1256qt/universalinit-270588/src/universalinit/templates/nativescript/App_Resources/Android/src/main/res/values/styles.xml
2025-11-19 08:02:08,407 - Knowledge - INFO - process ingested knowledge for /app/data/T0015/270588/b1256qt/universalinit-270588/src/universalinit/templates/kotlin/app/src/main/res/xml/backup_rules.xml
2025-11-19 08:02:08,482 - Knowledge - INFO - process ingested knowledge for /app/data/T0015/270588/b1256qt/universalinit-270588/src/universalinit/templates/remotion/src/Root.tsx
2025-11-19 08:02:08,587 - Knowledge - INFO - process ingested knowledge for /app/data/T0015/270588/b1256qt/universalinit-270588/src/universalinit/templates/angular/angular.json
2025-11-19 08:02:08,694 - Knowledge - INFO - process ingested knowledge for /app/data/T0015/270588/b1256qt/universalinit-270588/src/universalinit/templates/express/package.json
2025-11-19 08:02:08,799 - Knowledge - INFO - process ingested knowledge for /app/data/T0015/270588/b1256qt/universalinit-270588/test/test_fastapi_template.py
2025-11-19 08:02:08,870 - Knowledge - INFO - process ingested knowledge for /app/data/T0015/270588/b1256qt/universalinit-270588/src/universalinit/templates/vue/tsconfig.json
2025-11-19 08:02:09,028 - Knowledge - INFO - done ingest for /app/data/T0015/270588/b1256qt/universalinit-270588/src/universalinit/templates/nextjs/src/app/page.tsx
2025-11-19 08:02:09,028 - Knowledge - INFO - [LLM_CALL] Completed: init_script.sh:chunk1, Duration: 13221ms, PromptTokens: 7404, CompletionTokens: 238, Cost: $0.00084
2025-11-19 08:02:09,135 - Knowledge - INFO - process ingested knowledge for /app/data/T0015/270588/b1256qt/universalinit-270588/src/universalinit/templates/vite/vite.config.js
2025-11-19 08:02:09,238 - Knowledge - INFO - process ingested knowledge for /app/data/T0015/270588/b1256qt/universalinit-270588/src/universalinit/templates/kotlin/app/src/main/res/values-v23/themes.xml
2025-11-19 08:02:09,328 - Knowledge - INFO - process ingested knowledge for /app/data/T0015/270588/b1256qt/universalinit-270588/src/universalinit/templates/django/requirements.txt
2025-11-19 08:02:09,425 - Knowledge - INFO - process ingested knowledge for /app/data/T0015/270588/b1256qt/universalinit-270588/src/universalinit/templates/lightningjs/vite.config.js
2025-11-19 08:02:09,541 - Knowledge - INFO - process ingested knowledge for /app/data/T0015/270588/b1256qt/universalinit-270588/src/universalinit/templates/kotlin/settings.gradle.kts
2025-11-19 08:02:09,660 - Knowledge - INFO - process ingested knowledge for /app/data/T0015/270588/b1256qt/universalinit-270588/src/universalinit/templates/nativescript/App_Resources/Android/src/main/res/values/ic_launcher_background.xml
2025-11-19 08:02:09,740 - Knowledge - INFO - process ingested knowledge for /app/data/T0015/270588/b1256qt/universalinit-270588/src/universalinit/templates/kotlin/app/src/main/res/mipmap-anydpi-v26/ic_launcher.xml
2025-11-19 08:02:09,846 - Knowledge - INFO - process ingested knowledge for /app/data/T0015/270588/b1256qt/universalinit-270588/src/universalinit/templates/remotion/src/HelloWorld.tsx
2025-11-19 08:02:09,921 - Knowledge - INFO - process ingested knowledge for /app/data/T0015/270588/b1256qt/universalinit-270588/src/universalinit/templates/angular/config.yml
2025-11-19 08:02:09,984 - Knowledge - INFO - process ingested knowledge for /app/data/T0015/270588/b1256qt/universalinit-270588/src/universalinit/templates/express/config.yml
2025-11-19 08:02:10,190 - Knowledge - INFO - process ingested knowledge for /app/data/T0015/270588/b1256qt/universalinit-270588/src/universalinit/templates/vue/README.md
2025-11-19 08:02:10,303 - Knowledge - INFO - done ingest for /app/data/T0015/270588/b1256qt/universalinit-270588/src/universalinit/templates/android/init_script.sh
2025-11-19 08:02:10,303 - Knowledge - INFO - [LLM_CALL] Completed: settings.py:chunk1, Duration: 11370ms, PromptTokens: 2294, CompletionTokens: 292, Cost: $0.00035
2025-11-19 08:02:10,426 - Knowledge - INFO - process ingested knowledge for /app/data/T0015/270588/b1256qt/universalinit-270588/src/universalinit/templates/nativescript/package.json
2025-11-19 08:02:10,498 - Knowledge - INFO - process ingested knowledge for /app/data/T0015/270588/b1256qt/universalinit-270588/src/universalinit/templates/kotlin/app/src/main/res/values-land/dimens.xml
2025-11-19 08:02:10,582 - Knowledge - INFO - process ingested knowledge for /app/data/T0015/270588/b1256qt/universalinit-270588/src/universalinit/templates/django/api/admin.py
2025-11-19 08:02:10,672 - Knowledge - INFO - process ingested knowledge for /app/data/T0015/270588/b1256qt/universalinit-270588/src/universalinit/templates/astro/package.json
2025-11-19 08:02:10,815 - Knowledge - INFO - process ingested knowledge for /app/data/T0015/270588/b1256qt/universalinit-270588/src/universalinit/templates/kotlin/app/src/test/java/com/example/kotlin/ExampleUnitTest.kt
2025-11-19 08:02:10,895 - Knowledge - INFO - process ingested knowledge for /app/data/T0015/270588/b1256qt/universalinit-270588/src/universalinit/templates/nativescript/App_Resources/Android/src/main/res/drawable/ic_launcher_foreground.xml
2025-11-19 08:02:10,978 - Knowledge - INFO - process ingested knowledge for /app/data/T0015/270588/b1256qt/universalinit-270588/src/universalinit/templates/kotlin/app/src/main/res/mipmap-anydpi-v26/ic_launcher_round.xml
2025-11-19 08:02:11,060 - Knowledge - INFO - process ingested knowledge for /app/data/T0015/270588/b1256qt/universalinit-270588/src/universalinit/templates/remotion/src/index.ts
2025-11-19 08:02:11,133 - Knowledge - INFO - process ingested knowledge for /app/data/T0015/270588/b1256qt/universalinit-270588/src/universalinit/templates/angular/tsconfig.spec.json
2025-11-19 08:02:11,225 - Knowledge - INFO - process ingested knowledge for /app/data/T0015/270588/b1256qt/universalinit-270588/src/universalinit/templates/express/eslint.config.js
2025-11-19 08:02:11,316 - Knowledge - INFO - process ingested knowledge for /app/data/T0015/270588/b1256qt/universalinit-270588/src/universalinit/templates/vue/index.html
2025-11-19 08:02:11,497 - Knowledge - INFO - done ingest for /app/data/T0015/270588/b1256qt/universalinit-270588/src/universalinit/templates/django/config/settings.py
2025-11-19 08:02:11,498 - Knowledge - INFO - [LLM_CALL] Completed: _index.tsx:chunk1, Duration: 9266ms, PromptTokens: 5678, CompletionTokens: 202, Cost: $0.00065
2025-11-19 08:02:11,582 - Knowledge - INFO - process ingested knowledge for /app/data/T0015/270588/b1256qt/universalinit-270588/src/universalinit/templates/nativescript/webpack.config.js
2025-11-19 08:02:11,667 - Knowledge - INFO - process ingested knowledge for /app/data/T0015/270588/b1256qt/universalinit-270588/src/universalinit/templates/kotlin/app/src/main/res/drawable/ic_launcher_foreground.xml
2025-11-19 08:02:11,779 - Knowledge - INFO - process ingested knowledge for /app/data/T0015/270588/b1256qt/universalinit-270588/src/universalinit/templates/django/api/tests.py
2025-11-19 08:02:11,882 - Knowledge - INFO - process ingested knowledge for /app/data/T0015/270588/b1256qt/universalinit-270588/src/universalinit/templates/astro/config.yml
2025-11-19 08:02:11,958 - Knowledge - INFO - process ingested knowledge for /app/data/T0015/270588/b1256qt/universalinit-270588/src/universalinit/templates/kotlin/app/src/androidTest/java/com/example/kotlin/ExampleInstrumentedTest.kt
2025-11-19 08:02:12,071 - Knowledge - INFO - process ingested knowledge for /app/data/T0015/270588/b1256qt/universalinit-270588/src/universalinit/templates/nativescript/App_Resources/Android/src/main/res/values-v21/colors.xml
2025-11-19 08:02:12,145 - Knowledge - INFO - process ingested knowledge for /app/data/T0015/270588/b1256qt/universalinit-270588/src/universalinit/templates/kotlin/app/src/main/res/menu/menu_main.xml
2025-11-19 08:02:12,222 - Knowledge - INFO - process ingested knowledge for /app/data/T0015/270588/b1256qt/universalinit-270588/src/universalinit/templates/remotion/package.json
2025-11-19 08:02:12,334 - Knowledge - INFO - process ingested knowledge for /app/data/T0015/270588/b1256qt/universalinit-270588/src/universalinit/templates/angular/tsconfig.json
2025-11-19 08:02:12,454 - Knowledge - INFO - process ingested knowledge for /app/data/T0015/270588/b1256qt/universalinit-270588/src/universalinit/templates/express/swagger.js
2025-11-19 08:02:12,729 - Knowledge - INFO - done ingest for /app/data/T0015/270588/b1256qt/universalinit-270588/src/universalinit/templates/remix/app/routes/_index.tsx
2025-11-19 08:02:12,733 - Knowledge - INFO - [WEBSOCKET] Sent: Type=progress_update, Size: 291, Duration: 0ms
2025-11-19 08:02:12,829 - Knowledge - INFO - process ingested knowledge for /app/data/T0015/270588/b1256qt/universalinit-270588/src/universalinit/templates/nativescript/config.yml
2025-11-19 08:02:12,916 - Knowledge - INFO - process ingested knowledge for /app/data/T0015/270588/b1256qt/universalinit-270588/src/universalinit/templates/kotlin/app/src/main/res/drawable/ic_launcher_background.xml
2025-11-19 08:02:13,090 - Knowledge - INFO - process ingested knowledge for /app/data/T0015/270588/b1256qt/universalinit-270588/src/universalinit/templates/django/api/views.py
2025-11-19 08:02:13,106 - Knowledge - INFO - process ingested knowledge for /app/data/T0015/270588/b1256qt/universalinit-270588/src/universalinit/templates/astro/tsconfig.json
2025-11-19 08:02:13,365 - Knowledge - INFO - process ingested knowledge for /app/data/T0015/270588/b1256qt/universalinit-270588/src/universalinit/templates/nativescript/App_Resources/Android/src/main/res/values-v21/styles.xml
2025-11-19 08:02:13,424 - Knowledge - INFO - process ingested knowledge for /app/data/T0015/270588/b1256qt/universalinit-270588/src/universalinit/templates/kotlin/app/src/main/res/values-night/themes.xml
2025-11-19 08:02:14,069 - Knowledge - INFO - [WEBSOCKET] Sent: Type=unknown, Size: ?, Duration: 1336ms
2025-11-19 08:02:14,706 - Knowledge - INFO - Progress: 56.7% | Files: 186/312 | Rate: 2.17 files/sec | Queue: 51
2025-11-19 08:02:14,707 - Knowledge - INFO - [LLM_CALL] Completed: entry.server.tsx:chunk1, Duration: 15992ms, PromptTokens: 2670, CompletionTokens: 315, Cost: $0.00039
2025-11-19 08:02:14,750 - Knowledge - INFO - process ingested knowledge for /app/data/T0015/270588/b1256qt/universalinit-270588/src/universalinit/templates/astro/astro.config.mjs
2025-11-19 08:02:14,833 - Knowledge - INFO - process ingested knowledge for /app/data/T0015/270588/b1256qt/universalinit-270588/src/universalinit/templates/nativescript/App_Resources/Android/src/main/res/values-v29/styles.xml
2025-11-19 08:02:14,947 - Knowledge - INFO - process ingested knowledge for /app/data/T0015/270588/b1256qt/universalinit-270588/src/universalinit/templates/kotlin/app/src/main/res/values-w1240dp/dimens.xml
2025-11-19 08:02:14,996 - Knowledge - INFO - done ingest for /app/data/T0015/270588/b1256qt/universalinit-270588/src/universalinit/templates/remix/app/entry.server.tsx
2025-11-19 08:02:15,434 - Knowledge - INFO - [kw3] Queue=51, InProgress=0, PendingWorkers=20/20, Completed=193/312 (61.9%)
2025-11-19 08:02:15,500 - Knowledge - INFO - [kw1] Queue=51, InProgress=0, PendingWorkers=20/20, Completed=193/312 (61.9%)
2025-11-19 08:02:15,501 - Knowledge - INFO - process ingested knowledge for /app/data/T0015/270588/b1256qt/universalinit-270588/src/universalinit/templates/nativescript/App_Resources/Android/src/main/res/mipmap-anydpi-v26/ic_launcher.xml
2025-11-19 08:02:15,612 - Knowledge - INFO - Batch sizing: calculated=10, max_allowed=25, queue=51, active_workers=20/20
2025-11-19 08:02:15,720 - Knowledge - INFO - Batch sizing: calculated=10, max_allowed=25, queue=51, active_workers=20/20
2025-11-19 08:02:15,801 - Knowledge - INFO - process ingested knowledge for /app/data/T0015/270588/b1256qt/universalinit-270588/src/universalinit/templates/astro/README.md
2025-11-19 08:02:16,007 - Knowledge - INFO - Processing batch of 15 files
2025-11-19 08:02:16,007 - Knowledge - INFO - Processing batch of 12 files
2025-11-19 08:02:16,239 - Knowledge - INFO - process ingested knowledge for /app/data/T0015/270588/b1256qt/universalinit-270588/src/universalinit/templates/nativescript/App_Resources/Android/src/main/res/drawable-nodpi/splash_screen.xml
2025-11-19 08:02:16,311 - Knowledge - INFO - process ingested knowledge for /app/data/T0015/270588/b1256qt/universalinit-270588/src/universalinit/templates/kotlin/app/src/main/AndroidManifest.xml
2025-11-19 08:02:16,328 - Knowledge - INFO - Async storing batch of 15 embeddings
2025-11-19 08:02:16,405 - Knowledge - INFO - Async storing batch of 15 embeddings
2025-11-19 08:02:16,487 - Knowledge - INFO - process ingested knowledge for /app/data/T0015/270588/b1256qt/universalinit-270588/src/universalinit/templates/astro/eslint.config.mjs
2025-11-19 08:02:16,606 - Knowledge - INFO - Worker kw3 processing /app/data/T0015/270588/b1256qt/universalinit-270588/src/universalinit/templates/svelte/src/app.html
2025-11-19 08:02:16,715 - Knowledge - INFO - Worker kw1 processing /app/data/T0015/270588/b1256qt/universalinit-270588/src/universalinit/templates/svelte/tsconfig.json
2025-11-19 08:02:16,889 - Knowledge - INFO - Fast-tracked /app/data/T0015/270588/b1256qt/universalinit-270588/src/universalinit/templates/svelte/src/app.html (ext=.html, size=346)
2025-11-19 08:02:16,973 - Knowledge - INFO - process ingested knowledge for /app/data/T0015/270588/b1256qt/universalinit-270588/src/universalinit/templates/kotlin/app/build.gradle.kts
2025-11-19 08:02:16,981 - Knowledge - INFO - Fast-tracked /app/data/T0015/270588/b1256qt/universalinit-270588/src/universalinit/templates/svelte/tsconfig.json (ext=.json, size=649)
2025-11-19 08:02:17,047 - Knowledge - INFO - Worker kw3 processing /app/data/T0015/270588/b1256qt/universalinit-270588/src/universalinit/templates/svelte/src/routes/page.svelte.test.ts
2025-11-19 08:02:17,201 - Knowledge - INFO - Worker kw1 processing /app/data/T0015/270588/b1256qt/universalinit-270588/src/universalinit/templates/svelte/README.md
2025-11-19 08:02:17,295 - Knowledge - INFO - Fast-tracked /app/data/T0015/270588/b1256qt/universalinit-270588/src/universalinit/templates/svelte/src/routes/page.svelte.test.ts (ext=.ts, size=352)
2025-11-19 08:02:17,415 - Knowledge - INFO - Fast-tracked /app/data/T0015/270588/b1256qt/universalinit-270588/src/universalinit/templates/svelte/README.md (ext=.md, size=865)
2025-11-19 08:02:17,525 - Knowledge - INFO - Worker kw3 processing /app/data/T0015/270588/b1256qt/universalinit-270588/src/universalinit/templates/svelte/src/demo.spec.ts
2025-11-19 08:02:17,580 - Knowledge - INFO - process ingested knowledge for /app/data/T0015/270588/b1256qt/universalinit-270588/src/universalinit/templates/kotlin/app/proguard-rules.pro
2025-11-19 08:02:17,602 - Knowledge - INFO - Worker kw1 processing /app/data/T0015/270588/b1256qt/universalinit-270588/src/universalinit/templates/typescript/src/style.css
2025-11-19 08:02:17,632 - Knowledge - INFO - process ingested knowledge for /app/data/T0015/270588/b1256qt/universalinit-270588/src/universalinit/templates/nativescript/App_Resources/Android/src/main/AndroidManifest.xml
2025-11-19 08:02:17,699 - Knowledge - INFO - Fast-tracked /app/data/T0015/270588/b1256qt/universalinit-270588/src/universalinit/templates/svelte/src/demo.spec.ts (ext=.ts, size=148)
2025-11-19 08:02:17,842 - Knowledge - INFO - Fast-tracked /app/data/T0015/270588/b1256qt/universalinit-270588/src/universalinit/templates/typescript/src/style.css (ext=.css, size=1523)
2025-11-19 08:02:18,028 - Knowledge - INFO - Worker kw3 processing /app/data/T0015/270588/b1256qt/universalinit-270588/src/universalinit/templates/svelte/src/lib/index.ts
2025-11-19 08:02:18,110 - Knowledge - INFO - Worker kw1 processing /app/data/T0015/270588/b1256qt/universalinit-270588/src/universalinit/templates/typescript/src/main.ts
2025-11-19 08:02:18,150 - Knowledge - INFO - [WEBSOCKET] Sent: Type=progress_update, Size: 273, Duration: 0ms
2025-11-19 08:02:18,225 - Knowledge - INFO - Fast-tracked /app/data/T0015/270588/b1256qt/universalinit-270588/src/universalinit/templates/svelte/src/lib/index.ts (ext=.ts, size=75)
2025-11-19 08:02:18,273 - Knowledge - INFO - process ingested knowledge for /app/data/T0015/270588/b1256qt/universalinit-270588/src/universalinit/templates/kotlin/build.gradle.kts
2025-11-19 08:02:18,313 - Knowledge - INFO - Fast-tracked /app/data/T0015/270588/b1256qt/universalinit-270588/src/universalinit/templates/typescript/src/main.ts (ext=.ts, size=781)
2025-11-19 08:02:18,386 - Knowledge - INFO - process ingested knowledge for /app/data/T0015/270588/b1256qt/universalinit-270588/src/universalinit/templates/nativescript/App_Resources/Android/app.gradle
2025-11-19 08:02:18,419 - Knowledge - INFO - [WEBSOCKET] Sent: Type=unknown, Size: ?, Duration: 269ms
2025-11-19 08:02:18,525 - Knowledge - INFO - Worker kw3 processing /app/data/T0015/270588/b1256qt/universalinit-270588/src/universalinit/templates/svelte/package.json
2025-11-19 08:02:18,676 - Knowledge - INFO - Worker kw1 processing /app/data/T0015/270588/b1256qt/universalinit-270588/src/universalinit/templates/typescript/src/vite-env.d.ts
2025-11-19 08:02:18,813 - Knowledge - INFO - Progress: 75.0% | Files: 240/312 | Rate: 2.66 files/sec | Queue: 31
2025-11-19 08:02:18,813 - Knowledge - INFO - Processing batch of 10 files
2025-11-19 08:02:18,955 - Knowledge - INFO - Fast-tracked /app/data/T0015/270588/b1256qt/universalinit-270588/src/universalinit/templates/svelte/package.json (ext=.json, size=1015)
2025-11-19 08:02:19,031 - Knowledge - INFO - Fast-tracked /app/data/T0015/270588/b1256qt/universalinit-270588/src/universalinit/templates/typescript/src/vite-env.d.ts (ext=.ts, size=38)
2025-11-19 08:02:19,078 - Knowledge - INFO - process ingested knowledge for /app/data/T0015/270588/b1256qt/universalinit-270588/src/universalinit/templates/kotlin/gradle/libs.versions.toml
2025-11-19 08:02:19,196 - Knowledge - INFO - process ingested knowledge for /app/data/T0015/270588/b1256qt/universalinit-270588/src/universalinit/templates/nativescript/App_Resources/Android/before-plugins.gradle
2025-11-19 08:02:19,222 - Knowledge - INFO - process ingested knowledge for /app/data/T0015/270588/b1256qt/universalinit-270588/src/universalinit/templates/django/api/urls.py
2025-11-19 08:02:19,255 - Knowledge - INFO - [kw18] Queue=31, InProgress=0, PendingWorkers=20/20, Completed=244/312 (78.2%)
2025-11-19 08:02:19,337 - Knowledge - INFO - Worker kw3 processing /app/data/T0015/270588/b1256qt/universalinit-270588/src/universalinit/templates/svelte/svelte.config.js
2025-11-19 08:02:19,410 - Knowledge - INFO - Worker kw1 processing /app/data/T0015/270588/b1256qt/universalinit-270588/src/universalinit/templates/typescript/src/counter.ts
2025-11-19 08:02:19,449 - Knowledge - INFO - [kw19] Queue=31, InProgress=0, PendingWorkers=20/20, Completed=244/312 (78.2%)
2025-11-19 08:02:19,615 - Knowledge - INFO - [kw11] Queue=31, InProgress=0, PendingWorkers=20/20, Completed=249/312 (79.8%)
2025-11-19 08:02:19,633 - Knowledge - INFO - Processing batch of 15 files
2025-11-19 08:02:19,675 - Knowledge - INFO - [kw12] Queue=31, InProgress=0, PendingWorkers=20/20, Completed=249/312 (79.8%)
2025-11-19 08:02:19,716 - Knowledge - INFO - Batch sizing: calculated=10, max_allowed=25, queue=31, active_workers=20/20
2025-11-19 08:02:19,720 - Knowledge - INFO - [kw10] Queue=31, InProgress=0, PendingWorkers=20/20, Completed=250/312 (80.1%)
2025-11-19 08:02:19,791 - Knowledge - INFO - process ingested knowledge for /app/data/T0015/270588/b1256qt/universalinit-270588/src/universalinit/templates/django/api/models.py
2025-11-19 08:02:19,791 - Knowledge - INFO - process ingested knowledge for /app/data/T0015/270588/b1256qt/universalinit-270588/src/universalinit/templates/android/config.yml
2025-11-19 08:02:19,833 - Knowledge - INFO - Fast-tracked /app/data/T0015/270588/b1256qt/universalinit-270588/src/universalinit/templates/svelte/svelte.config.js (ext=.js, size=699)
2025-11-19 08:02:19,854 - Knowledge - INFO - process ingested knowledge for /app/data/T0015/270588/b1256qt/universalinit-270588/src/universalinit/templates/nativescript/App_Resources/iOS/Assets.xcassets/Contents.json
2025-11-19 08:02:19,922 - Knowledge - INFO - Processing batch of 12 files
2025-11-19 08:02:19,923 - Knowledge - INFO - Fast-tracked /app/data/T0015/270588/b1256qt/universalinit-270588/src/universalinit/templates/typescript/src/counter.ts (ext=.ts, size=274)
2025-11-19 08:02:19,993 - Knowledge - INFO - Batch sizing: calculated=10, max_allowed=25, queue=31, active_workers=20/20
2025-11-19 08:02:20,043 - Knowledge - INFO - Processing batch of 15 files
2025-11-19 08:02:20,110 - Knowledge - INFO - Batch sizing: calculated=10, max_allowed=25, queue=31, active_workers=20/20
2025-11-19 08:02:20,225 - Knowledge - INFO - process ingested knowledge for /app/data/T0015/270588/b1256qt/universalinit-270588/src/universalinit/templates/nextjs/src/app/page.tsx
2025-11-19 08:02:20,295 - Knowledge - INFO - Batch sizing: calculated=10, max_allowed=25, queue=31, active_workers=20/20
2025-11-19 08:02:20,354 - Knowledge - INFO - Processing batch of 15 files
2025-11-19 08:02:20,478 - Knowledge - INFO - Batch sizing: calculated=10, max_allowed=25, queue=31, active_workers=20/20
2025-11-19 08:02:20,549 - Knowledge - INFO - Processing batch of 15 files
2025-11-19 08:02:20,597 - Knowledge - INFO - Async storing batch of 10 embeddings
2025-11-19 08:02:20,730 - Knowledge - INFO - [WEBSOCKET] Sent: Type=progress_update, Size: 273, Duration: 0ms
2025-11-19 08:02:20,765 - Knowledge - INFO - Worker kw3 processing /app/data/T0015/270588/b1256qt/universalinit-270588/src/universalinit/templates/svelte/config.yml
2025-11-19 08:02:20,797 - Knowledge - INFO - process ingested knowledge for /app/data/T0015/270588/b1256qt/universalinit-270588/src/universalinit/templates/django/api/apps.py
2025-11-19 08:02:20,966 - Knowledge - INFO - process ingested knowledge for /app/data/T0015/270588/b1256qt/universalinit-270588/src/universalinit/templates/remix/package.json
2025-11-19 08:02:20,991 - Knowledge - INFO - process ingested knowledge for /app/data/T0015/270588/b1256qt/universalinit-270588/src/universalinit/templates/android/init_script.sh
2025-11-19 08:02:21,036 - Knowledge - INFO - Worker kw1 processing /app/data/T0015/270588/b1256qt/universalinit-270588/src/universalinit/templates/typescript/package.json
2025-11-19 08:02:21,123 - Knowledge - INFO - process ingested knowledge for /app/data/T0015/270588/b1256qt/universalinit-270588/src/universalinit/templates/nativescript/App_Resources/iOS/Assets.xcassets/AppIcon.appiconset/Contents.json
2025-11-19 08:02:21,202 - Knowledge - INFO - process ingested knowledge for /app/data/T0015/270588/b1256qt/universalinit-270588/src/universalinit/templates/qwik/src/components/starter/infobox/infobox.tsx
2025-11-19 08:02:21,432 - Knowledge - INFO - process ingested knowledge for /app/data/T0015/270588/b1256qt/universalinit-270588/src/universalinit/templates/nextjs/src/app/globals.css
2025-11-19 08:02:21,543 - Knowledge - INFO - process ingested knowledge for /app/data/T0015/270588/b1256qt/universalinit-270588/src/universalinit/templates/qwik/src/routes/demo/flower/index.tsx
2025-11-19 08:02:21,716 - Knowledge - INFO - process ingested knowledge for /app/data/T0015/270588/b1256qt/universalinit-270588/test/test_vite_template.py
2025-11-19 08:02:21,845 - Knowledge - INFO - Worker kw18 processing /app/data/T0015/270588/b1256qt/universalinit-270588/src/universalinit/templates/typescript/index.html
2025-11-19 08:02:21,947 - Knowledge - INFO - Async storing batch of 10 embeddings
2025-11-19 08:02:21,958 - Knowledge - INFO - Async storing batch of 12 embeddings
2025-11-19 08:02:21,969 - Knowledge - INFO - Async storing batch of 12 embeddings
2025-11-19 08:02:22,006 - Knowledge - INFO - [WEBSOCKET] Sent: Type=unknown, Size: ?, Duration: 1276ms
2025-11-19 08:02:22,054 - Knowledge - INFO - Fast-tracked /app/data/T0015/270588/b1256qt/universalinit-270588/src/universalinit/templates/svelte/config.yml (ext=.yml, size=849)
2025-11-19 08:02:22,135 - Knowledge - INFO - process ingested knowledge for /app/data/T0015/270588/b1256qt/universalinit-270588/src/universalinit/templates/django/config.yml
2025-11-19 08:02:22,237 - Knowledge - INFO - process ingested knowledge for /app/data/T0015/270588/b1256qt/universalinit-270588/src/universalinit/templates/remix/config.yml
2025-11-19 08:02:22,307 - Knowledge - INFO - process ingested knowledge for /app/data/T0015/270588/b1256qt/universalinit-270588/src/universalinit/templates/lightningjs/src/pages/Home.ts
2025-11-19 08:02:22,377 - Knowledge - INFO - Fast-tracked /app/data/T0015/270588/b1256qt/universalinit-270588/src/universalinit/templates/typescript/package.json (ext=.json, size=367)
2025-11-19 08:02:22,449 - Knowledge - INFO - process ingested knowledge for /app/data/T0015/270588/b1256qt/universalinit-270588/src/universalinit/templates/nativescript/App_Resources/iOS/Assets.xcassets/LaunchScreen.AspectFill.imageset/Contents.json
2025-11-19 08:02:22,551 - Knowledge - INFO - process ingested knowledge for /app/data/T0015/270588/b1256qt/universalinit-270588/src/universalinit/templates/qwik/src/components/starter/next-steps/next-steps.tsx
2025-11-19 08:02:22,621 - Knowledge - INFO - process ingested knowledge for /app/data/T0015/270588/b1256qt/universalinit-270588/src/universalinit/templates/nextjs/src/app/layout.tsx
2025-11-19 08:02:22,733 - Knowledge - INFO - process ingested knowledge for /app/data/T0015/270588/b1256qt/universalinit-270588/src/universalinit/templates/qwik/src/routes/service-worker.ts
2025-11-19 08:02:22,807 - Knowledge - INFO - process ingested knowledge for /app/data/T0015/270588/b1256qt/universalinit-270588/test/test_nativescript_template.py
2025-11-19 08:02:22,875 - Knowledge - INFO - Fast-tracked /app/data/T0015/270588/b1256qt/universalinit-270588/src/universalinit/templates/typescript/index.html (ext=.html, size=356)
2025-11-19 08:02:22,948 - Knowledge - INFO - Worker kw19 processing /app/data/T0015/270588/b1256qt/universalinit-270588/src/universalinit/templates/nuxt/nuxt.config.ts
2025-11-19 08:02:23,045 - Knowledge - INFO - Worker kw11 processing /app/data/T0015/270588/b1256qt/universalinit-270588/src/universalinit/templates/react/src/setupTests.js
2025-11-19 08:02:23,160 - Knowledge - INFO - Worker kw12 processing /app/data/T0015/270588/b1256qt/universalinit-270588/README.md
2025-11-19 08:02:23,257 - Knowledge - INFO - Progress: 83.7% | Files: 261/312 | Rate: 2.79 files/sec | Queue: 0
2025-11-19 08:02:23,384 - Knowledge - INFO - Worker kw3 processing /app/data/T0015/270588/b1256qt/universalinit-270588/src/universalinit/templates/svelte/eslint.config.js
2025-11-19 08:02:23,492 - Knowledge - INFO - process ingested knowledge for /app/data/T0015/270588/b1256qt/universalinit-270588/src/universalinit/templates/django/config/settings.py
2025-11-19 08:02:23,572 - Knowledge - INFO - process ingested knowledge for /app/data/T0015/270588/b1256qt/universalinit-270588/src/universalinit/templates/remix/postcss.config.js
2025-11-19 08:02:23,652 - Knowledge - INFO - process ingested knowledge for /app/data/T0015/270588/b1256qt/universalinit-270588/src/universalinit/templates/lightningjs/src/App.ts
2025-11-19 08:02:23,724 - Knowledge - INFO - Worker kw1 processing /app/data/T0015/270588/b1256qt/universalinit-270588/src/universalinit/templates/typescript/config.yml
2025-11-19 08:02:23,826 - Knowledge - INFO - process ingested knowledge for /app/data/T0015/270588/b1256qt/universalinit-270588/src/universalinit/templates/nativescript/App_Resources/iOS/Assets.xcassets/LaunchScreen.Center.imageset/Contents.json
2025-11-19 08:02:23,905 - Knowledge - INFO - process ingested knowledge for /app/data/T0015/270588/b1256qt/universalinit-270588/src/universalinit/templates/qwik/src/components/starter/next-steps/next-steps.module.css
2025-11-19 08:02:23,982 - Knowledge - INFO - process ingested knowledge for /app/data/T0015/270588/b1256qt/universalinit-270588/src/universalinit/templates/nextjs/next.config.ts
2025-11-19 08:02:24,075 - Knowledge - INFO - process ingested knowledge for /app/data/T0015/270588/b1256qt/universalinit-270588/src/universalinit/templates/qwik/src/routes/layout.tsx
2025-11-19 08:02:24,202 - Knowledge - INFO - process ingested knowledge for /app/data/T0015/270588/b1256qt/universalinit-270588/test/test_nextjs_template.py
2025-11-19 08:02:24,279 - Knowledge - INFO - Worker kw18 processing /app/data/T0015/270588/b1256qt/universalinit-270588/src/universalinit/templates/slidev/pages/imported-slides.md
2025-11-19 08:02:24,425 - Knowledge - INFO - Fast-tracked /app/data/T0015/270588/b1256qt/universalinit-270588/src/universalinit/templates/nuxt/nuxt.config.ts (ext=.ts, size=243)
2025-11-19 08:02:24,495 - Knowledge - INFO - Fast-tracked /app/data/T0015/270588/b1256qt/universalinit-270588/src/universalinit/templates/react/src/setupTests.js (ext=.js, size=241)
2025-11-19 08:02:24,632 - Knowledge - INFO - Fast-tracked /app/data/T0015/270588/b1256qt/universalinit-270588/README.md (ext=.md, size=6491)
2025-11-19 08:02:24,846 - Knowledge - INFO - Fast-tracked /app/data/T0015/270588/b1256qt/universalinit-270588/src/universalinit/templates/svelte/eslint.config.js (ext=.js, size=900)
2025-11-19 08:02:24,918 - Knowledge - INFO - process ingested knowledge for /app/data/T0015/270588/b1256qt/universalinit-270588/src/universalinit/templates/django/config/wsgi.py
2025-11-19 08:02:24,995 - Knowledge - INFO - process ingested knowledge for /app/data/T0015/270588/b1256qt/universalinit-270588/src/universalinit/templates/remix/app/entry.server.tsx
2025-11-19 08:02:25,070 - Knowledge - INFO - process ingested knowledge for /app/data/T0015/270588/b1256qt/universalinit-270588/src/universalinit/templates/lightningjs/src/components/Loader.ts
2025-11-19 08:02:25,137 - Knowledge - INFO - Fast-tracked /app/data/T0015/270588/b1256qt/universalinit-270588/src/universalinit/templates/typescript/config.yml (ext=.yml, size=817)
2025-11-19 08:02:25,211 - Knowledge - INFO - process ingested knowledge for /app/data/T0015/270588/b1256qt/universalinit-270588/src/universalinit/templates/nativescript/jsconfig.json
2025-11-19 08:02:25,303 - Knowledge - INFO - process ingested knowledge for /app/data/T0015/270588/b1256qt/universalinit-270588/src/universalinit/templates/qwik/src/components/starter/footer/footer.tsx
2025-11-19 08:02:25,399 - Knowledge - INFO - process ingested knowledge for /app/data/T0015/270588/b1256qt/universalinit-270588/src/universalinit/templates/nextjs/package.json
2025-11-19 08:02:25,506 - Knowledge - INFO - process ingested knowledge for /app/data/T0015/270588/b1256qt/universalinit-270588/src/universalinit/templates/qwik/src/routes/styles.css
2025-11-19 08:02:25,597 - Knowledge - INFO - process ingested knowledge for /app/data/T0015/270588/b1256qt/universalinit-270588/test/conftest.py
2025-11-19 08:02:25,716 - Knowledge - INFO - Fast-tracked /app/data/T0015/270588/b1256qt/universalinit-270588/src/universalinit/templates/slidev/pages/imported-slides.md (ext=.md, size=365)
2025-11-19 08:02:25,793 - Knowledge - INFO - Worker kw19 processing /app/data/T0015/270588/b1256qt/universalinit-270588/src/universalinit/templates/nuxt/package.json
2025-11-19 08:02:25,863 - Knowledge - INFO - Worker kw11 processing /app/data/T0015/270588/b1256qt/universalinit-270588/src/universalinit/templates/react/src/index.css
2025-11-19 08:02:25,959 - Knowledge - INFO - Async storage completed for 12 embeddings
2025-11-19 08:02:26,066 - Knowledge - INFO - Worker kw3 processing /app/data/T0015/270588/b1256qt/universalinit-270588/src/universalinit/templates/svelte/vitest-setup-client.ts
2025-11-19 08:02:26,175 - Knowledge - INFO - process ingested knowledge for /app/data/T0015/270588/b1256qt/universalinit-270588/src/universalinit/templates/django/config/urls.py
2025-11-19 08:02:26,261 - Knowledge - INFO - process ingested knowledge for /app/data/T0015/270588/b1256qt/universalinit-270588/src/universalinit/templates/remix/app/entry.client.tsx
2025-11-19 08:02:26,376 - Knowledge - INFO - process ingested knowledge for /app/data/T0015/270588/b1256qt/universalinit-270588/src/universalinit/templates/lightningjs/src/index.ts
2025-11-19 08:02:26,450 - Knowledge - INFO - Worker kw1 processing /app/data/T0015/270588/b1256qt/universalinit-270588/src/universalinit/templates/typescript/tsconfig.json
2025-11-19 08:02:26,530 - Knowledge - INFO - process ingested knowledge for /app/data/T0015/270588/b1256qt/universalinit-270588/src/universalinit/templates/qwik/src/global.css
2025-11-19 08:02:26,634 - Knowledge - INFO - process ingested knowledge for /app/data/T0015/270588/b1256qt/universalinit-270588/src/universalinit/templates/qwik/src/components/starter/footer/footer.module.css
2025-11-19 08:02:26,721 - Knowledge - INFO - process ingested knowledge for /app/data/T0015/270588/b1256qt/universalinit-270588/src/universalinit/templates/nextjs/config.yml
2025-11-19 08:02:26,822 - Knowledge - INFO - process ingested knowledge for /app/data/T0015/270588/b1256qt/universalinit-270588/src/universalinit/templates/qwik/src/components/router-head/router-head.tsx
2025-11-19 08:02:26,900 - Knowledge - INFO - process ingested knowledge for /app/data/T0015/270588/b1256qt/universalinit-270588/test/test_qwik_template.py
2025-11-19 08:02:26,971 - Knowledge - INFO - Worker kw18 processing /app/data/T0015/270588/b1256qt/universalinit-270588/src/universalinit/templates/slidev/package.json
2025-11-19 08:02:27,056 - Knowledge - INFO - Fast-tracked /app/data/T0015/270588/b1256qt/universalinit-270588/src/universalinit/templates/nuxt/package.json (ext=.json, size=579)
2025-11-19 08:02:27,167 - Knowledge - INFO - Fast-tracked /app/data/T0015/270588/b1256qt/universalinit-270588/src/universalinit/templates/react/src/index.css (ext=.css, size=449)
2025-11-19 08:02:27,248 - Knowledge - INFO - Processing batch of 1 files
2025-11-19 08:02:27,357 - Knowledge - INFO - Fast-tracked /app/data/T0015/270588/b1256qt/universalinit-270588/src/universalinit/templates/svelte/vitest-setup-client.ts (ext=.ts, size=460)
2025-11-19 08:02:27,469 - Knowledge - INFO - process ingested knowledge for /app/data/T0015/270588/b1256qt/universalinit-270588/src/universalinit/templates/django/config/asgi.py
2025-11-19 08:02:27,539 - Knowledge - INFO - process ingested knowledge for /app/data/T0015/270588/b1256qt/universalinit-270588/src/universalinit/templates/remix/app/routes/_index.tsx
2025-11-19 08:02:27,650 - Knowledge - INFO - process ingested knowledge for /app/data/T0015/270588/b1256qt/universalinit-270588/src/universalinit/templates/lightningjs/package.json
2025-11-19 08:02:27,731 - Knowledge - INFO - Fast-tracked /app/data/T0015/270588/b1256qt/universalinit-270588/src/universalinit/templates/typescript/tsconfig.json (ext=.json, size=570)
2025-11-19 08:02:27,816 - Knowledge - INFO - process ingested knowledge for /app/data/T0015/270588/b1256qt/universalinit-270588/src/universalinit/templates/qwik/src/entry.dev.tsx
2025-11-19 08:02:27,895 - Knowledge - INFO - process ingested knowledge for /app/data/T0015/270588/b1256qt/universalinit-270588/src/universalinit/templates/qwik/src/root.tsx
2025-11-19 08:02:27,995 - Knowledge - INFO - process ingested knowledge for /app/data/T0015/270588/b1256qt/universalinit-270588/src/universalinit/templates/nextjs/tsconfig.json
2025-11-19 08:02:28,098 - Knowledge - INFO - process ingested knowledge for /app/data/T0015/270588/b1256qt/universalinit-270588/src/universalinit/templates/qwik/src/components/starter/counter/counter.tsx
2025-11-19 08:02:28,176 - Knowledge - INFO - process ingested knowledge for /app/data/T0015/270588/b1256qt/universalinit-270588/test/test_express_template.py
2025-11-19 08:02:28,282 - Knowledge - INFO - Fast-tracked /app/data/T0015/270588/b1256qt/universalinit-270588/src/universalinit/templates/slidev/package.json (ext=.json, size=908)
2025-11-19 08:02:28,370 - Knowledge - INFO - Worker kw19 processing /app/data/T0015/270588/b1256qt/universalinit-270588/src/universalinit/templates/nuxt/config.yml
2025-11-19 08:02:28,459 - Knowledge - INFO - Worker kw11 processing /app/data/T0015/270588/b1256qt/universalinit-270588/src/universalinit/templates/react/package.json
2025-11-19 08:02:28,533 - Knowledge - INFO - process ingested knowledge for /app/data/T0015/270588/b1256qt/universalinit-270588/README.md
2025-11-19 08:02:28,615 - Knowledge - INFO - Worker kw3 processing /app/data/T0015/270588/b1256qt/universalinit-270588/src/universalinit/templates/svelte/vite.config.ts
2025-11-19 08:02:28,713 - Knowledge - INFO - process ingested knowledge for /app/data/T0015/270588/b1256qt/universalinit-270588/src/universalinit/templates/svelte/src/app.d.ts
2025-11-19 08:02:28,792 - Knowledge - INFO - process ingested knowledge for /app/data/T0015/270588/b1256qt/universalinit-270588/src/universalinit/templates/remix/app/root.tsx
2025-11-19 08:02:28,937 - Knowledge - INFO - Worker kw1 processing /app/data/T0015/270588/b1256qt/universalinit-270588/src/universalinit/templates/typescript/eslint.config.mjs
2025-11-19 08:02:29,012 - Knowledge - INFO - process ingested knowledge for /app/data/T0015/270588/b1256qt/universalinit-270588/src/universalinit/templates/qwik/src/routes/index.tsx
2025-11-19 08:02:29,092 - Knowledge - INFO - process ingested knowledge for /app/data/T0015/270588/b1256qt/universalinit-270588/src/universalinit/templates/qwik/src/entry.ssr.tsx
2025-11-19 08:02:29,247 - Knowledge - INFO - process ingested knowledge for /app/data/T0015/270588/b1256qt/universalinit-270588/src/universalinit/templates/nextjs/README.md
2025-11-19 08:02:29,267 - Knowledge - INFO - process ingested knowledge for /app/data/T0015/270588/b1256qt/universalinit-270588/src/universalinit/templates/qwik/src/components/starter/counter/counter.module.css
2025-11-19 08:02:29,346 - Knowledge - INFO - process ingested knowledge for /app/data/T0015/270588/b1256qt/universalinit-270588/test/test_angular_template.py
2025-11-19 08:02:29,438 - Knowledge - INFO - Worker kw18 processing /app/data/T0015/270588/b1256qt/universalinit-270588/src/universalinit/templates/slidev/config.yml
2025-11-19 08:02:29,524 - Knowledge - INFO - Fast-tracked /app/data/T0015/270588/b1256qt/universalinit-270588/src/universalinit/templates/nuxt/config.yml (ext=.yml, size=809)
2025-11-19 08:02:29,622 - Knowledge - INFO - Fast-tracked /app/data/T0015/270588/b1256qt/universalinit-270588/src/universalinit/templates/react/package.json (ext=.json, size=672)
2025-11-19 08:02:29,769 - Knowledge - INFO - Fast-tracked /app/data/T0015/270588/b1256qt/universalinit-270588/src/universalinit/templates/svelte/vite.config.ts (ext=.ts, size=1295)
2025-11-19 08:02:29,848 - Knowledge - INFO - process ingested knowledge for /app/data/T0015/270588/b1256qt/universalinit-270588/src/universalinit/templates/svelte/src/hooks.server.js
2025-11-19 08:02:29,919 - Knowledge - INFO - process ingested knowledge for /app/data/T0015/270588/b1256qt/universalinit-270588/src/universalinit/templates/remix/app/tailwind.css
2025-11-19 08:02:30,042 - Knowledge - INFO - Fast-tracked /app/data/T0015/270588/b1256qt/universalinit-270588/src/universalinit/templates/typescript/eslint.config.mjs (ext=.mjs, size=772)
2025-11-19 08:02:30,149 - Knowledge - INFO - process ingested knowledge for /app/data/T0015/270588/b1256qt/universalinit-270588/src/universalinit/templates/qwik/src/routes/demo/todolist/index.tsx
2025-11-19 08:02:30,254 - Knowledge - INFO - process ingested knowledge for /app/data/T0015/270588/b1256qt/universalinit-270588/src/universalinit/templates/qwik/src/entry.preview.tsx
2025-11-19 08:02:30,323 - Knowledge - INFO - process ingested knowledge for /app/data/T0015/270588/b1256qt/universalinit-270588/src/universalinit/templates/nextjs/eslint.config.mjs
2025-11-19 08:02:30,415 - Knowledge - INFO - process ingested knowledge for /app/data/T0015/270588/b1256qt/universalinit-270588/src/universalinit/templates/qwik/src/components/starter/icons/qwik.tsx
2025-11-19 08:02:30,526 - Knowledge - INFO - process ingested knowledge for /app/data/T0015/270588/b1256qt/universalinit-270588/test/test_flutter_template.py
2025-11-19 08:02:30,639 - Knowledge - INFO - Fast-tracked /app/data/T0015/270588/b1256qt/universalinit-270588/src/universalinit/templates/slidev/config.yml (ext=.yml, size=822)
2025-11-19 08:02:30,713 - Knowledge - INFO - Worker kw19 processing /app/data/T0015/270588/b1256qt/universalinit-270588/src/universalinit/templates/nuxt/tsconfig.json
2025-11-19 08:02:30,805 - Knowledge - INFO - Worker kw11 processing /app/data/T0015/270588/b1256qt/universalinit-270588/src/universalinit/templates/react/config.yml
2025-11-19 08:02:30,910 - Knowledge - INFO - Async storage completed for 15 embeddings
2025-11-19 08:02:31,070 - Knowledge - INFO - process ingested knowledge for /app/data/T0015/270588/b1256qt/universalinit-270588/src/universalinit/templates/remix/vite.config.ts
2025-11-19 08:02:31,140 - Knowledge - INFO - Async storage completed for 15 embeddings
2025-11-19 08:02:31,245 - Knowledge - INFO - process ingested knowledge for /app/data/T0015/270588/b1256qt/universalinit-270588/src/universalinit/templates/qwik/src/routes/demo/todolist/todolist.module.css
2025-11-19 08:02:31,317 - Knowledge - INFO - process ingested knowledge for /app/data/T0015/270588/b1256qt/universalinit-270588/src/universalinit/templates/qwik/package.json
2025-11-19 08:02:31,398 - Knowledge - INFO - process ingested knowledge for /app/data/T0015/270588/b1256qt/universalinit-270588/src/universalinit/templates/nextjs/postcss.config.mjs
2025-11-19 08:02:31,508 - Knowledge - INFO - process ingested knowledge for /app/data/T0015/270588/b1256qt/universalinit-270588/src/universalinit/templates/qwik/src/components/starter/hero/hero.module.css
2025-11-19 08:02:31,666 - Knowledge - INFO - process ingested knowledge for /app/data/T0015/270588/b1256qt/universalinit-270588/src/universalinit/universalinit.py
2025-11-19 08:02:31,729 - Knowledge - INFO - Worker kw18 processing /app/data/T0015/270588/b1256qt/universalinit-270588/src/universalinit/templates/slidev/snippets/external.ts
2025-11-19 08:02:31,805 - Knowledge - INFO - Fast-tracked /app/data/T0015/270588/b1256qt/universalinit-270588/src/universalinit/templates/nuxt/tsconfig.json (ext=.json, size=94)
2025-11-19 08:02:31,873 - Knowledge - INFO - Fast-tracked /app/data/T0015/270588/b1256qt/universalinit-270588/src/universalinit/templates/react/config.yml (ext=.yml, size=751)
2025-11-19 08:02:32,028 - Knowledge - INFO - Processing batch of 10 files
2025-11-19 08:02:32,056 - Knowledge - INFO - process ingested knowledge for /app/data/T0015/270588/b1256qt/universalinit-270588/src/universalinit/templates/remix/tsconfig.json
2025-11-19 08:02:32,188 - Knowledge - INFO - Processing batch of 10 files
2025-11-19 08:02:32,229 - Knowledge - INFO - process ingested knowledge for /app/data/T0015/270588/b1256qt/universalinit-270588/src/universalinit/templates/qwik/src/routes/demo/flower/flower.css
2025-11-19 08:02:32,316 - Knowledge - INFO - process ingested knowledge for /app/data/T0015/270588/b1256qt/universalinit-270588/src/universalinit/templates/qwik/qwik.env.d.ts
2025-11-19 08:02:32,409 - Knowledge - INFO - process ingested knowledge for /app/data/T0015/270588/b1256qt/universalinit-270588/src/universalinit/templates/angular/src/server.ts
2025-11-19 08:02:32,540 - Knowledge - INFO - process ingested knowledge for /app/data/T0015/270588/b1256qt/universalinit-270588/src/universalinit/templates/qwik/src/components/starter/hero/hero.tsx
2025-11-19 08:02:32,620 - Knowledge - INFO - process ingested knowledge for /app/data/T0015/270588/b1256qt/universalinit-270588/src/universalinit/templates.py
2025-11-19 08:02:32,689 - Knowledge - INFO - Fast-tracked /app/data/T0015/270588/b1256qt/universalinit-270588/src/universalinit/templates/slidev/snippets/external.ts (ext=.ts, size=275)
2025-11-19 08:02:32,777 - Knowledge - INFO - Worker kw19 processing /app/data/T0015/270588/b1256qt/universalinit-270588/src/universalinit/templates/nuxt/README.md
2025-11-19 08:02:32,860 - Knowledge - INFO - Worker kw11 processing /app/data/T0015/270588/b1256qt/universalinit-270588/src/universalinit/templates/react/README.md
2025-11-19 08:02:32,953 - Knowledge - INFO - process ingested knowledge for /app/data/T0015/270588/b1256qt/universalinit-270588/src/universalinit/templates/svelte/src/app.html
2025-11-19 08:02:33,105 - Knowledge - INFO - process ingested knowledge for /app/data/T0015/270588/b1256qt/universalinit-270588/src/universalinit/templates/remix/tailwind.config.ts
2025-11-19 08:02:33,173 - Knowledge - INFO - process ingested knowledge for /app/data/T0015/270588/b1256qt/universalinit-270588/src/universalinit/templates/svelte/tsconfig.json
2025-11-19 08:02:33,398 - Knowledge - INFO - process ingested knowledge for /app/data/T0015/270588/b1256qt/universalinit-270588/src/universalinit/templates/qwik/config.yml
2025-11-19 08:02:33,484 - Knowledge - INFO - process ingested knowledge for /app/data/T0015/270588/b1256qt/universalinit-270588/src/universalinit/templates/angular/src/main.ts
2025-11-19 08:02:33,639 - Knowledge - INFO - process ingested knowledge for /app/data/T0015/270588/b1256qt/universalinit-270588/src/universalinit/templates/qwik/src/components/starter/gauge/gauge.module.css
2025-11-19 08:02:33,660 - Knowledge - INFO - process ingested knowledge for /app/data/T0015/270588/b1256qt/universalinit-270588/src/universalinit/templateconfig.py
2025-11-19 08:02:33,770 - Knowledge - INFO - Worker kw18 processing /app/data/T0015/270588/b1256qt/universalinit-270588/src/universalinit/templates/slidev/vercel.json
2025-11-19 08:02:33,906 - Knowledge - INFO - Fast-tracked /app/data/T0015/270588/b1256qt/universalinit-270588/src/universalinit/templates/nuxt/README.md (ext=.md, size=822)
2025-11-19 08:02:33,985 - Knowledge - INFO - Fast-tracked /app/data/T0015/270588/b1256qt/universalinit-270588/src/universalinit/templates/react/README.md (ext=.md, size=2764)
2025-11-19 08:02:34,071 - Knowledge - INFO - process ingested knowledge for /app/data/T0015/270588/b1256qt/universalinit-270588/src/universalinit/templates/svelte/src/routes/page.svelte.test.ts
2025-11-19 08:02:34,174 - Knowledge - INFO - process ingested knowledge for /app/data/T0015/270588/b1256qt/universalinit-270588/src/universalinit/templates/remix/README.md
2025-11-19 08:02:34,272 - Knowledge - INFO - process ingested knowledge for /app/data/T0015/270588/b1256qt/universalinit-270588/src/universalinit/templates/svelte/README.md
2025-11-19 08:02:34,360 - Knowledge - INFO - process ingested knowledge for /app/data/T0015/270588/b1256qt/universalinit-270588/src/universalinit/templates/qwik/vite.config.ts
2025-11-19 08:02:34,390 - Knowledge - INFO - process ingested knowledge for /app/data/T0015/270588/b1256qt/universalinit-270588/src/universalinit/templates/angular/src/app/app.component.spec.ts
2025-11-19 08:02:34,492 - Knowledge - INFO - process ingested knowledge for /app/data/T0015/270588/b1256qt/universalinit-270588/src/universalinit/templates/qwik/src/components/starter/gauge/index.tsx
2025-11-19 08:02:34,581 - Knowledge - INFO - process ingested knowledge for /app/data/T0015/270588/b1256qt/universalinit-270588/src/universalinit/cli.py
2025-11-19 08:02:34,643 - Knowledge - INFO - Fast-tracked /app/data/T0015/270588/b1256qt/universalinit-270588/src/universalinit/templates/slidev/vercel.json (ext=.json, size=144)
2025-11-19 08:02:34,714 - Knowledge - INFO - Worker kw19 processing /app/data/T0015/270588/b1256qt/universalinit-270588/src/universalinit/templates/nuxt/eslint.config.mjs
2025-11-19 08:02:34,746 - Knowledge - INFO - [WEBSOCKET] Sent: Type=progress_update, Size: 273, Duration: 0ms
2025-11-19 08:02:34,794 - Knowledge - INFO - Worker kw11 processing /app/data/T0015/270588/b1256qt/universalinit-270588/src/universalinit/templates/react/eslint.config.mjs
2025-11-19 08:02:34,875 - Knowledge - INFO - process ingested knowledge for /app/data/T0015/270588/b1256qt/universalinit-270588/src/universalinit/templates/svelte/src/demo.spec.ts
2025-11-19 08:02:35,068 - Knowledge - INFO - process ingested knowledge for /app/data/T0015/270588/b1256qt/universalinit-270588/src/universalinit/templates/typescript/src/style.css
2025-11-19 08:02:35,168 - Knowledge - INFO - process ingested knowledge for /app/data/T0015/270588/b1256qt/universalinit-270588/src/universalinit/templates/qwik/tsconfig.json
2025-11-19 08:02:35,244 - Knowledge - INFO - process ingested knowledge for /app/data/T0015/270588/b1256qt/universalinit-270588/src/universalinit/templates/angular/src/app/app.config.ts
2025-11-19 08:02:35,353 - Knowledge - INFO - process ingested knowledge for /app/data/T0015/270588/b1256qt/universalinit-270588/src/universalinit/templates/qwik/src/components/starter/header/header.module.css
2025-11-19 08:02:35,446 - Knowledge - INFO - process ingested knowledge for /app/data/T0015/270588/b1256qt/universalinit-270588/src/universalinit/templates/vue/env.d.ts
2025-11-19 08:02:35,532 - Knowledge - INFO - Worker kw18 processing /app/data/T0015/270588/b1256qt/universalinit-270588/src/universalinit/templates/slidev/netlify.toml
2025-11-19 08:02:35,647 - Knowledge - INFO - Fast-tracked /app/data/T0015/270588/b1256qt/universalinit-270588/src/universalinit/templates/nuxt/eslint.config.mjs (ext=.mjs, size=1068)
2025-11-19 08:02:35,759 - Knowledge - INFO - [WEBSOCKET] Sent: Type=unknown, Size: ?, Duration: 1013ms
2025-11-19 08:02:35,860 - Knowledge - INFO - Fast-tracked /app/data/T0015/270588/b1256qt/universalinit-270588/src/universalinit/templates/react/eslint.config.mjs (ext=.mjs, size=725)
2025-11-19 08:02:35,978 - Knowledge - INFO - process ingested knowledge for /app/data/T0015/270588/b1256qt/universalinit-270588/src/universalinit/templates/svelte/src/lib/index.ts
2025-11-19 08:02:36,090 - Knowledge - INFO - process ingested knowledge for /app/data/T0015/270588/b1256qt/universalinit-270588/src/universalinit/templates/typescript/src/main.ts
2025-11-19 08:02:36,095 - Knowledge - INFO - process ingested knowledge for /app/data/T0015/270588/b1256qt/universalinit-270588/src/universalinit/templates/qwik/README.md
2025-11-19 08:02:36,206 - Knowledge - INFO - process ingested knowledge for /app/data/T0015/270588/b1256qt/universalinit-270588/src/universalinit/templates/angular/src/app/app.routes.ts
2025-11-19 08:02:36,296 - Knowledge - INFO - process ingested knowledge for /app/data/T0015/270588/b1256qt/universalinit-270588/src/universalinit/templates/qwik/src/components/starter/header/header.tsx
2025-11-19 08:02:36,393 - Knowledge - INFO - process ingested knowledge for /app/data/T0015/270588/b1256qt/universalinit-270588/src/universalinit/templates/vue/vitest.config.ts
2025-11-19 08:02:36,482 - Knowledge - INFO - Fast-tracked /app/data/T0015/270588/b1256qt/universalinit-270588/src/universalinit/templates/slidev/netlify.toml (ext=.toml, size=230)
2025-11-19 08:02:36,560 - Knowledge - INFO - Worker kw19 processing /app/data/T0015/270588/b1256qt/universalinit-270588/src/universalinit/templates/nuxt/server/tsconfig.json
2025-11-19 08:02:36,634 - Knowledge - INFO - Progress: 90.4% | Files: 282/312 | Rate: 2.62 files/sec | Queue: 0
2025-11-19 08:02:36,720 - Knowledge - INFO - Worker kw11 processing /app/data/T0015/270588/b1256qt/universalinit-270588/src/universalinit/templates/react/public/index.html
2025-11-19 08:02:36,824 - Knowledge - INFO - process ingested knowledge for /app/data/T0015/270588/b1256qt/universalinit-270588/src/universalinit/templates/svelte/package.json
2025-11-19 08:02:36,934 - Knowledge - INFO - process ingested knowledge for /app/data/T0015/270588/b1256qt/universalinit-270588/src/universalinit/templates/typescript/src/vite-env.d.ts
2025-11-19 08:02:37,003 - Knowledge - INFO - process ingested knowledge for /app/data/T0015/270588/b1256qt/universalinit-270588/src/universalinit/templates/qwik/public/manifest.json
2025-11-19 08:02:37,297 - Knowledge - INFO - process ingested knowledge for /app/data/T0015/270588/b1256qt/universalinit-270588/src/universalinit/templates/vue/src/stores/counter.ts
2025-11-19 08:02:37,299 - Knowledge - INFO - process ingested knowledge for /app/data/T0015/270588/b1256qt/universalinit-270588/src/universalinit/templates/qwik/src/components/starter/infobox/infobox.module.css
2025-11-19 08:02:37,406 - Knowledge - INFO - Worker kw18 processing /app/data/T0015/270588/b1256qt/universalinit-270588/src/universalinit/templates/slidev/README.md
2025-11-19 08:02:37,482 - Knowledge - INFO - Fast-tracked /app/data/T0015/270588/b1256qt/universalinit-270588/src/universalinit/templates/nuxt/server/tsconfig.json (ext=.json, size=49)
2025-11-19 08:02:37,693 - Knowledge - INFO - Fast-tracked /app/data/T0015/270588/b1256qt/universalinit-270588/src/universalinit/templates/react/public/index.html (ext=.html, size=1984)
2025-11-19 08:02:37,786 - Knowledge - INFO - process ingested knowledge for /app/data/T0015/270588/b1256qt/universalinit-270588/src/universalinit/templates/svelte/svelte.config.js
2025-11-19 08:02:37,864 - Knowledge - INFO - process ingested knowledge for /app/data/T0015/270588/b1256qt/universalinit-270588/src/universalinit/templates/typescript/src/counter.ts
2025-11-19 08:02:38,249 - Knowledge - INFO - Fast-tracked /app/data/T0015/270588/b1256qt/universalinit-270588/src/universalinit/templates/slidev/README.md (ext=.md, size=270)
2025-11-19 08:02:38,363 - Knowledge - INFO - Worker kw19 processing /app/data/T0015/270588/b1256qt/universalinit-270588/src/universalinit/templates/react/src/App.css
2025-11-19 08:02:38,450 - Knowledge - INFO - Worker kw11 processing /app/data/T0015/270588/b1256qt/universalinit-270588/src/universalinit/templates/react/public/robots.txt
2025-11-19 08:02:38,662 - Knowledge - INFO - Worker kw18 processing /app/data/T0015/270588/b1256qt/universalinit-270588/src/universalinit/templates/slidev/slides.md
2025-11-19 08:02:38,692 - Knowledge - INFO - process ingested knowledge for /app/data/T0015/270588/b1256qt/universalinit-270588/src/universalinit/templates/typescript/package.json
2025-11-19 08:02:38,737 - Knowledge - INFO - Fast-tracked /app/data/T0015/270588/b1256qt/universalinit-270588/src/universalinit/templates/react/src/App.css (ext=.css, size=1825)
2025-11-19 08:02:38,804 - Knowledge - INFO - Fast-tracked /app/data/T0015/270588/b1256qt/universalinit-270588/src/universalinit/templates/react/public/robots.txt (ext=.txt, size=67)
2025-11-19 08:02:38,906 - Knowledge - INFO - Fast-tracked /app/data/T0015/270588/b1256qt/universalinit-270588/src/universalinit/templates/slidev/slides.md (ext=.md, size=13510)
2025-11-19 08:02:38,975 - Knowledge - INFO - process ingested knowledge for /app/data/T0015/270588/b1256qt/universalinit-270588/src/universalinit/templates/svelte/config.yml
2025-11-19 08:02:39,069 - Knowledge - INFO - Worker kw19 processing /app/data/T0015/270588/b1256qt/universalinit-270588/src/universalinit/templates/react/src/App.js
2025-11-19 08:02:39,176 - Knowledge - INFO - Worker kw11 processing /app/data/T0015/270588/b1256qt/universalinit-270588/src/universalinit/templates/react/public/manifest.json
2025-11-19 08:02:39,270 - Knowledge - INFO - Worker kw18 processing /app/data/T0015/270588/b1256qt/universalinit-270588/src/universalinit/templates/slidev/prettierrc.js
2025-11-19 08:02:39,401 - Knowledge - INFO - process ingested knowledge for /app/data/T0015/270588/b1256qt/universalinit-270588/src/universalinit/templates/typescript/config.yml
2025-11-19 08:02:39,454 - Knowledge - INFO - Fast-tracked /app/data/T0015/270588/b1256qt/universalinit-270588/src/universalinit/templates/react/src/App.js (ext=.js, size=1001)
2025-11-19 08:02:39,475 - Knowledge - INFO - process ingested knowledge for /app/data/T0015/270588/b1256qt/universalinit-270588/src/universalinit/templates/svelte/eslint.config.js
2025-11-19 08:02:39,532 - Knowledge - INFO - Fast-tracked /app/data/T0015/270588/b1256qt/universalinit-270588/src/universalinit/templates/react/public/manifest.json (ext=.json, size=492)
2025-11-19 08:02:39,639 - Knowledge - INFO - Fast-tracked /app/data/T0015/270588/b1256qt/universalinit-270588/src/universalinit/templates/slidev/prettierrc.js (ext=.js, size=158)
2025-11-19 08:02:39,837 - Knowledge - INFO - Worker kw19 processing /app/data/T0015/270588/b1256qt/universalinit-270588/src/universalinit/templates/react/src/index.js
2025-11-19 08:02:39,907 - Knowledge - INFO - process ingested knowledge for /app/data/T0015/270588/b1256qt/universalinit-270588/src/universalinit/templates/typescript/tsconfig.json
2025-11-19 08:02:39,966 - Knowledge - INFO - process ingested knowledge for /app/data/T0015/270588/b1256qt/universalinit-270588/src/universalinit/templates/svelte/vitest-setup-client.ts
2025-11-19 08:02:40,009 - Knowledge - INFO - Worker kw11 processing /app/data/T0015/270588/b1256qt/universalinit-270588/pyproject.toml
2025-11-19 08:02:40,105 - Knowledge - INFO - Async storage completed for 10 embeddings
2025-11-19 08:02:40,211 - Knowledge - INFO - Fast-tracked /app/data/T0015/270588/b1256qt/universalinit-270588/src/universalinit/templates/react/src/index.js (ext=.js, size=254)
2025-11-19 08:02:40,431 - Knowledge - INFO - process ingested knowledge for /app/data/T0015/270588/b1256qt/universalinit-270588/src/universalinit/templates/typescript/eslint.config.mjs
2025-11-19 08:02:40,439 - Knowledge - INFO - Fast-tracked /app/data/T0015/270588/b1256qt/universalinit-270588/pyproject.toml (ext=.toml, size=564)
2025-11-19 08:02:40,559 - Knowledge - INFO - process ingested knowledge for /app/data/T0015/270588/b1256qt/universalinit-270588/src/universalinit/templates/svelte/vite.config.ts
2025-11-19 08:02:40,644 - Knowledge - INFO - Async storage completed for 10 embeddings
2025-11-19 08:02:40,795 - Knowledge - INFO - Async storage completed for 12 embeddings
2025-11-19 08:02:41,469 - Knowledge - INFO - [WEBSOCKET] Sent: Type=progress_update, Size: 273, Duration: 0ms
2025-11-19 08:02:41,649 - Knowledge - INFO - [WEBSOCKET] Sent: Type=unknown, Size: ?, Duration: 180ms
2025-11-19 08:02:41,791 - Knowledge - INFO - Progress: 92.9% | Files: 293/312 | Rate: 2.57 files/sec | Queue: 0
2025-11-19 08:02:41,936 - Knowledge - INFO - Processing batch of 10 files
2025-11-19 08:02:42,142 - Knowledge - INFO - Processing batch of 10 files
2025-11-19 08:02:42,144 - Knowledge - INFO - Processing batch of 10 files
2025-11-19 08:02:42,155 - Knowledge - INFO - process ingested knowledge for /app/data/T0015/270588/b1256qt/universalinit-270588/src/universalinit/templates/typescript/index.html
2025-11-19 08:02:42,309 - Knowledge - INFO - process ingested knowledge for /app/data/T0015/270588/b1256qt/universalinit-270588/src/universalinit/templates/react/src/setupTests.js
2025-11-19 08:02:42,407 - Knowledge - INFO - process ingested knowledge for /app/data/T0015/270588/b1256qt/universalinit-270588/src/universalinit/templates/nuxt/nuxt.config.ts
2025-11-19 08:02:42,536 - Knowledge - INFO - process ingested knowledge for /app/data/T0015/270588/b1256qt/universalinit-270588/src/universalinit/templates/slidev/pages/imported-slides.md
2025-11-19 08:02:42,562 - Knowledge - INFO - process ingested knowledge for /app/data/T0015/270588/b1256qt/universalinit-270588/src/universalinit/templates/react/src/index.css
2025-11-19 08:02:42,697 - Knowledge - INFO - process ingested knowledge for /app/data/T0015/270588/b1256qt/universalinit-270588/src/universalinit/templates/nuxt/package.json
2025-11-19 08:02:42,766 - Knowledge - INFO - process ingested knowledge for /app/data/T0015/270588/b1256qt/universalinit-270588/src/universalinit/templates/slidev/package.json
2025-11-19 08:02:42,827 - Knowledge - INFO - process ingested knowledge for /app/data/T0015/270588/b1256qt/universalinit-270588/src/universalinit/templates/react/package.json
2025-11-19 08:02:42,902 - Knowledge - INFO - process ingested knowledge for /app/data/T0015/270588/b1256qt/universalinit-270588/src/universalinit/templates/nuxt/config.yml
2025-11-19 08:02:43,012 - Knowledge - INFO - process ingested knowledge for /app/data/T0015/270588/b1256qt/universalinit-270588/src/universalinit/templates/slidev/config.yml
2025-11-19 08:02:43,122 - Knowledge - INFO - process ingested knowledge for /app/data/T0015/270588/b1256qt/universalinit-270588/src/universalinit/templates/react/config.yml
2025-11-19 08:02:43,211 - Knowledge - INFO - process ingested knowledge for /app/data/T0015/270588/b1256qt/universalinit-270588/src/universalinit/templates/nuxt/tsconfig.json
2025-11-19 08:02:43,316 - Knowledge - INFO - process ingested knowledge for /app/data/T0015/270588/b1256qt/universalinit-270588/src/universalinit/templates/slidev/snippets/external.ts
2025-11-19 08:02:43,388 - Knowledge - INFO - process ingested knowledge for /app/data/T0015/270588/b1256qt/universalinit-270588/src/universalinit/templates/react/README.md
2025-11-19 08:02:43,474 - Knowledge - INFO - process ingested knowledge for /app/data/T0015/270588/b1256qt/universalinit-270588/src/universalinit/templates/nuxt/README.md
2025-11-19 08:02:43,548 - Knowledge - INFO - process ingested knowledge for /app/data/T0015/270588/b1256qt/universalinit-270588/src/universalinit/templates/slidev/vercel.json
2025-11-19 08:02:43,617 - Knowledge - INFO - process ingested knowledge for /app/data/T0015/270588/b1256qt/universalinit-270588/src/universalinit/templates/react/eslint.config.mjs
2025-11-19 08:02:43,690 - Knowledge - INFO - process ingested knowledge for /app/data/T0015/270588/b1256qt/universalinit-270588/src/universalinit/templates/nuxt/eslint.config.mjs
2025-11-19 08:02:43,757 - Knowledge - INFO - process ingested knowledge for /app/data/T0015/270588/b1256qt/universalinit-270588/src/universalinit/templates/slidev/netlify.toml
2025-11-19 08:02:43,900 - Knowledge - INFO - process ingested knowledge for /app/data/T0015/270588/b1256qt/universalinit-270588/src/universalinit/templates/react/public/index.html
2025-11-19 08:02:43,967 - Knowledge - INFO - process ingested knowledge for /app/data/T0015/270588/b1256qt/universalinit-270588/src/universalinit/templates/nuxt/server/tsconfig.json
2025-11-19 08:02:44,037 - Knowledge - INFO - process ingested knowledge for /app/data/T0015/270588/b1256qt/universalinit-270588/src/universalinit/templates/slidev/README.md
2025-11-19 08:02:44,148 - Knowledge - INFO - process ingested knowledge for /app/data/T0015/270588/b1256qt/universalinit-270588/src/universalinit/templates/react/public/robots.txt
2025-11-19 08:02:44,228 - Knowledge - INFO - process ingested knowledge for /app/data/T0015/270588/b1256qt/universalinit-270588/src/universalinit/templates/react/src/App.css
2025-11-19 08:02:44,296 - Knowledge - INFO - process ingested knowledge for /app/data/T0015/270588/b1256qt/universalinit-270588/src/universalinit/templates/slidev/slides.md
2025-11-19 08:02:44,364 - Knowledge - INFO - process ingested knowledge for /app/data/T0015/270588/b1256qt/universalinit-270588/src/universalinit/templates/react/public/manifest.json
2025-11-19 08:02:44,478 - Knowledge - INFO - process ingested knowledge for /app/data/T0015/270588/b1256qt/universalinit-270588/src/universalinit/templates/react/src/App.js
2025-11-19 08:02:44,594 - Knowledge - INFO - process ingested knowledge for /app/data/T0015/270588/b1256qt/universalinit-270588/src/universalinit/templates/slidev/prettierrc.js
2025-11-19 08:02:44,671 - Knowledge - INFO - process ingested knowledge for /app/data/T0015/270588/b1256qt/universalinit-270588/pyproject.toml
2025-11-19 08:02:44,775 - Knowledge - INFO - process ingested knowledge for /app/data/T0015/270588/b1256qt/universalinit-270588/src/universalinit/templates/react/src/index.js
2025-11-19 08:02:46,283 - Knowledge - INFO - [WEBSOCKET] Sent: Type=progress_update, Size: 273, Duration: 0ms
2025-11-19 08:02:46,470 - Knowledge - INFO - [WEBSOCKET] Sent: Type=unknown, Size: ?, Duration: 187ms
2025-11-19 08:02:46,655 - Knowledge - INFO - Progress: 100.0% | Files: 312/312 | Rate: 2.62 files/sec | Queue: 0
2025-11-19 08:02:46,837 - Knowledge - INFO - Knowledge creation complete
2025-11-19 08:02:46,986 - Knowledge - INFO - ==================================================
2025-11-19 08:02:47,160 - Knowledge - INFO - KNOWLEDGE GRAPH GENERATION PERFORMANCE SUMMARY
2025-11-19 08:02:47,348 - Knowledge - INFO - ==================================================
2025-11-19 08:02:47,552 - Knowledge - INFO - Total processing time: 119.85 seconds (2.00 minutes)
2025-11-19 08:02:47,734 - Knowledge - INFO - Files processed: 0
2025-11-19 08:02:47,897 - Knowledge - INFO - Processing rate: 0.00 files/second
2025-11-19 08:02:48,071 - Knowledge - INFO - 
[TIME_BREAKDOWN]
2025-11-19 08:02:48,285 - Knowledge - INFO - File Reading: 0.00s (0.0%)
2025-11-19 08:02:48,474 - Knowledge - INFO - LLM Processing: 136.71s (114.1%)
2025-11-19 08:02:48,667 - Knowledge - INFO - MongoDB Operations: 0.00s (0.0%)
2025-11-19 08:02:48,832 - Knowledge - INFO - Redis Operations: 0.00s (0.0%)
2025-11-19 08:02:49,021 - Knowledge - INFO - WebSocket Communication: 4.26s (3.6%)
2025-11-19 08:02:49,183 - Knowledge - INFO - 
[LLM_STATS]
2025-11-19 08:02:49,378 - Knowledge - INFO - Total LLM calls: 12
2025-11-19 08:02:49,551 - Knowledge - INFO - Average LLM response time: 11393ms
2025-11-19 08:02:49,734 - Knowledge - INFO - Average prompt tokens: 5910.7
2025-11-19 08:02:49,903 - Knowledge - INFO - Average completion tokens: 383.3
2025-11-19 08:02:50,066 - Knowledge - INFO - Total prompt tokens: 70928
2025-11-19 08:02:50,277 - Knowledge - INFO - Total completion tokens: 4600
2025-11-19 08:02:50,444 - Knowledge - INFO - Total LLM cost: $0.0089
2025-11-19 08:02:50,618 - Knowledge - INFO - 
[DATABASE_STATS]
2025-11-19 08:02:50,834 - Knowledge - INFO - MongoDB operations: 0
2025-11-19 08:02:51,035 - Knowledge - INFO - Redis operations: 0
2025-11-19 08:02:51,203 - Knowledge - INFO - 
[COMMUNICATION_STATS]
2025-11-19 08:02:51,396 - Knowledge - INFO - WebSocket messages sent: 12
2025-11-19 08:02:51,564 - Knowledge - INFO - Average message size: 138.0 bytes
2025-11-19 08:02:51,744 - Knowledge - INFO - 
[WORKER_STATS]
2025-11-19 08:02:51,937 - Knowledge - INFO - 
[FILE_TYPE_STATS]
2025-11-19 08:02:52,129 - Knowledge - INFO - 
[SLOWEST_FILES]
2025-11-19 08:02:52,313 - Knowledge - INFO - ==================================================
2025-11-19 08:02:52,473 - Knowledge - INFO - ==================================================
2025-11-19 08:02:52,636 - Knowledge - INFO - KNOWLEDGE GRAPH GENERATION PERFORMANCE SUMMARY
2025-11-19 08:02:52,838 - Knowledge - INFO - ==================================================
2025-11-19 08:02:52,979 - Knowledge - INFO - Total processing time: 125.39 seconds (2.09 minutes)
2025-11-19 08:02:53,162 - Knowledge - INFO - Files processed: 312 of 312
2025-11-19 08:02:53,365 - Knowledge - INFO - Processing rate: 2.49 files/second
2025-11-19 08:02:53,574 - Knowledge - INFO - WebSocket messages sent: 6
2025-11-19 08:02:53,740 - Knowledge - INFO - MongoDB operations: 312
2025-11-19 08:02:53,903 - Knowledge - INFO - Average MongoDB ops per file: 1.00
2025-11-19 08:02:54,082 - Knowledge - INFO - LLM costs: $0.0089
2025-11-19 08:02:54,239 - Knowledge - INFO - Prompt tokens: 70928
2025-11-19 08:02:54,418 - Knowledge - INFO - Completion tokens: 4600
2025-11-19 08:02:54,569 - Knowledge - INFO - Updating org costs, total cost: 0.008932799999999998
2025-11-19 08:02:55,785 - Knowledge - INFO - [WEBSOCKET] Sent: Type=progress_update, Size: 268, Duration: 0ms
2025-11-19 08:02:55,964 - Knowledge - INFO - Saving knowledge to Redis...
2025-11-19 08:02:56,230 - Knowledge - INFO - Knowledge saved to Redis successfully
2025-11-26 11:44:44,179 - Knowledge - INFO - Created shared MongoDB connection pool
2025-11-26 11:44:44,531 - Knowledge - INFO - Starting Knowledge Graph processing with 20 threads
2025-11-26 11:44:44,726 - Knowledge - INFO - Initial configuration: chunk_size=65536, max_cache_size=500
2025-11-26 11:44:44,899 - Knowledge - INFO - Knowledge Graph concurrency configuration: workers=20, max_batch_size=25, max_concurrent_llm_calls=50
2025-11-26 11:44:45,811 - Knowledge - INFO - 🔍 _load_persisted_knowledge called - checking for Redis optimization
2025-11-26 11:44:45,991 - Knowledge - WARNING - ❌ load_from_redis method not found - Redis support not attached
2025-11-26 11:44:46,185 - Knowledge - INFO - load persisted knowledge: begin
2025-11-26 11:44:49,456 - Knowledge - INFO - Persisted knowledge files in /app/data/T0015/270588/b1256qt/universalinit-270588/.knowledge have been renamed to use .json
2025-11-26 11:44:49,683 - Knowledge - INFO - Found code-base-name: https://github.com/kavia-common/universalinit-270588.git:kavia-Add-Lightningjs-Template
2025-11-26 11:44:49,842 - Knowledge - INFO - Found code_base: <app.utils.kg_build.knowledge.KnowledgeCodeBase object at 0x7fa07ff5cd10>
2025-11-26 11:44:50,275 - Knowledge - INFO - Found code-base-name: https://github.com/kavia-common/universalinit-270588.git:kavia-Add-Lightningjs-Template
2025-11-26 11:44:50,440 - Knowledge - INFO - Found code_base: <app.utils.kg_build.knowledge.KnowledgeCodeBase object at 0x7fa07ff5cd10>
2025-11-26 11:44:50,613 - Knowledge - INFO - persist ingested knowledge for /app/data/T0015/270588/b1256qt/universalinit-270588/src/universalinit/templates/svelte/tsconfig.json
2025-11-26 11:44:50,917 - Knowledge - INFO - [MONGODB_OP] Completed: persist, Collection: file_info, Duration: 132ms
2025-11-26 11:44:51,977 - Knowledge - INFO - [REDIS_OP] Completed: store_embedding, Key: src/universalinit/templates/svelte/tsconfig.json, Duration: 864ms
2025-11-26 11:44:52,153 - Knowledge - INFO - persist search terms embedding for src/universalinit/templates/svelte/tsconfig.json
2025-11-26 11:44:52,381 - Knowledge - INFO - process ingested knowledge for /app/data/T0015/270588/b1256qt/universalinit-270588/src/universalinit/templates/svelte/tsconfig.json
2025-11-26 11:44:52,557 - Knowledge - INFO - Found code-base-name: https://github.com/kavia-common/universalinit-270588.git:kavia-Add-Lightningjs-Template
2025-11-26 11:44:52,740 - Knowledge - INFO - Found code_base: <app.utils.kg_build.knowledge.KnowledgeCodeBase object at 0x7fa07ff5cd10>
2025-11-26 11:44:53,009 - Knowledge - INFO - Found code-base-name: https://github.com/kavia-common/universalinit-270588.git:kavia-Add-Lightningjs-Template
2025-11-26 11:44:53,175 - Knowledge - INFO - Found code_base: <app.utils.kg_build.knowledge.KnowledgeCodeBase object at 0x7fa07ff5cd10>
2025-11-26 11:44:53,388 - Knowledge - INFO - persist ingested knowledge for /app/data/T0015/270588/b1256qt/universalinit-270588/src/universalinit/templates/qwik/src/components/starter/icons/qwik.tsx
2025-11-26 11:44:53,668 - Knowledge - INFO - [MONGODB_OP] Completed: persist, Collection: file_info, Duration: 114ms
2025-11-26 11:44:54,134 - Knowledge - INFO - [REDIS_OP] Completed: store_embedding, Key: src/universalinit/templates/qwik/src/components/starter/icons/qwik.tsx, Duration: 253ms
2025-11-26 11:44:54,299 - Knowledge - INFO - persist search terms embedding for src/universalinit/templates/qwik/src/components/starter/icons/qwik.tsx
2025-11-26 11:44:54,538 - Knowledge - INFO - process ingested knowledge for /app/data/T0015/270588/b1256qt/universalinit-270588/src/universalinit/templates/qwik/src/components/starter/icons/qwik.tsx
2025-11-26 11:44:54,730 - Knowledge - INFO - Found code-base-name: https://github.com/kavia-common/universalinit-270588.git:kavia-Add-Lightningjs-Template
2025-11-26 11:44:54,962 - Knowledge - INFO - Found code_base: <app.utils.kg_build.knowledge.KnowledgeCodeBase object at 0x7fa07ff5cd10>
2025-11-26 11:44:55,268 - Knowledge - INFO - Found code-base-name: https://github.com/kavia-common/universalinit-270588.git:kavia-Add-Lightningjs-Template
2025-11-26 11:44:55,447 - Knowledge - INFO - Found code_base: <app.utils.kg_build.knowledge.KnowledgeCodeBase object at 0x7fa07ff5cd10>
2025-11-26 11:44:55,645 - Knowledge - INFO - persist ingested knowledge for /app/data/T0015/270588/b1256qt/universalinit-270588/src/universalinit/templates/kotlin/app/src/main/res/values-night/themes.xml
2025-11-26 11:44:55,957 - Knowledge - INFO - [MONGODB_OP] Completed: persist, Collection: file_info, Duration: 90ms
2025-11-26 11:44:56,429 - Knowledge - INFO - [REDIS_OP] Completed: store_embedding, Key: src/universalinit/templates/kotlin/app/src/main/res/values-night/themes.xml, Duration: 226ms
2025-11-26 11:44:56,642 - Knowledge - INFO - persist search terms embedding for src/universalinit/templates/kotlin/app/src/main/res/values-night/themes.xml
2025-11-26 11:44:56,869 - Knowledge - INFO - process ingested knowledge for /app/data/T0015/270588/b1256qt/universalinit-270588/src/universalinit/templates/kotlin/app/src/main/res/values-night/themes.xml
2025-11-26 11:44:57,052 - Knowledge - INFO - Found code-base-name: https://github.com/kavia-common/universalinit-270588.git:kavia-Add-Lightningjs-Template
2025-11-26 11:44:57,234 - Knowledge - INFO - Found code_base: <app.utils.kg_build.knowledge.KnowledgeCodeBase object at 0x7fa07ff5cd10>
2025-11-26 11:44:57,505 - Knowledge - INFO - Found code-base-name: https://github.com/kavia-common/universalinit-270588.git:kavia-Add-Lightningjs-Template
2025-11-26 11:44:57,649 - Knowledge - INFO - Found code_base: <app.utils.kg_build.knowledge.KnowledgeCodeBase object at 0x7fa07ff5cd10>
2025-11-26 11:44:57,818 - Knowledge - INFO - persist ingested knowledge for /app/data/T0015/270588/b1256qt/universalinit-270588/src/universalinit/templates/angular/config.yml
2025-11-26 11:44:58,076 - Knowledge - INFO - [MONGODB_OP] Completed: persist, Collection: file_info, Duration: 97ms
2025-11-26 11:44:58,442 - Knowledge - INFO - [REDIS_OP] Completed: store_embedding, Key: src/universalinit/templates/angular/config.yml, Duration: 196ms
2025-11-26 11:44:58,661 - Knowledge - INFO - persist search terms embedding for src/universalinit/templates/angular/config.yml
2025-11-26 11:44:58,879 - Knowledge - INFO - process ingested knowledge for /app/data/T0015/270588/b1256qt/universalinit-270588/src/universalinit/templates/angular/config.yml
2025-11-26 11:44:59,108 - Knowledge - INFO - Found code-base-name: https://github.com/kavia-common/universalinit-270588.git:kavia-Add-Lightningjs-Template
2025-11-26 11:44:59,306 - Knowledge - INFO - Found code_base: <app.utils.kg_build.knowledge.KnowledgeCodeBase object at 0x7fa07ff5cd10>
2025-11-26 11:44:59,578 - Knowledge - INFO - Found code-base-name: https://github.com/kavia-common/universalinit-270588.git:kavia-Add-Lightningjs-Template
2025-11-26 11:44:59,772 - Knowledge - INFO - Found code_base: <app.utils.kg_build.knowledge.KnowledgeCodeBase object at 0x7fa07ff5cd10>
2025-11-26 11:44:59,972 - Knowledge - INFO - persist ingested knowledge for /app/data/T0015/270588/b1256qt/universalinit-270588/src/universalinit/templates/kotlin/app/src/main/res/layout/content_main.xml
2025-11-26 11:45:00,288 - Knowledge - INFO - [MONGODB_OP] Completed: persist, Collection: file_info, Duration: 134ms
2025-11-26 11:45:00,748 - Knowledge - INFO - [REDIS_OP] Completed: store_embedding, Key: src/universalinit/templates/kotlin/app/src/main/res/layout/content_main.xml, Duration: 239ms
2025-11-26 11:45:00,954 - Knowledge - INFO - persist search terms embedding for src/universalinit/templates/kotlin/app/src/main/res/layout/content_main.xml
2025-11-26 11:45:01,159 - Knowledge - INFO - process ingested knowledge for /app/data/T0015/270588/b1256qt/universalinit-270588/src/universalinit/templates/kotlin/app/src/main/res/layout/content_main.xml
2025-11-26 11:45:01,326 - Knowledge - INFO - Found code-base-name: https://github.com/kavia-common/universalinit-270588.git:kavia-Add-Lightningjs-Template
2025-11-26 11:45:01,520 - Knowledge - INFO - Found code_base: <app.utils.kg_build.knowledge.KnowledgeCodeBase object at 0x7fa07ff5cd10>
2025-11-26 11:45:01,842 - Knowledge - INFO - Found code-base-name: https://github.com/kavia-common/universalinit-270588.git:kavia-Add-Lightningjs-Template
2025-11-26 11:45:02,032 - Knowledge - INFO - Found code_base: <app.utils.kg_build.knowledge.KnowledgeCodeBase object at 0x7fa07ff5cd10>
2025-11-26 11:45:02,215 - Knowledge - INFO - persist ingested knowledge for /app/data/T0015/270588/b1256qt/universalinit-270588/src/universalinit/templates/angular/tsconfig.spec.json
2025-11-26 11:45:02,651 - Knowledge - INFO - [MONGODB_OP] Completed: persist, Collection: file_info, Duration: 227ms
2025-11-26 11:45:03,361 - Knowledge - INFO - [REDIS_OP] Completed: store_embedding, Key: src/universalinit/templates/angular/tsconfig.spec.json, Duration: 525ms
2025-11-26 11:45:03,611 - Knowledge - INFO - persist search terms embedding for src/universalinit/templates/angular/tsconfig.spec.json
2025-11-26 11:45:03,827 - Knowledge - INFO - process ingested knowledge for /app/data/T0015/270588/b1256qt/universalinit-270588/src/universalinit/templates/angular/tsconfig.spec.json
2025-11-26 11:45:03,991 - Knowledge - INFO - Found code-base-name: https://github.com/kavia-common/universalinit-270588.git:kavia-Add-Lightningjs-Template
2025-11-26 11:45:04,187 - Knowledge - INFO - Found code_base: <app.utils.kg_build.knowledge.KnowledgeCodeBase object at 0x7fa07ff5cd10>
2025-11-26 11:45:04,473 - Knowledge - INFO - Found code-base-name: https://github.com/kavia-common/universalinit-270588.git:kavia-Add-Lightningjs-Template
2025-11-26 11:45:04,682 - Knowledge - INFO - Found code_base: <app.utils.kg_build.knowledge.KnowledgeCodeBase object at 0x7fa07ff5cd10>
2025-11-26 11:45:04,886 - Knowledge - INFO - persist ingested knowledge for /app/data/T0015/270588/b1256qt/universalinit-270588/src/universalinit/templates/nativescript/App_Resources/Android/src/main/res/values-v21/colors.xml
2025-11-26 11:45:05,175 - Knowledge - INFO - [MONGODB_OP] Completed: persist, Collection: file_info, Duration: 95ms
2025-11-26 11:45:05,632 - Knowledge - INFO - [REDIS_OP] Completed: store_embedding, Key: src/universalinit/templates/nativescript/App_Resources/Android/src/main/res/values-v21/colors.xml, Duration: 277ms
2025-11-26 11:45:05,859 - Knowledge - INFO - persist search terms embedding for src/universalinit/templates/nativescript/App_Resources/Android/src/main/res/values-v21/colors.xml
2025-11-26 11:45:06,090 - Knowledge - INFO - process ingested knowledge for /app/data/T0015/270588/b1256qt/universalinit-270588/src/universalinit/templates/nativescript/App_Resources/Android/src/main/res/values-v21/colors.xml
2025-11-26 11:45:06,280 - Knowledge - INFO - Found code-base-name: https://github.com/kavia-common/universalinit-270588.git:kavia-Add-Lightningjs-Template
2025-11-26 11:45:06,448 - Knowledge - INFO - Found code_base: <app.utils.kg_build.knowledge.KnowledgeCodeBase object at 0x7fa07ff5cd10>
2025-11-26 11:45:06,760 - Knowledge - INFO - Found code-base-name: https://github.com/kavia-common/universalinit-270588.git:kavia-Add-Lightningjs-Template
2025-11-26 11:45:06,950 - Knowledge - INFO - Found code_base: <app.utils.kg_build.knowledge.KnowledgeCodeBase object at 0x7fa07ff5cd10>
2025-11-26 11:45:07,167 - Knowledge - INFO - persist ingested knowledge for /app/data/T0015/270588/b1256qt/universalinit-270588/src/universalinit/templates/kotlin/app/src/main/res/layout/fragment_second.xml
2025-11-26 11:45:07,436 - Knowledge - INFO - [MONGODB_OP] Completed: persist, Collection: file_info, Duration: 101ms
2025-11-26 11:45:07,898 - Knowledge - INFO - [REDIS_OP] Completed: store_embedding, Key: src/universalinit/templates/kotlin/app/src/main/res/layout/fragment_second.xml, Duration: 221ms
2025-11-26 11:45:08,061 - Knowledge - INFO - persist search terms embedding for src/universalinit/templates/kotlin/app/src/main/res/layout/fragment_second.xml
2025-11-26 11:45:08,220 - Knowledge - INFO - process ingested knowledge for /app/data/T0015/270588/b1256qt/universalinit-270588/src/universalinit/templates/kotlin/app/src/main/res/layout/fragment_second.xml
2025-11-26 11:45:08,394 - Knowledge - INFO - Found code-base-name: https://github.com/kavia-common/universalinit-270588.git:kavia-Add-Lightningjs-Template
2025-11-26 11:45:08,612 - Knowledge - INFO - Found code_base: <app.utils.kg_build.knowledge.KnowledgeCodeBase object at 0x7fa07ff5cd10>
2025-11-26 11:45:08,880 - Knowledge - INFO - Found code-base-name: https://github.com/kavia-common/universalinit-270588.git:kavia-Add-Lightningjs-Template
2025-11-26 11:45:09,046 - Knowledge - INFO - Found code_base: <app.utils.kg_build.knowledge.KnowledgeCodeBase object at 0x7fa07ff5cd10>
2025-11-26 11:45:09,251 - Knowledge - INFO - persist ingested knowledge for /app/data/T0015/270588/b1256qt/universalinit-270588/src/universalinit/templates/svelte/README.md
2025-11-26 11:45:09,526 - Knowledge - INFO - [MONGODB_OP] Completed: persist, Collection: file_info, Duration: 104ms
2025-11-26 11:45:10,065 - Knowledge - INFO - [REDIS_OP] Completed: store_embedding, Key: src/universalinit/templates/svelte/README.md, Duration: 353ms
2025-11-26 11:45:10,237 - Knowledge - INFO - persist search terms embedding for src/universalinit/templates/svelte/README.md
2025-11-26 11:45:10,467 - Knowledge - INFO - process ingested knowledge for /app/data/T0015/270588/b1256qt/universalinit-270588/src/universalinit/templates/svelte/README.md
2025-11-26 11:45:10,681 - Knowledge - INFO - Found code-base-name: https://github.com/kavia-common/universalinit-270588.git:kavia-Add-Lightningjs-Template
2025-11-26 11:45:10,876 - Knowledge - INFO - Found code_base: <app.utils.kg_build.knowledge.KnowledgeCodeBase object at 0x7fa07ff5cd10>
2025-11-26 11:45:11,140 - Knowledge - INFO - Found code-base-name: https://github.com/kavia-common/universalinit-270588.git:kavia-Add-Lightningjs-Template
2025-11-26 11:45:11,307 - Knowledge - INFO - Found code_base: <app.utils.kg_build.knowledge.KnowledgeCodeBase object at 0x7fa07ff5cd10>
2025-11-26 11:45:11,484 - Knowledge - INFO - persist ingested knowledge for /app/data/T0015/270588/b1256qt/universalinit-270588/src/universalinit/templates/qwik/src/components/starter/infobox/infobox.module.css
2025-11-26 11:45:11,747 - Knowledge - INFO - [MONGODB_OP] Completed: persist, Collection: file_info, Duration: 106ms
2025-11-26 11:45:12,199 - Knowledge - INFO - [REDIS_OP] Completed: store_embedding, Key: src/universalinit/templates/qwik/src/components/starter/infobox/infobox.module.css, Duration: 288ms
2025-11-26 11:45:12,406 - Knowledge - INFO - persist search terms embedding for src/universalinit/templates/qwik/src/components/starter/infobox/infobox.module.css
2025-11-26 11:45:12,611 - Knowledge - INFO - process ingested knowledge for /app/data/T0015/270588/b1256qt/universalinit-270588/src/universalinit/templates/qwik/src/components/starter/infobox/infobox.module.css
2025-11-26 11:45:12,819 - Knowledge - INFO - Found code-base-name: https://github.com/kavia-common/universalinit-270588.git:kavia-Add-Lightningjs-Template
2025-11-26 11:45:12,958 - Knowledge - INFO - Found code_base: <app.utils.kg_build.knowledge.KnowledgeCodeBase object at 0x7fa07ff5cd10>
2025-11-26 11:45:13,193 - Knowledge - INFO - Found code-base-name: https://github.com/kavia-common/universalinit-270588.git:kavia-Add-Lightningjs-Template
2025-11-26 11:45:13,357 - Knowledge - INFO - Found code_base: <app.utils.kg_build.knowledge.KnowledgeCodeBase object at 0x7fa07ff5cd10>
2025-11-26 11:45:13,527 - Knowledge - INFO - persist ingested knowledge for /app/data/T0015/270588/b1256qt/universalinit-270588/test/test_vue_template.py
2025-11-26 11:45:13,807 - Knowledge - INFO - [MONGODB_OP] Completed: persist, Collection: file_info, Duration: 106ms
2025-11-26 11:45:14,296 - Knowledge - INFO - [REDIS_OP] Completed: store_embedding, Key: test/test_vue_template.py, Duration: 300ms
2025-11-26 11:45:14,448 - Knowledge - INFO - persist search terms embedding for test/test_vue_template.py
2025-11-26 11:45:14,681 - Knowledge - INFO - process ingested knowledge for /app/data/T0015/270588/b1256qt/universalinit-270588/test/test_vue_template.py
2025-11-26 11:45:14,919 - Knowledge - INFO - Found code-base-name: https://github.com/kavia-common/universalinit-270588.git:kavia-Add-Lightningjs-Template
2025-11-26 11:45:15,068 - Knowledge - INFO - Found code_base: <app.utils.kg_build.knowledge.KnowledgeCodeBase object at 0x7fa07ff5cd10>
2025-11-26 11:45:15,328 - Knowledge - INFO - Found code-base-name: https://github.com/kavia-common/universalinit-270588.git:kavia-Add-Lightningjs-Template
2025-11-26 11:45:15,519 - Knowledge - INFO - Found code_base: <app.utils.kg_build.knowledge.KnowledgeCodeBase object at 0x7fa07ff5cd10>
2025-11-26 11:45:15,672 - Knowledge - INFO - persist ingested knowledge for /app/data/T0015/270588/b1256qt/universalinit-270588/src/universalinit/templates/express/config.yml
2025-11-26 11:45:15,941 - Knowledge - INFO - [MONGODB_OP] Completed: persist, Collection: file_info, Duration: 94ms
2025-11-26 11:45:16,310 - Knowledge - INFO - [REDIS_OP] Completed: store_embedding, Key: src/universalinit/templates/express/config.yml, Duration: 180ms
2025-11-26 11:45:16,461 - Knowledge - INFO - persist search terms embedding for src/universalinit/templates/express/config.yml
2025-11-26 11:45:16,666 - Knowledge - INFO - process ingested knowledge for /app/data/T0015/270588/b1256qt/universalinit-270588/src/universalinit/templates/express/config.yml
2025-11-26 11:45:16,880 - Knowledge - INFO - Found code-base-name: https://github.com/kavia-common/universalinit-270588.git:kavia-Add-Lightningjs-Template
2025-11-26 11:45:17,077 - Knowledge - INFO - Found code_base: <app.utils.kg_build.knowledge.KnowledgeCodeBase object at 0x7fa07ff5cd10>
2025-11-26 11:45:17,350 - Knowledge - INFO - Found code-base-name: https://github.com/kavia-common/universalinit-270588.git:kavia-Add-Lightningjs-Template
2025-11-26 11:45:17,545 - Knowledge - INFO - Found code_base: <app.utils.kg_build.knowledge.KnowledgeCodeBase object at 0x7fa07ff5cd10>
2025-11-26 11:45:17,727 - Knowledge - INFO - persist ingested knowledge for /app/data/T0015/270588/b1256qt/universalinit-270588/src/universalinit/templates/angular/src/main.server.ts
2025-11-26 11:45:18,039 - Knowledge - INFO - [MONGODB_OP] Completed: persist, Collection: file_info, Duration: 111ms
2025-11-26 11:45:18,505 - Knowledge - INFO - [REDIS_OP] Completed: store_embedding, Key: src/universalinit/templates/angular/src/main.server.ts, Duration: 271ms
2025-11-26 11:45:18,698 - Knowledge - INFO - persist search terms embedding for src/universalinit/templates/angular/src/main.server.ts
2025-11-26 11:45:18,947 - Knowledge - INFO - process ingested knowledge for /app/data/T0015/270588/b1256qt/universalinit-270588/src/universalinit/templates/angular/src/main.server.ts
2025-11-26 11:45:19,129 - Knowledge - INFO - Found code-base-name: https://github.com/kavia-common/universalinit-270588.git:kavia-Add-Lightningjs-Template
2025-11-26 11:45:19,292 - Knowledge - INFO - Found code_base: <app.utils.kg_build.knowledge.KnowledgeCodeBase object at 0x7fa07ff5cd10>
2025-11-26 11:45:19,582 - Knowledge - INFO - Found code-base-name: https://github.com/kavia-common/universalinit-270588.git:kavia-Add-Lightningjs-Template
2025-11-26 11:45:19,785 - Knowledge - INFO - Found code_base: <app.utils.kg_build.knowledge.KnowledgeCodeBase object at 0x7fa07ff5cd10>
2025-11-26 11:45:19,949 - Knowledge - INFO - persist ingested knowledge for /app/data/T0015/270588/b1256qt/universalinit-270588/src/universalinit/templates/angular/src/app/app.config.server.ts
2025-11-26 11:45:20,299 - Knowledge - INFO - [MONGODB_OP] Completed: persist, Collection: file_info, Duration: 142ms
2025-11-26 11:45:20,878 - Knowledge - INFO - [REDIS_OP] Completed: store_embedding, Key: src/universalinit/templates/angular/src/app/app.config.server.ts, Duration: 374ms
2025-11-26 11:45:21,054 - Knowledge - INFO - persist search terms embedding for src/universalinit/templates/angular/src/app/app.config.server.ts
2025-11-26 11:45:21,273 - Knowledge - INFO - process ingested knowledge for /app/data/T0015/270588/b1256qt/universalinit-270588/src/universalinit/templates/angular/src/app/app.config.server.ts
2025-11-26 11:45:21,461 - Knowledge - INFO - Found code-base-name: https://github.com/kavia-common/universalinit-270588.git:kavia-Add-Lightningjs-Template
2025-11-26 11:45:21,612 - Knowledge - INFO - Found code_base: <app.utils.kg_build.knowledge.KnowledgeCodeBase object at 0x7fa07ff5cd10>
2025-11-26 11:45:21,879 - Knowledge - INFO - Found code-base-name: https://github.com/kavia-common/universalinit-270588.git:kavia-Add-Lightningjs-Template
2025-11-26 11:45:22,066 - Knowledge - INFO - Found code_base: <app.utils.kg_build.knowledge.KnowledgeCodeBase object at 0x7fa07ff5cd10>
2025-11-26 11:45:22,244 - Knowledge - INFO - persist ingested knowledge for /app/data/T0015/270588/b1256qt/universalinit-270588/src/universalinit/templates/django/config/settings.py
2025-11-26 11:45:22,517 - Knowledge - INFO - [MONGODB_OP] Completed: persist, Collection: file_info, Duration: 87ms
2025-11-26 11:45:23,001 - Knowledge - INFO - [REDIS_OP] Completed: store_embedding, Key: src/universalinit/templates/django/config/settings.py, Duration: 243ms
2025-11-26 11:45:23,212 - Knowledge - INFO - persist search terms embedding for src/universalinit/templates/django/config/settings.py
2025-11-26 11:45:23,427 - Knowledge - INFO - process ingested knowledge for /app/data/T0015/270588/b1256qt/universalinit-270588/src/universalinit/templates/django/config/settings.py
2025-11-26 11:45:23,622 - Knowledge - INFO - Found code-base-name: https://github.com/kavia-common/universalinit-270588.git:kavia-Add-Lightningjs-Template
2025-11-26 11:45:23,797 - Knowledge - INFO - Found code_base: <app.utils.kg_build.knowledge.KnowledgeCodeBase object at 0x7fa07ff5cd10>
2025-11-26 11:45:24,096 - Knowledge - INFO - Found code-base-name: https://github.com/kavia-common/universalinit-270588.git:kavia-Add-Lightningjs-Template
2025-11-26 11:45:24,265 - Knowledge - INFO - Found code_base: <app.utils.kg_build.knowledge.KnowledgeCodeBase object at 0x7fa07ff5cd10>
2025-11-26 11:45:24,493 - Knowledge - INFO - persist ingested knowledge for /app/data/T0015/270588/b1256qt/universalinit-270588/src/universalinit/templates/vue/env.d.ts
2025-11-26 11:45:24,798 - Knowledge - INFO - [MONGODB_OP] Completed: persist, Collection: file_info, Duration: 106ms
2025-11-26 11:45:25,298 - Knowledge - INFO - [REDIS_OP] Completed: store_embedding, Key: src/universalinit/templates/vue/env.d.ts, Duration: 261ms
2025-11-26 11:45:25,500 - Knowledge - INFO - persist search terms embedding for src/universalinit/templates/vue/env.d.ts
2025-11-26 11:45:25,699 - Knowledge - INFO - process ingested knowledge for /app/data/T0015/270588/b1256qt/universalinit-270588/src/universalinit/templates/vue/env.d.ts
2025-11-26 11:45:25,896 - Knowledge - INFO - Found code-base-name: https://github.com/kavia-common/universalinit-270588.git:kavia-Add-Lightningjs-Template
2025-11-26 11:45:26,076 - Knowledge - INFO - Found code_base: <app.utils.kg_build.knowledge.KnowledgeCodeBase object at 0x7fa07ff5cd10>
2025-11-26 11:45:26,365 - Knowledge - INFO - Found code-base-name: https://github.com/kavia-common/universalinit-270588.git:kavia-Add-Lightningjs-Template
2025-11-26 11:45:26,560 - Knowledge - INFO - Found code_base: <app.utils.kg_build.knowledge.KnowledgeCodeBase object at 0x7fa07ff5cd10>
2025-11-26 11:45:26,742 - Knowledge - INFO - persist ingested knowledge for /app/data/T0015/270588/b1256qt/universalinit-270588/src/universalinit/templates/qwik/src/components/starter/counter/counter.tsx
2025-11-26 11:45:27,047 - Knowledge - INFO - [MONGODB_OP] Completed: persist, Collection: file_info, Duration: 93ms
2025-11-26 11:45:27,504 - Knowledge - INFO - [REDIS_OP] Completed: store_embedding, Key: src/universalinit/templates/qwik/src/components/starter/counter/counter.tsx, Duration: 257ms
2025-11-26 11:45:27,681 - Knowledge - INFO - persist search terms embedding for src/universalinit/templates/qwik/src/components/starter/counter/counter.tsx
2025-11-26 11:45:27,846 - Knowledge - INFO - process ingested knowledge for /app/data/T0015/270588/b1256qt/universalinit-270588/src/universalinit/templates/qwik/src/components/starter/counter/counter.tsx
2025-11-26 11:45:28,051 - Knowledge - INFO - Found code-base-name: https://github.com/kavia-common/universalinit-270588.git:kavia-Add-Lightningjs-Template
2025-11-26 11:45:28,208 - Knowledge - INFO - Found code_base: <app.utils.kg_build.knowledge.KnowledgeCodeBase object at 0x7fa07ff5cd10>
2025-11-26 11:45:28,512 - Knowledge - INFO - Found code-base-name: https://github.com/kavia-common/universalinit-270588.git:kavia-Add-Lightningjs-Template
2025-11-26 11:45:28,697 - Knowledge - INFO - Found code_base: <app.utils.kg_build.knowledge.KnowledgeCodeBase object at 0x7fa07ff5cd10>
2025-11-26 11:45:28,894 - Knowledge - INFO - persist ingested knowledge for /app/data/T0015/270588/b1256qt/universalinit-270588/src/universalinit/templates/vue/eslint.config.ts
2025-11-26 11:45:29,170 - Knowledge - INFO - [MONGODB_OP] Completed: persist, Collection: file_info, Duration: 98ms
2025-11-26 11:45:29,564 - Knowledge - INFO - [REDIS_OP] Completed: store_embedding, Key: src/universalinit/templates/vue/eslint.config.ts, Duration: 222ms
2025-11-26 11:45:29,749 - Knowledge - INFO - persist search terms embedding for src/universalinit/templates/vue/eslint.config.ts
2025-11-26 11:45:29,926 - Knowledge - INFO - process ingested knowledge for /app/data/T0015/270588/b1256qt/universalinit-270588/src/universalinit/templates/vue/eslint.config.ts
2025-11-26 11:45:30,128 - Knowledge - INFO - Found code-base-name: https://github.com/kavia-common/universalinit-270588.git:kavia-Add-Lightningjs-Template
2025-11-26 11:45:30,319 - Knowledge - INFO - Found code_base: <app.utils.kg_build.knowledge.KnowledgeCodeBase object at 0x7fa07ff5cd10>
2025-11-26 11:45:30,609 - Knowledge - INFO - Found code-base-name: https://github.com/kavia-common/universalinit-270588.git:kavia-Add-Lightningjs-Template
2025-11-26 11:45:30,842 - Knowledge - INFO - Found code_base: <app.utils.kg_build.knowledge.KnowledgeCodeBase object at 0x7fa07ff5cd10>
2025-11-26 11:45:31,016 - Knowledge - INFO - persist ingested knowledge for /app/data/T0015/270588/b1256qt/universalinit-270588/src/universalinit/templates/flask/app/__init__.py
2025-11-26 11:45:31,357 - Knowledge - INFO - [MONGODB_OP] Completed: persist, Collection: file_info, Duration: 93ms
2025-11-26 11:45:31,859 - Knowledge - INFO - [REDIS_OP] Completed: store_embedding, Key: src/universalinit/templates/flask/app/__init__.py, Duration: 325ms
2025-11-26 11:45:32,081 - Knowledge - INFO - persist search terms embedding for src/universalinit/templates/flask/app/__init__.py
2025-11-26 11:45:32,345 - Knowledge - INFO - process ingested knowledge for /app/data/T0015/270588/b1256qt/universalinit-270588/src/universalinit/templates/flask/app/__init__.py
2025-11-26 11:45:32,550 - Knowledge - INFO - Found code-base-name: https://github.com/kavia-common/universalinit-270588.git:kavia-Add-Lightningjs-Template
2025-11-26 11:45:32,740 - Knowledge - INFO - Found code_base: <app.utils.kg_build.knowledge.KnowledgeCodeBase object at 0x7fa07ff5cd10>
2025-11-26 11:45:33,070 - Knowledge - INFO - Found code-base-name: https://github.com/kavia-common/universalinit-270588.git:kavia-Add-Lightningjs-Template
2025-11-26 11:45:33,297 - Knowledge - INFO - Found code_base: <app.utils.kg_build.knowledge.KnowledgeCodeBase object at 0x7fa07ff5cd10>
2025-11-26 11:45:33,471 - Knowledge - INFO - persist ingested knowledge for /app/data/T0015/270588/b1256qt/universalinit-270588/src/universalinit/templates/nativescript/App_Resources/Android/src/main/AndroidManifest.xml
2025-11-26 11:45:33,746 - Knowledge - INFO - [MONGODB_OP] Completed: persist, Collection: file_info, Duration: 100ms
2025-11-26 11:45:34,162 - Knowledge - INFO - [REDIS_OP] Completed: store_embedding, Key: src/universalinit/templates/nativescript/App_Resources/Android/src/main/AndroidManifest.xml, Duration: 245ms
2025-11-26 11:45:34,321 - Knowledge - INFO - persist search terms embedding for src/universalinit/templates/nativescript/App_Resources/Android/src/main/AndroidManifest.xml
2025-11-26 11:45:34,497 - Knowledge - INFO - process ingested knowledge for /app/data/T0015/270588/b1256qt/universalinit-270588/src/universalinit/templates/nativescript/App_Resources/Android/src/main/AndroidManifest.xml
2025-11-26 11:45:34,691 - Knowledge - INFO - Found code-base-name: https://github.com/kavia-common/universalinit-270588.git:kavia-Add-Lightningjs-Template
2025-11-26 11:45:34,850 - Knowledge - INFO - Found code_base: <app.utils.kg_build.knowledge.KnowledgeCodeBase object at 0x7fa07ff5cd10>
2025-11-26 11:45:35,137 - Knowledge - INFO - Found code-base-name: https://github.com/kavia-common/universalinit-270588.git:kavia-Add-Lightningjs-Template
2025-11-26 11:45:35,307 - Knowledge - INFO - Found code_base: <app.utils.kg_build.knowledge.KnowledgeCodeBase object at 0x7fa07ff5cd10>
2025-11-26 11:45:35,521 - Knowledge - INFO - persist ingested knowledge for /app/data/T0015/270588/b1256qt/universalinit-270588/src/universalinit/templates/kotlin/app/src/main/res/mipmap-anydpi-v26/ic_launcher_round.xml
2025-11-26 11:45:35,849 - Knowledge - INFO - [MONGODB_OP] Completed: persist, Collection: file_info, Duration: 87ms
2025-11-26 11:45:36,375 - Knowledge - INFO - [REDIS_OP] Completed: store_embedding, Key: src/universalinit/templates/kotlin/app/src/main/res/mipmap-anydpi-v26/ic_launcher_round.xml, Duration: 300ms
2025-11-26 11:45:36,538 - Knowledge - INFO - persist search terms embedding for src/universalinit/templates/kotlin/app/src/main/res/mipmap-anydpi-v26/ic_launcher_round.xml
2025-11-26 11:45:36,738 - Knowledge - INFO - process ingested knowledge for /app/data/T0015/270588/b1256qt/universalinit-270588/src/universalinit/templates/kotlin/app/src/main/res/mipmap-anydpi-v26/ic_launcher_round.xml
2025-11-26 11:45:36,924 - Knowledge - INFO - Found code-base-name: https://github.com/kavia-common/universalinit-270588.git:kavia-Add-Lightningjs-Template
2025-11-26 11:45:37,123 - Knowledge - INFO - Found code_base: <app.utils.kg_build.knowledge.KnowledgeCodeBase object at 0x7fa07ff5cd10>
2025-11-26 11:45:37,422 - Knowledge - INFO - Found code-base-name: https://github.com/kavia-common/universalinit-270588.git:kavia-Add-Lightningjs-Template
2025-11-26 11:45:37,635 - Knowledge - INFO - Found code_base: <app.utils.kg_build.knowledge.KnowledgeCodeBase object at 0x7fa07ff5cd10>
2025-11-26 11:45:37,839 - Knowledge - INFO - persist ingested knowledge for /app/data/T0015/270588/b1256qt/universalinit-270588/src/universalinit/templates/nativescript/App_Resources/iOS/Assets.xcassets/LaunchScreen.AspectFill.imageset/Contents.json
2025-11-26 11:45:38,145 - Knowledge - INFO - [MONGODB_OP] Completed: persist, Collection: file_info, Duration: 113ms
2025-11-26 11:45:38,564 - Knowledge - INFO - [REDIS_OP] Completed: store_embedding, Key: src/universalinit/templates/nativescript/App_Resources/iOS/Assets.xcassets/LaunchScreen.AspectFill.imageset/Contents.json, Duration: 246ms
2025-11-26 11:45:38,780 - Knowledge - INFO - persist search terms embedding for src/universalinit/templates/nativescript/App_Resources/iOS/Assets.xcassets/LaunchScreen.AspectFill.imageset/Contents.json
2025-11-26 11:45:39,017 - Knowledge - INFO - process ingested knowledge for /app/data/T0015/270588/b1256qt/universalinit-270588/src/universalinit/templates/nativescript/App_Resources/iOS/Assets.xcassets/LaunchScreen.AspectFill.imageset/Contents.json
2025-11-26 11:45:39,192 - Knowledge - INFO - Found code-base-name: https://github.com/kavia-common/universalinit-270588.git:kavia-Add-Lightningjs-Template
2025-11-26 11:45:39,438 - Knowledge - INFO - Found code_base: <app.utils.kg_build.knowledge.KnowledgeCodeBase object at 0x7fa07ff5cd10>
2025-11-26 11:45:39,727 - Knowledge - INFO - Found code-base-name: https://github.com/kavia-common/universalinit-270588.git:kavia-Add-Lightningjs-Template
2025-11-26 11:45:39,955 - Knowledge - INFO - Found code_base: <app.utils.kg_build.knowledge.KnowledgeCodeBase object at 0x7fa07ff5cd10>
2025-11-26 11:45:40,106 - Knowledge - INFO - persist ingested knowledge for /app/data/T0015/270588/b1256qt/universalinit-270588/test/test_vite_template.py
2025-11-26 11:45:40,440 - Knowledge - INFO - [MONGODB_OP] Completed: persist, Collection: file_info, Duration: 164ms
2025-11-26 11:45:40,917 - Knowledge - INFO - [REDIS_OP] Completed: store_embedding, Key: test/test_vite_template.py, Duration: 270ms
2025-11-26 11:45:41,098 - Knowledge - INFO - persist search terms embedding for test/test_vite_template.py
2025-11-26 11:45:41,305 - Knowledge - INFO - process ingested knowledge for /app/data/T0015/270588/b1256qt/universalinit-270588/test/test_vite_template.py
2025-11-26 11:45:41,529 - Knowledge - INFO - Found code-base-name: https://github.com/kavia-common/universalinit-270588.git:kavia-Add-Lightningjs-Template
2025-11-26 11:45:41,730 - Knowledge - INFO - Found code_base: <app.utils.kg_build.knowledge.KnowledgeCodeBase object at 0x7fa07ff5cd10>
2025-11-26 11:45:41,981 - Knowledge - INFO - Found code-base-name: https://github.com/kavia-common/universalinit-270588.git:kavia-Add-Lightningjs-Template
2025-11-26 11:45:42,174 - Knowledge - INFO - Found code_base: <app.utils.kg_build.knowledge.KnowledgeCodeBase object at 0x7fa07ff5cd10>
2025-11-26 11:45:42,359 - Knowledge - INFO - persist ingested knowledge for /app/data/T0015/270588/b1256qt/universalinit-270588/src/universalinit/templates/typescript/src/main.ts
2025-11-26 11:45:42,639 - Knowledge - INFO - [MONGODB_OP] Completed: persist, Collection: file_info, Duration: 95ms
2025-11-26 11:45:43,102 - Knowledge - INFO - [REDIS_OP] Completed: store_embedding, Key: src/universalinit/templates/typescript/src/main.ts, Duration: 279ms
2025-11-26 11:45:43,305 - Knowledge - INFO - persist search terms embedding for src/universalinit/templates/typescript/src/main.ts
2025-11-26 11:45:43,536 - Knowledge - INFO - process ingested knowledge for /app/data/T0015/270588/b1256qt/universalinit-270588/src/universalinit/templates/typescript/src/main.ts
2025-11-26 11:45:43,717 - Knowledge - INFO - Found code-base-name: https://github.com/kavia-common/universalinit-270588.git:kavia-Add-Lightningjs-Template
2025-11-26 11:45:43,923 - Knowledge - INFO - Found code_base: <app.utils.kg_build.knowledge.KnowledgeCodeBase object at 0x7fa07ff5cd10>
2025-11-26 11:45:44,198 - Knowledge - INFO - Found code-base-name: https://github.com/kavia-common/universalinit-270588.git:kavia-Add-Lightningjs-Template
2025-11-26 11:45:44,345 - Knowledge - INFO - Found code_base: <app.utils.kg_build.knowledge.KnowledgeCodeBase object at 0x7fa07ff5cd10>
2025-11-26 11:45:44,538 - Knowledge - INFO - persist ingested knowledge for /app/data/T0015/270588/b1256qt/universalinit-270588/test/test_fastapi_template.py
2025-11-26 11:45:44,859 - Knowledge - INFO - [MONGODB_OP] Completed: persist, Collection: file_info, Duration: 110ms
2025-11-26 11:45:45,377 - Knowledge - INFO - [REDIS_OP] Completed: store_embedding, Key: test/test_fastapi_template.py, Duration: 306ms
2025-11-26 11:45:45,580 - Knowledge - INFO - persist search terms embedding for test/test_fastapi_template.py
2025-11-26 11:45:45,737 - Knowledge - INFO - process ingested knowledge for /app/data/T0015/270588/b1256qt/universalinit-270588/test/test_fastapi_template.py
2025-11-26 11:45:45,945 - Knowledge - INFO - Found code-base-name: https://github.com/kavia-common/universalinit-270588.git:kavia-Add-Lightningjs-Template
2025-11-26 11:45:46,117 - Knowledge - INFO - Found code_base: <app.utils.kg_build.knowledge.KnowledgeCodeBase object at 0x7fa07ff5cd10>
2025-11-26 11:45:46,355 - Knowledge - INFO - Found code-base-name: https://github.com/kavia-common/universalinit-270588.git:kavia-Add-Lightningjs-Template
2025-11-26 11:45:46,552 - Knowledge - INFO - Found code_base: <app.utils.kg_build.knowledge.KnowledgeCodeBase object at 0x7fa07ff5cd10>
2025-11-26 11:45:46,783 - Knowledge - INFO - persist ingested knowledge for /app/data/T0015/270588/b1256qt/universalinit-270588/src/universalinit/templates/nativescript/package.json
2025-11-26 11:45:47,089 - Knowledge - INFO - [MONGODB_OP] Completed: persist, Collection: file_info, Duration: 108ms
2025-11-26 11:45:47,488 - Knowledge - INFO - [REDIS_OP] Completed: store_embedding, Key: src/universalinit/templates/nativescript/package.json, Duration: 201ms
2025-11-26 11:45:47,667 - Knowledge - INFO - persist search terms embedding for src/universalinit/templates/nativescript/package.json
2025-11-26 11:45:47,834 - Knowledge - INFO - process ingested knowledge for /app/data/T0015/270588/b1256qt/universalinit-270588/src/universalinit/templates/nativescript/package.json
2025-11-26 11:45:48,045 - Knowledge - INFO - Found code-base-name: https://github.com/kavia-common/universalinit-270588.git:kavia-Add-Lightningjs-Template
2025-11-26 11:45:48,237 - Knowledge - INFO - Found code_base: <app.utils.kg_build.knowledge.KnowledgeCodeBase object at 0x7fa07ff5cd10>
2025-11-26 11:45:48,544 - Knowledge - INFO - Found code-base-name: https://github.com/kavia-common/universalinit-270588.git:kavia-Add-Lightningjs-Template
2025-11-26 11:45:48,745 - Knowledge - INFO - Found code_base: <app.utils.kg_build.knowledge.KnowledgeCodeBase object at 0x7fa07ff5cd10>
2025-11-26 11:45:48,907 - Knowledge - INFO - persist ingested knowledge for /app/data/T0015/270588/b1256qt/universalinit-270588/src/universalinit/templates/remotion/src/HelloWorld/Subtitle.tsx
2025-11-26 11:45:49,169 - Knowledge - INFO - [MONGODB_OP] Completed: persist, Collection: file_info, Duration: 102ms
2025-11-26 11:45:49,644 - Knowledge - INFO - [REDIS_OP] Completed: store_embedding, Key: src/universalinit/templates/remotion/src/HelloWorld/Subtitle.tsx, Duration: 269ms
2025-11-26 11:45:49,843 - Knowledge - INFO - persist search terms embedding for src/universalinit/templates/remotion/src/HelloWorld/Subtitle.tsx
2025-11-26 11:45:50,034 - Knowledge - INFO - process ingested knowledge for /app/data/T0015/270588/b1256qt/universalinit-270588/src/universalinit/templates/remotion/src/HelloWorld/Subtitle.tsx
2025-11-26 11:45:50,246 - Knowledge - INFO - Found code-base-name: https://github.com/kavia-common/universalinit-270588.git:kavia-Add-Lightningjs-Template
2025-11-26 11:45:50,453 - Knowledge - INFO - Found code_base: <app.utils.kg_build.knowledge.KnowledgeCodeBase object at 0x7fa07ff5cd10>
2025-11-26 11:45:50,785 - Knowledge - INFO - Found code-base-name: https://github.com/kavia-common/universalinit-270588.git:kavia-Add-Lightningjs-Template
2025-11-26 11:45:50,979 - Knowledge - INFO - Found code_base: <app.utils.kg_build.knowledge.KnowledgeCodeBase object at 0x7fa07ff5cd10>
2025-11-26 11:45:51,151 - Knowledge - INFO - persist ingested knowledge for /app/data/T0015/270588/b1256qt/universalinit-270588/src/universalinit/templates/remotion/eslint.config.mjs
2025-11-26 11:45:51,436 - Knowledge - INFO - [MONGODB_OP] Completed: persist, Collection: file_info, Duration: 103ms
2025-11-26 11:45:51,814 - Knowledge - INFO - [REDIS_OP] Completed: store_embedding, Key: src/universalinit/templates/remotion/eslint.config.mjs, Duration: 217ms
2025-11-26 11:45:51,981 - Knowledge - INFO - persist search terms embedding for src/universalinit/templates/remotion/eslint.config.mjs
2025-11-26 11:45:52,231 - Knowledge - INFO - process ingested knowledge for /app/data/T0015/270588/b1256qt/universalinit-270588/src/universalinit/templates/remotion/eslint.config.mjs
2025-11-26 11:45:52,443 - Knowledge - INFO - Found code-base-name: https://github.com/kavia-common/universalinit-270588.git:kavia-Add-Lightningjs-Template
2025-11-26 11:45:52,591 - Knowledge - INFO - Found code_base: <app.utils.kg_build.knowledge.KnowledgeCodeBase object at 0x7fa07ff5cd10>
2025-11-26 11:45:52,856 - Knowledge - INFO - Found code-base-name: https://github.com/kavia-common/universalinit-270588.git:kavia-Add-Lightningjs-Template
2025-11-26 11:45:53,002 - Knowledge - INFO - Found code_base: <app.utils.kg_build.knowledge.KnowledgeCodeBase object at 0x7fa07ff5cd10>
2025-11-26 11:45:53,212 - Knowledge - INFO - persist ingested knowledge for /app/data/T0015/270588/b1256qt/universalinit-270588/src/universalinit/templates/express/src/controllers/health.js
2025-11-26 11:45:53,503 - Knowledge - INFO - [MONGODB_OP] Completed: persist, Collection: file_info, Duration: 122ms
2025-11-26 11:45:53,941 - Knowledge - INFO - [REDIS_OP] Completed: store_embedding, Key: src/universalinit/templates/express/src/controllers/health.js, Duration: 232ms
2025-11-26 11:45:54,111 - Knowledge - INFO - persist search terms embedding for src/universalinit/templates/express/src/controllers/health.js
2025-11-26 11:45:54,288 - Knowledge - INFO - process ingested knowledge for /app/data/T0015/270588/b1256qt/universalinit-270588/src/universalinit/templates/express/src/controllers/health.js
2025-11-26 11:45:54,483 - Knowledge - INFO - Found code-base-name: https://github.com/kavia-common/universalinit-270588.git:kavia-Add-Lightningjs-Template
2025-11-26 11:45:54,649 - Knowledge - INFO - Found code_base: <app.utils.kg_build.knowledge.KnowledgeCodeBase object at 0x7fa07ff5cd10>
2025-11-26 11:45:54,974 - Knowledge - INFO - Found code-base-name: https://github.com/kavia-common/universalinit-270588.git:kavia-Add-Lightningjs-Template
2025-11-26 11:45:55,131 - Knowledge - INFO - Found code_base: <app.utils.kg_build.knowledge.KnowledgeCodeBase object at 0x7fa07ff5cd10>
2025-11-26 11:45:55,327 - Knowledge - INFO - persist ingested knowledge for /app/data/T0015/270588/b1256qt/universalinit-270588/src/universalinit/templates/qwik/src/entry.ssr.tsx
2025-11-26 11:45:55,669 - Knowledge - INFO - [MONGODB_OP] Completed: persist, Collection: file_info, Duration: 120ms
2025-11-26 11:45:56,727 - Knowledge - INFO - [REDIS_OP] Completed: store_embedding, Key: src/universalinit/templates/qwik/src/entry.ssr.tsx, Duration: 900ms
2025-11-26 11:45:56,885 - Knowledge - INFO - persist search terms embedding for src/universalinit/templates/qwik/src/entry.ssr.tsx
2025-11-26 11:45:57,059 - Knowledge - INFO - process ingested knowledge for /app/data/T0015/270588/b1256qt/universalinit-270588/src/universalinit/templates/qwik/src/entry.ssr.tsx
2025-11-26 11:45:57,239 - Knowledge - INFO - Found code-base-name: https://github.com/kavia-common/universalinit-270588.git:kavia-Add-Lightningjs-Template
2025-11-26 11:45:57,468 - Knowledge - INFO - Found code_base: <app.utils.kg_build.knowledge.KnowledgeCodeBase object at 0x7fa07ff5cd10>
2025-11-26 11:45:57,827 - Knowledge - INFO - Found code-base-name: https://github.com/kavia-common/universalinit-270588.git:kavia-Add-Lightningjs-Template
2025-11-26 11:45:58,053 - Knowledge - INFO - Found code_base: <app.utils.kg_build.knowledge.KnowledgeCodeBase object at 0x7fa07ff5cd10>
2025-11-26 11:45:58,217 - Knowledge - INFO - persist ingested knowledge for /app/data/T0015/270588/b1256qt/universalinit-270588/src/universalinit/templates/nativescript/webpack.config.js
2025-11-26 11:45:58,556 - Knowledge - INFO - [MONGODB_OP] Completed: persist, Collection: file_info, Duration: 107ms
2025-11-26 11:45:59,045 - Knowledge - INFO - [REDIS_OP] Completed: store_embedding, Key: src/universalinit/templates/nativescript/webpack.config.js, Duration: 278ms
2025-11-26 11:45:59,251 - Knowledge - INFO - persist search terms embedding for src/universalinit/templates/nativescze=25, max_concurrent_llm_calls=50
2025-11-26 11:46:00,811 - Knowledge - INFO - 🔍 _load_persisted_knowledge called - checking for Redis optimization
2025-11-26 11:46:00,979 - Knowledge - WARNING - ❌ load_from_redis method not found - Redis support not attached
2025-11-26 11:46:01,157 - Knowledge - INFO - load persisted knowledge: begin
                                                                                                                                                                                                                                                                                                                                                                                                                                                                                                                                                                                                                                                 2025-11-26 11:46:01,661 - Knowledge - INFO - Persisted knowledge files in /app/data/T0015/270588/b1256qt/universalinit-270588/.knowledge have been renamed to use .json
2025-11-26 11:46:01,866 - Knowledge - INFO - Found code-base-name: https://github.com/kavia-common/universalinit-270588.git:kavia-Add-Lightningjs-Template
2025-11-26 11:46:02,025 - Knowledge - INFO - Found code_base: <app.utils.kg_build.knowledge.KnowledgeCodeBase object at 0x7fbc2776ea10>
2025-11-26 11:46:02,235 - Knowledge - INFO - process ingested knowledge for /app/data/T0015/270588/b1256qt/universalinit-270588/src/universalinit/templates/svelte/tsconfig.json
2025-11-26 11:46:02,433 - Knowledge - INFO - Found code-base-name: https://github.com/kavia-common/universalinit-270588.git:kavia-Add-Lightningjs-Template
2025-11-26 11:46:02,624 - Knowledge - INFO - Found code_base: <app.utils.kg_build.knowledge.KnowledgeCodeBase object at 0x7fbc2776ea10>
2025-11-26 11:46:02,852 - Knowledge - INFO - process ingested knowledge for /app/data/T0015/270588/b1256qt/universalinit-270588/src/universalinit/templates/qwik/src/components/starter/icons/qwik.tsx
2025-11-26 11:46:03,010 - Knowledge - INFO - Found code-base-name: https://github.com/kavia-common/universalinit-270588.git:kavia-Add-Lightningjs-Template
2025-11-26 11:46:03,174 - Knowledge - INFO - Found code_base: <app.utils.kg_build.knowledge.KnowledgeCodeBase object at 0x7fbc2776ea10>
2025-11-26 11:46:03,356 - Knowledge - INFO - process ingested knowledge for /app/data/T0015/270588/b1256qt/universalinit-270588/src/universalinit/templates/kotlin/app/src/main/res/values-night/themes.xml
2025-11-26 11:46:03,549 - Knowledge - INFO - Found code-base-name: https://github.com/kavia-common/universalinit-270588.git:kavia-Add-Lightningjs-Template
2025-11-26 11:46:03,739 - Knowledge - INFO - Found code_base: <app.utils.kg_build.knowledge.KnowledgeCodeBase object at 0x7fbc2776ea10>
2025-11-26 11:46:03,952 - Knowledge - INFO - process ingested knowledge for /app/data/T0015/270588/b1256qt/universalinit-270588/src/universalinit/templates/angular/config.yml
2025-11-26 11:46:04,143 - Knowledge - INFO - Found code-base-name: https://github.com/kavia-common/universalinit-270588.git:kavia-Add-Lightningjs-Template
2025-11-26 11:46:04,330 - Knowledge - INFO - Found code_base: <app.utils.kg_build.knowledge.KnowledgeCodeBase object at 0x7fbc2776ea10>
2025-11-26 11:46:04,562 - Knowledge - INFO - process ingested knowledge for /app/data/T0015/270588/b1256qt/universalinit-270588/src/universalinit/templates/kotlin/app/src/main/res/layout/content_main.xml
2025-11-26 11:46:04,750 - Knowledge - INFO - Found code-base-name: https://github.com/kavia-common/universalinit-270588.git:kavia-Add-Lightningjs-Template
2025-11-26 11:46:04,946 - Knowledge - INFO - Found code_base: <app.utils.kg_build.knowledge.KnowledgeCodeBase object at 0x7fbc2776ea10>
2025-11-26 11:46:05,127 - Knowledge - INFO - process ingested knowledge for /app/data/T0015/270588/b1256qt/universalinit-270588/src/universalinit/templates/angular/tsconfig.spec.json
2025-11-26 11:46:05,295 - Knowledge - INFO - Found code-base-name: https://github.com/kavia-common/universalinit-270588.git:kavia-Add-Lightningjs-Template
2025-11-26 11:46:05,440 - Knowledge - INFO - Found code_base: <app.utils.kg_build.knowledge.KnowledgeCodeBase object at 0x7fbc2776ea10>
2025-11-26 11:46:05,622 - Knowledge - INFO - process ingested knowledge for /app/data/T0015/270588/b1256qt/universalinit-270588/src/universalinit/templates/nativescript/App_Resources/Android/src/main/res/values-v21/colors.xml
2025-11-26 11:46:05,780 - Knowledge - INFO - Found code-base-name: https://github.com/kavia-common/universalinit-270588.git:kavia-Add-Lightningjs-Template
2025-11-26 11:46:06,015 - Knowledge - INFO - Found code_base: <app.utils.kg_build.knowledge.KnowledgeCodeBase object at 0x7fbc2776ea10>
2025-11-26 11:46:06,169 - Knowledge - INFO - process ingested knowledge for /app/data/T0015/270588/b1256qt/universalinit-270588/src/universalinit/templates/kotlin/app/src/main/res/layout/fragment_second.xml
2025-11-26 11:46:06,369 - Knowledge - INFO - Found code-base-name: https://github.com/kavia-common/universalinit-270588.git:kavia-Add-Lightningjs-Template
2025-11-26 11:46:06,523 - Knowledge - INFO - Found code_base: <app.utils.kg_build.knowledge.KnowledgeCodeBase object at 0x7fbc2776ea10>
2025-11-26 11:46:06,706 - Knowledge - INFO - process ingested knowledge for /app/data/T0015/270588/b1256qt/universalinit-270588/src/universalinit/templates/svelte/README.md
2025-11-26 11:46:06,863 - Knowledge - INFO - Found code-base-name: https://github.com/kavia-common/universalinit-270588.git:kavia-Add-Lightningjs-Template
2025-11-26 11:46:07,040 - Knowledge - INFO - Found code_base: <app.utils.kg_build.knowledge.KnowledgeCodeBase object at 0x7fbc2776ea10>
2025-11-26 11:46:07,217 - Knowledge - INFO - process ingested knowledge for /app/data/T0015/270588/b1256qt/universalinit-270588/src/universalinit/templates/qwik/src/components/starter/infobox/infobox.module.css
2025-11-26 11:46:07,361 - Knowledge - INFO - Found code-base-name: https://github.com/kavia-common/universalinit-270588.git:kavia-Add-Lightningjs-Template
2025-11-26 11:46:07,553 - Knowledge - INFO - Found code_base: <app.utils.kg_build.knowledge.KnowledgeCodeBase object at 0x7fbc2776ea10>
2025-11-26 11:46:07,741 - Knowledge - INFO - process ingested knowledge for /app/data/T0015/270588/b1256qt/universalinit-270588/test/test_vue_template.py
2025-11-26 11:46:07,916 - Knowledge - INFO - Found code-base-name: https://github.com/kavia-common/universalinit-270588.git:kavia-Add-Lightningjs-Template
2025-11-26 11:46:08,079 - Knowledge - INFO - Found code_base: <app.utils.kg_build.knowledge.KnowledgeCodeBase object at 0x7fbc2776ea10>
2025-11-26 11:46:08,272 - Knowledge - INFO - process ingested knowledge for /app/data/T0015/270588/b1256qt/universalinit-270588/src/universalinit/templates/express/config.yml
2025-11-26 11:46:08,455 - Knowledge - INFO - Found code-base-name: https://github.com/kavia-common/universalinit-270588.git:kavia-Add-Lightningjs-Template
2025-11-26 11:46:08,636 - Knowledge - INFO - Found code_base: <app.utils.kg_build.knowledge.KnowledgeCodeBase object at 0x7fbc2776ea10>
2025-11-26 11:46:08,832 - Knowledge - INFO - process ingested knowledge for /app/data/T0015/270588/b1256qt/universalinit-270588/src/universalinit/templates/angular/src/main.server.ts
2025-11-26 11:46:09,010 - Knowledge - INFO - Found code-base-name: https://github.com/kavia-common/universalinit-270588.git:kavia-Add-Lightningjs-Template
2025-11-26 11:46:09,152 - Knowledge - INFO - Found code_base: <app.utils.kg_build.knowledge.KnowledgeCodeBase object at 0x7fbc2776ea10>
2025-11-26 11:46:09,328 - Knowledge - INFO - process ingested knowledge for /app/data/T0015/270588/b1256qt/universalinit-270588/src/universalinit/templates/angular/src/app/app.config.server.ts
2025-11-26 11:46:09,539 - Knowledge - INFO - Found code-base-name: https://github.com/kavia-common/universalinit-270588.git:kavia-Add-Lightningjs-Template
2025-11-26 11:46:09,741 - Knowledge - INFO - Found code_base: <app.utils.kg_build.knowledge.KnowledgeCodeBase object at 0x7fbc2776ea10>
2025-11-26 11:46:09,903 - Knowledge - INFO - process ingested knowledge for /app/data/T0015/270588/b1256qt/universalinit-270588/src/universalinit/templates/django/config/settings.py
2025-11-26 11:46:10,097 - Knowledge - INFO - Found code-base-name: https://github.com/kavia-common/universalinit-270588.git:kavia-Add-Lightningjs-Template
2025-11-26 11:46:10,284 - Knowledge - INFO - Found code_base: <app.utils.kg_build.knowledge.KnowledgeCodeBase object at 0x7fbc2776ea10>
2025-11-26 11:46:10,449 - Knowledge - INFO - process ingested knowledge for /app/data/T0015/270588/b1256qt/universalinit-270588/src/universalinit/templates/vue/env.d.ts
2025-11-26 11:46:10,635 - Knowledge - INFO - Found code-base-name: https://github.com/kavia-common/universalinit-270588.git:kavia-Add-Lightningjs-Template
2025-11-26 11:46:10,822 - Knowledge - INFO - Found code_base: <app.utils.kg_build.knowledge.KnowledgeCodeBase object at 0x7fbc2776ea10>
2025-11-26 11:46:10,977 - Knowledge - INFO - process ingested knowledge for /app/data/T0015/270588/b1256qt/universalinit-270588/src/universalinit/templates/qwik/src/components/starter/counter/counter.tsx
2025-11-26 11:46:11,180 - Knowledge - INFO - Found code-base-name: https://github.com/kavia-common/universalinit-270588.git:kavia-Add-Lightningjs-Template
2025-11-26 11:46:11,370 - Knowledge - INFO - Found code_base: <app.utils.kg_build.knowledge.KnowledgeCodeBase object at 0x7fbc2776ea10>
2025-11-26 11:46:11,534 - Knowledge - INFO - process ingested knowledge for /app/data/T0015/270588/b1256qt/universalinit-270588/src/universalinit/templates/vue/eslint.config.ts
2025-11-26 11:46:11,721 - Knowledge - INFO - Found code-base-name: https://github.com/kavia-common/universalinit-270588.git:kavia-Add-Lightningjs-Template
2025-11-26 11:46:11,904 - Knowledge - INFO - Found code_base: <app.utils.kg_build.knowledge.KnowledgeCodeBase object at 0x7fbc2776ea10>
2025-11-26 11:46:12,095 - Knowledge - INFO - process ingested knowledge for /app/data/T0015/270588/b1256qt/universalinit-270588/src/universalinit/templates/flask/app/__init__.py
2025-11-26 11:46:12,272 - Knowledge - INFO - Found code-base-name: https://github.com/kavia-common/universalinit-270588.git:kavia-Add-Lightningjs-Template
2025-11-26 11:46:12,440 - Knowledge - INFO - Found code_base: <app.utils.kg_build.knowledge.KnowledgeCodeBase object at 0x7fbc2776ea10>
2025-11-26 11:46:12,638 - Knowledge - INFO - process ingested knowledge for /app/data/T0015/270588/b1256qt/universalinit-270588/src/universalinit/templates/nativescript/App_Resources/Android/src/main/AndroidManifest.xml
2025-11-26 11:46:12,814 - Knowledge - INFO - Found code-base-name: https://github.com/kavia-common/universalinit-270588.git:kavia-Add-Lightningjs-Template
2025-11-26 11:46:13,001 - Knowledge - INFO - Found code_base: <app.utils.kg_build.knowledge.KnowledgeCodeBase object at 0x7fbc2776ea10>
2025-11-26 11:46:13,177 - Knowledge - INFO - process ingested knowledge for /app/data/T0015/270588/b1256qt/universalinit-270588/src/universalinit/templates/kotlin/app/src/main/res/mipmap-anydpi-v26/ic_launcher_round.xml
2025-11-26 11:46:13,345 - Knowledge - INFO - Found code-base-name: https://github.com/kavia-common/universalinit-270588.git:kavia-Add-Lightningjs-Template
2025-11-26 11:46:13,508 - Knowledge - INFO - Found code_base: <app.utils.kg_build.knowledge.KnowledgeCodeBase object at 0x7fbc2776ea10>
2025-11-26 11:46:13,725 - Knowledge - INFO - process ingested knowledge for /app/data/T0015/270588/b1256qt/universalinit-270588/src/universalinit/templates/nativescript/App_Resources/iOS/Assets.xcassets/LaunchScreen.AspectFill.imageset/Contents.json
2025-11-26 11:46:13,937 - Knowledge - INFO - Found code-base-name: https://github.com/kavia-common/universalinit-270588.git:kavia-Add-Lightningjs-Template
2025-11-26 11:46:14,110 - Knowledge - INFO - Found code_base: <app.utils.kg_build.knowledge.KnowledgeCodeBase object at 0x7fbc2776ea10>
2025-11-26 11:46:14,321 - Knowledge - INFO - process ingested knowledge for /app/data/T0015/270588/b1256qt/universalinit-270588/test/test_vite_template.py
2025-11-26 11:46:14,499 - Knowledge - INFO - Found code-base-name: https://github.com/kavia-common/universalinit-270588.git:kavia-Add-Lightningjs-Template
2025-11-26 11:46:14,696 - Knowledge - INFO - Found code_base: <app.utils.kg_build.knowledge.KnowledgeCodeBase object at 0x7fbc2776ea10>
2025-11-26 11:46:14,864 - Knowledge - INFO - process ingested knowledge for /app/data/T0015/270588/b1256qt/universalinit-270588/src/universalinit/templates/typescript/src/main.ts
2025-11-26 11:46:15,061 - Knowledge - INFO - Found code-base-name: https://github.com/kavia-common/universalinit-270588.git:kavia-Add-Lightningjs-Template
2025-11-26 11:46:15,223 - Knowledge - INFO - Found code_base: <app.utils.kg_build.knowledge.KnowledgeCodeBase object at 0x7fbc2776ea10>
2025-11-26 11:46:15,435 - Knowledge - INFO - process ingested knowledge for /app/data/T0015/270588/b1256qt/universalinit-270588/test/test_fastapi_template.py
2025-11-26 11:46:15,631 - Knowledge - INFO - Found code-base-name: https://github.com/kavia-common/universalinit-270588.git:kavia-Add-Lightningjs-Template
2025-11-26 11:46:15,825 - Knowledge - INFO - Found code_base: <app.utils.kg_build.knowledge.KnowledgeCodeBase object at 0x7fbc2776ea10>
2025-11-26 11:46:16,039 - Knowledge - INFO - process ingested knowledge for /app/data/T0015/270588/b1256qt/universalinit-270588/src/universalinit/templates/nativescript/package.json
2025-11-26 11:46:16,199 - Knowledge - INFO - Found code-base-name: https://github.com/kavia-common/universalinit-270588.git:kavia-Add-Lightningjs-Template
2025-11-26 11:46:16,386 - Knowledge - INFO - Found code_base: <app.utils.kg_build.knowledge.KnowledgeCodeBase object at 0x7fbc2776ea10>
2025-11-26 11:46:16,582 - Knowledge - INFO - process ingested knowledge for /app/data/T0015/270588/b1256qt/universalinit-270588/src/universalinit/templates/remotion/src/HelloWorld/Subtitle.tsx
2025-11-26 11:46:16,764 - Knowledge - INFO - Found code-base-name: https://github.com/kavia-common/universalinit-270588.git:kavia-Add-Lightningjs-Template
2025-11-26 11:46:16,945 - Knowledge - INFO - Found code_base: <app.utils.kg_build.knowledge.KnowledgeCodeBase object at 0x7fbc2776ea10>
2025-11-26 11:46:17,167 - Knowledge - INFO - process ingested knowledge for /app/data/T0015/270588/b1256qt/universalinit-270588/src/universalinit/templates/remotion/eslint.config.mjs
2025-11-26 11:46:17,309 - Knowledge - INFO - Found code-base-name: https://github.com/kavia-common/universalinit-270588.git:kavia-Add-Lightningjs-Template
2025-11-26 11:46:17,454 - Knowledge - INFO - Found code_base: <app.utils.kg_build.knowledge.KnowledgeCodeBase object at 0x7fbc2776ea10>
2025-11-26 11:46:17,656 - Knowledge - INFO - process ingested knowledge for /app/data/T0015/270588/b1256qt/universalinit-270588/src/universalinit/templates/express/src/controllers/health.js
2025-11-26 11:46:17,881 - Knowledge - INFO - Found code-base-name: https://github.com/kavia-common/universalinit-270588.git:kavia-Add-Lightningjs-Template
2025-11-26 11:46:18,022 - Knowledge - INFO - Found code_base: <app.utils.kg_build.knowledge.KnowledgeCodeBase object at 0x7fbc2776ea10>
2025-11-26 11:46:18,169 - Knowledge - INFO - process ingested knowledge for /app/data/T0015/270588/b1256qt/universalinit-270588/src/universalinit/templates/qwik/src/entry.ssr.tsx
2025-11-26 11:46:18,352 - Knowledge - INFO - Found code-base-name: https://github.com/kavia-common/universalinit-270588.git:kavia-Add-Lightningjs-Template
2025-11-26 11:46:18,572 - Knowledge - INFO - Found code_base: <app.utils.kg_build.knowledge.KnowledgeCodeBase object at 0x7fbc2776ea10>
2025-11-26 11:46:18,796 - Knowledge - INFO - process ingested knowledge for /app/data/T0015/270588/b1256qt/universalinit-270588/src/universalinit/templates/nativescript/webpack.config.js
2025-11-26 11:46:18,965 - Knowledge - INFO - Found code-base-name: https://github.com/kavia-common/universalinit-270588.git:kavia-Add-Lightningjs-Template
2025-11-26 11:46:19,160 - Knowledge - INFO - Found code_base: <app.utils.kg_build.knowledge.KnowledgeCodeBase object at 0x7fbc2776ea10>
2025-11-26 11:46:19,345 - Knowledge - INFO - process ingested knowledge for /app/data/T0015/270588/b1256qt/universalinit-270588/src/universalinit/templates/nextjs/package.json
2025-11-26 11:46:19,530 - Knowledge - INFO - Found code-base-name: https://github.com/kavia-common/universalinit-270588.git:kavia-Add-Lightningjs-Template
2025-11-26 11:46:19,740 - Knowledge - INFO - Found code_base: <app.utils.kg_build.knowledge.KnowledgeCodeBase object at 0x7fbc2776ea10>
2025-11-26 11:46:20,127 - Knowledge - INFO - Found code-base-name: https://github.com/kavia-common/universalinit-270588.git:kavia-Add-Lightningjs-Template
2025-11-26 11:46:20,312 - Knowledge - INFO - Found code_base: <app.utils.kg_build.knowledge.KnowledgeCodeBase object at 0x7fbc2776ea10>
2025-11-26 11:46:20,483 - Knowledge - INFO - persist ingested knowledge for /app/data/T0015/270588/b1256qt/universalinit-270588/src/universalinit/templates/react/public/index.html
2025-11-26 11:46:20,786 - Knowledge - INFO - [MONGODB_OP] Completed: persist, Collection: file_info, Duration: 99ms
2025-11-26 11:46:21,802 - Knowledge - INFO - [REDIS_OP] Completed: store_embedding, Key: src/universalinit/templates/react/public/index.html, Duration: 828ms
2025-11-26 11:46:21,991 - Knowledge - INFO - persist search terms embedding for src/universalinit/templates/react/public/index.html
2025-11-26 11:46:22,149 - Knowledge - INFO - process ingested knowledge for /app/data/T0015/270588/b1256qt/universalinit-270588/src/universalinit/templates/react/public/index.html
2025-11-26 11:46:22,341 - Knowledge - INFO - Found code-base-name: https://github.com/kavia-common/universalinit-270588.git:kavia-Add-Lightningjs-Template
2025-11-26 11:46:22,558 - Knowledge - INFO - Found code_base: <app.utils.kg_build.knowledge.KnowledgeCodeBase object at 0x7fbc2776ea10>
 2025-11-26 11:46:22,814 - Knowledge - INFO - Found code-base-name: https://github.com/kavia-common/universalinit-270588.git:kavia-Add-Lightningjs-Template
2025-11-26 11:46:23,004 - Knowledge - INFO - Found code_base: <app.utils.kg_build.knowledge.KnowledgeCodeBase object at 0x7fbc2776ea10>
2025-11-26 11:46:23,186 - Knowledge - INFO - persist ingested knowledge for /app/data/T0015/270588/b1256qt/universalinit-270588/src/universalinit/templates/remix/app/tailwind.css
                              2025-11-26 11:46:23,468 - Knowledge - INFO - [MONGODB_OP] Completed: persist, Collection: file_info, Duration: 118ms
2025-11-26 11:46:23,940 - Knowledge - INFO - [REDIS_OP] Completed: store_embedding, Key: src/universalinit/templates/remix/app/tailwind.css, Duration: 267ms
2025-11-26 11:46:24,169 - Knowledge - INFO - persist search terms embedding for src/universalinit/templates/remix/app/tailwind.css
2025-11-26 11:46:24,324 - Knowledge - INFO - process ingested knowledge for /app/data/T0015/270588/b1256qt/universalinit-270588/src/universalinit/templates/remix/app/tailwind.css
2025-11-26 11:46:24,510 - Knowledge - INFO - Found code-base-name: https://github.com/kavia-common/universalinit-270588.git:kavia-Add-Lightningjs-Template
2025-11-26 11:46:24,715 - Knowledge - INFO - Found code_base: <app.utils.kg_build.knowledge.KnowledgeCodeBase object at 0x7fbc2776ea10>
                                                                                          2025-11-26 11:46:24,964 - Knowledge - INFO - Found code-base-name: https://github.com/kavia-common/universalinit-270588.git:kavia-Add-Lightningjs-Template
2025-11-26 11:46:25,128 - Knowledge - INFO - Found code_base: <app.utils.kg_build.knowledge.KnowledgeCodeBase object at 0x7fbc2776ea10>
2025-11-26 11:46:25,295 - Knowledge - INFO - persist ingested knowledge for /app/data/T0015/270588/b1256qt/universalinit-270588/src/universalinit/templates/lightningjs/vite.config.js
2025-11-26 11:46:25,534 - Knowledge - INFO - [MONGODB_OP] Completed: persist, Collection: file_info, Duration: 91ms
2025-11-26 11:46:26,023 - Knowledge - INFO - [REDIS_OP] Completed: store_embedding, Key: src/universalinit/templates/lightningjs/vite.config.js, Duration: 312ms
2025-11-26 11:46:26,224 - Knowledge - INFO - persist search terms embedding for src/universalinit/templates/lightningjs/vite.config.js
2025-11-26 11:46:26,417 - Knowledge - INFO - process ingested knowledge for /app/data/T0015/270588/b1256qt/universalinit-270588/src/universalinit/templates/lightningjs/vite.config.js
2025-11-26 11:46:26,584 - Knowledge - INFO - Found code-base-name: https://github.com/kavia-common/universalinit-270588.git:kavia-Add-Lightningjs-Template
2025-11-26 11:46:26,790 - Knowledge - INFO - Found code_base: <app.utils.kg_build.knowledge.KnowledgeCodeBase object at 0x7fbc2776ea10>
2025-11-26 11:46:27,094 - Knowledge - INFO - Found code-base-name: https://github.com/kavia-common/universalinit-270588.git:kavia-Add-Lightningjs-Template
2025-11-26 11:46:27,292 - Knowledge - INFO - Found code_base: <app.utils.kg_build.knowledge.KnowledgeCodeBase object at 0x7fbc2776ea10>
2025-11-26 11:46:27,489 - Knowledge - INFO - persist ingested knowledge for /app/data/T0015/270588/b1256qt/universalinit-270588/src/universalinit/templates/angular/src/app/app.component.ts
2025-11-26 11:46:27,767 - Knowledge - INFO - [MONGODB_OP] Completed: persist, Collection: file_info, Duration: 116ms
2025-11-26 11:46:28,246 - Knowledge - INFO - [REDIS_OP] Completed: store_embedding, Key: src/universalinit/templates/angular/src/app/app.component.ts, Duration: 307ms
2025-11-26 11:46:28,439 - Knowledge - INFO - persist search terms embedding for src/universalinit/templates/angular/src/app/app.component.ts
2025-11-26 11:46:28,603 - Knowledge - INFO - process ingested knowledge for /app/data/T0015/270588/b1256qt/universalinit-270588/src/universalinit/templates/angular/src/app/app.component.ts
2025-11-26 11:46:28,796 - Knowledge - INFO - Found code-base-name: https://github.com/kavia-common/universalinit-270588.git:kavia-Add-Lightningjs-Template
2025-11-26 11:46:28,982 - Knowledge - INFO - Found code_base: <app.utils.kg_build.knowledge.KnowledgeCodeBase object at 0x7fbc2776ea10>
2025-11-26 11:46:29,239 - Knowledge - INFO - Found code-base-name: https://github.com/kavia-common/universalinit-270588.git:kavia-Add-Lightningjs-Template
2025-11-26 11:46:29,417 - Knowledge - INFO - Found code_base: <app.utils.kg_build.knowledge.KnowledgeCodeBase object at 0x7fbc2776ea10>
2025-11-26 11:46:29,607 - Knowledge - INFO - persist ingested knowledge for /app/data/T0015/270588/b1256qt/universalinit-270588/src/universalinit/templates/kotlin/app/src/main/res/xml/data_extraction_rules.xml
2025-11-26 11:46:29,887 - Knowledge - INFO - [MONGODB_OP] Completed: persist, Collection: file_info, Duration: 102ms
2025-11-26 11:46:30,271 - Knowledge - INFO - [REDIS_OP] Completed: store_embedding, Key: src/universalinit/templates/kotlin/app/src/main/res/xml/data_extraction_rules.xml, Duration: 219ms
2025-11-26 11:46:30,425 - Knowledge - INFO - persist search terms embedding for src/universalinit/templates/kotlin/app/src/main/res/xml/data_extraction_rules.xml
2025-11-26 11:46:30,603 - Knowledge - INFO - process ingested knowledge for /app/data/T0015/270588/b1256qt/universalinit-270588/src/universalinit/templates/kotlin/app/src/main/res/xml/data_extraction_rules.xml
2025-11-26 11:46:30,819 - Knowledge - INFO - Found code-base-name: https://github.com/kavia-common/universalinit-270588.git:kavia-Add-Lightningjs-Template
2025-11-26 11:46:31,027 - Knowledge - INFO - Found code_base: <app.utils.kg_build.knowledge.KnowledgeCodeBase object at 0x7fbc2776ea10>
2025-11-26 11:46:31,323 - Knowledge - INFO - Found code-base-name: https://github.com/kavia-common/universalinit-270588.git:kavia-Add-Lightningjs-Template
2025-11-26 11:46:31,482 - Knowledge - INFO - Found code_base: <app.utils.kg_build.knowledge.KnowledgeCodeBase object at 0x7fbc2776ea10>
2025-11-26 11:46:31,629 - Knowledge - INFO - persist ingested knowledge for /app/data/T0015/270588/b1256qt/universalinit-270588/src/universalinit/templates/qwik/src/components/starter/gauge/gauge.module.css
2025-11-26 11:46:31,931 - Knowledge - INFO - [MONGODB_OP] Completed: persist, Collection: file_info, Duration: 129ms
2025-11-26 11:46:32,430 - Knowledge - INFO - [REDIS_OP] Completed: store_embedding, Key: src/universalinit/templates/qwik/src/components/starter/gauge/gauge.module.css, Duration: 293ms
2025-11-26 11:46:32,584 - Knowledge - INFO - persist search terms embedding for src/universalinit/templates/qwik/src/components/starter/gauge/gauge.module.css
2025-11-26 11:46:32,796 - Knowledge - INFO - process ingested knowledge for /app/data/T0015/270588/b1256qt/universalinit-270588/src/universalinit/templates/qwik/src/components/starter/gauge/gauge.module.css
2025-11-26 11:46:33,003 - Knowledge - INFO - Found code-base-name: https://github.com/kavia-common/universalinit-270588.git:kavia-Add-Lightningjs-Template
2025-11-26 11:46:33,165 - Knowledge - INFO - Found code_base: <app.utils.kg_build.knowledge.KnowledgeCodeBase object at 0x7fbc2776ea10>
2025-11-26 11:46:33,456 - Knowledge - INFO - Found code-base-name: https://github.com/kavia-common/universalinit-270588.git:kavia-Add-Lightningjs-Template
2025-11-26 11:46:33,645 - Knowledge - INFO - Found code_base: <app.utils.kg_build.knowledge.KnowledgeCodeBase object at 0x7fbc2776ea10>
2025-11-26 11:46:33,817 - Knowledge - INFO - persist ingested knowledge for /app/data/T0015/270588/b1256qt/universalinit-270588/src/universalinit/templates/express/eslint.config.js
2025-11-26 11:46:34,089 - Knowledge - INFO - [MONGODB_OP] Completed: persist, Collection: file_info, Duration: 102ms
2025-11-26 11:46:34,547 - Knowledge - INFO - [REDIS_OP] Completed: store_embedding, Key: src/universalinit/templates/express/eslint.config.js, Duration: 243ms
2025-11-26 11:46:34,708 - Knowledge - INFO - persist search terms embedding for src/universalinit/templates/express/eslint.config.js
2025-11-26 11:46:34,879 - Knowledge - INFO - process ingested knowledge for /app/data/T0015/270588/b1256qt/universalinit-270588/src/universalinit/templates/express/eslint.config.js
2025-11-26 11:46:35,063 - Knowledge - INFO - Found code-base-name: https://github.com/kavia-common/universalinit-270588.git:kavia-Add-Lightningjs-Template
2025-11-26 11:46:35,276 - Knowledge - INFO - Found code_base: <app.utils.kg_build.knowledge.KnowledgeCodeBase object at 0x7fbc2776ea10>
2025-11-26 11:46:35,659 - Knowledge - INFO - Found code-base-name: https://github.com/kavia-common/universalinit-270588.git:kavia-Add-Lightningjs-Template
2025-11-26 11:46:35,810 - Knowledge - INFO - Found code_base: <app.utils.kg_build.knowledge.KnowledgeCodeBase object at 0x7fbc2776ea10>
2025-11-26 11:46:36,014 - Knowledge - INFO - persist ingested knowledge for /app/data/T0015/270588/b1256qt/universalinit-270588/src/universalinit/templates/vue/vitest.config.ts
2025-11-26 11:46:36,375 - Knowledge - INFO - [MONGODB_OP] Completed: persist, Collection: file_info, Duration: 147ms
2025-11-26 11:46:36,806 - Knowledge - INFO - [REDIS_OP] Completed: store_embedding, Key: src/universalinit/templates/vue/vitest.config.ts, Duration: 260ms
2025-11-26 11:46:36,986 - Knowledge - INFO - persist search terms embedding for src/universalinit/templates/vue/vitest.config.ts
2025-11-26 11:46:37,125 - Knowledge - INFO - process ingested knowledge for /app/data/T0015/270588/b1256qt/universalinit-270588/src/universalinit/templates/vue/vitest.config.ts
2025-11-26 11:46:37,303 - Knowledge - INFO - Found code-base-name: https://github.com/kavia-common/universalinit-270588.git:kavia-Add-Lightningjs-Template
2025-11-26 11:46:37,490 - Knowledge - INFO - Found code_base: <app.utils.kg_build.knowledge.KnowledgeCodeBase object at 0x7fbc2776ea10>
2025-11-26 11:46:37,718 - Knowledge - INFO - Found code-base-name: https://github.com/kavia-common/universalinit-270588.git:kavia-Add-Lightningjs-Template
2025-11-26 11:46:37,889 - Knowledge - INFO - Found code_base: <app.utils.kg_build.knowledge.KnowledgeCodeBase object at 0x7fbc2776ea10>
2025-11-26 11:46:38,089 - Knowledge - INFO - persist ingested knowledge for /app/data/T0015/270588/b1256qt/universalinit-270588/src/universalinit/templates/nativescript/app/app.js
2025-11-26 11:46:38,367 - Knowledge - INFO - [MONGODB_OP] Completed: persist, Collection: file_info, Duration: 105ms
2025-11-26 11:46:38,773 - Knowledge - INFO - [REDIS_OP] Completed: store_embedding, Key: src/universalinit/templates/nativescript/app/app.js, Duration: 238ms
2025-11-26 11:46:38,958 - Knowledge - INFO - persist search terms embedding for src/universalinit/templates/nativescript/app/app.js
2025-11-26 11:46:39,116 - Knowledge - INFO - process ingested knowledge for /app/data/T0015/270588/b1256qt/universalinit-270588/src/universalinit/templates/nativescript/app/app.js
2025-11-26 11:46:39,352 - Knowledge - INFO - Found code-base-name: https://github.com/kavia-common/universalinit-270588.git:kavia-Add-Lightningjs-Template
2025-11-26 11:46:39,579 - Knowledge - INFO - Found code_base: <app.utils.kg_build.knowledge.KnowledgeCodeBase object at 0x7fbc2776ea10>
2025-11-26 11:46:39,863 - Knowledge - INFO - Found code-base-name: https://github.com/kavia-common/universalinit-270588.git:kavia-Add-Lightningjs-Template
2025-11-26 11:46:40,048 - Knowledge - INFO - Found code_base: <app.utils.kg_build.knowledge.KnowledgeCodeBase object at 0x7fbc2776ea10>
2025-11-26 11:46:40,224 - Knowledge - INFO - persist ingested knowledge for /app/data/T0015/270588/b1256qt/universalinit-270588/src/universalinit/templates/qwik/src/components/starter/header/header.module.css
2025-11-26 11:46:40,491 - Knowledge - INFO - [MONGODB_OP] Completed: persist, Collection: file_info, Duration: 96ms
2025-11-26 11:46:40,994 - Knowledge - INFO - [REDIS_OP] Completed: store_embedding, Key: src/universalinit/templates/qwik/src/components/starter/header/header.module.css, Duration: 302ms
2025-11-26 11:46:41,125 - Knowledge - INFO - persist search terms embedding for src/universalinit/templates/qwik/src/components/starter/header/header.module.css
2025-11-26 11:46:41,319 - Knowledge - INFO - process ingested knowledge for /app/data/T0015/270588/b1256qt/universalinit-270588/src/universalinit/templates/qwik/src/components/starter/header/header.module.css
2025-11-26 11:46:41,511 - Knowledge - INFO - Found code-base-name: https://github.com/kavia-common/universalinit-270588.git:kavia-Add-Lightningjs-Template
2025-11-26 11:46:41,688 - Knowledge - INFO - Found code_base: <app.utils.kg_build.knowledge.KnowledgeCodeBase object at 0x7fbc2776ea10>
2025-11-26 11:46:41,846 - Knowledge - INFO - process ingested knowledge for /app/data/T0015/270588/b1256qt/universalinit-270588/src/universalinit/templates/qwik/package.json
2025-11-26 11:46:42,009 - Knowledge - INFO - Found code-base-name: https://github.com/kavia-common/universalinit-270588.git:kavia-Add-Lightningjs-Template
2025-11-26 11:46:42,222 - Knowledge - INFO - Found code_base: <app.utils.kg_build.knowledge.KnowledgeCodeBase object at 0x7fbc2776ea10>
2025-11-26 11:46:42,433 - Knowledge - INFO - process ingested knowledge for /app/data/T0015/270588/b1256qt/universalinit-270588/src/universalinit/templates/slidev/vercel.json
2025-11-26 11:46:42,622 - Knowledge - INFO - Found code-base-name: https://github.com/kavia-common/universalinit-270588.git:kavia-Add-Lightningjs-Template
2025-11-26 11:46:42,824 - Knowledge - INFO - Found code_base: <app.utils.kg_build.knowledge.KnowledgeCodeBase object at 0x7fbc2776ea10>
2025-11-26 11:46:43,077 - Knowledge - INFO - Found code-base-name: https://github.com/kavia-common/universalinit-270588.git:kavia-Add-Lightningjs-Template
2025-11-26 11:46:43,264 - Knowledge - INFO - Found code_base: <app.utils.kg_build.knowledge.KnowledgeCodeBase object at 0x7fbc2776ea10>
2025-11-26 11:46:43,462 - Knowledge - INFO - persist ingested knowledge for /app/data/T0015/270588/b1256qt/universalinit-270588/src/universalinit/templates/nativescript/app/app.css
2025-11-26 11:46:43,773 - Knowledge - INFO - [MONGODB_OP] Completed: persist, Collection: file_info, Duration: 98ms
2025-11-26 11:46:44,168 - Knowledge - INFO - [REDIS_OP] Completed: store_embedding, Key: src/universalinit/templates/nativescript/app/app.css, Duration: 207ms
2025-11-26 11:46:44,321 - Knowledge - INFO - persist search terms embedding for src/universalinit/templates/nativescript/app/app.css
2025-11-26 11:46:44,486 - Knowledge - INFO - process ingested knowledge for /app/data/T0015/270588/b1256qt/universalinit-270588/src/universalinit/templates/nativescript/app/app.css
2025-11-26 11:46:44,660 - Knowledge - INFO - Found code-base-name: https://github.com/kavia-common/universalinit-270588.git:kavia-Add-Lightningjs-Template
2025-11-26 11:46:44,878 - Knowledge - INFO - Found code_base: <app.utils.kg_build.knowledge.KnowledgeCodeBase object at 0x7fbc2776ea10>
2025-11-26 11:46:45,133 - Knowledge - INFO - Found code-base-name: https://github.com/kavia-common/universalinit-270588.git:kavia-Add-Lightningjs-Template
2025-11-26 11:46:45,290 - Knowledge - INFO - Found code_base: <app.utils.kg_build.knowledge.KnowledgeCodeBase object at 0x7fbc2776ea10>
2025-11-26 11:46:45,484 - Knowledge - INFO - persist ingested knowledge for /app/data/T0015/270588/b1256qt/universalinit-270588/src/universalinit/templates/react/public/robots.txt
2025-11-26 11:46:45,774 - Knowledge - INFO - [MONGODB_OP] Completed: persist, Collection: file_info, Duration: 96ms
2025-11-26 11:46:46,551 - Knowledge - INFO - [REDIS_OP] Completed: store_embedding, Key: src/universalinit/templates/react/public/robots.txt, Duration: 597ms
2025-11-26 11:46:46,744 - Knowledge - INFO - persist search terms embedding for src/universalinit/templates/react/public/robots.txt
2025-11-26 11:46:46,902 - Knowledge - INFO - process ingested knowledge for /app/data/T0015/270588/b1256qt/universalinit-270588/src/universalinit/templates/react/public/robots.txt
2025-11-26 11:46:47,113 - Knowledge - INFO - Found code-base-name: https://github.com/kavia-common/universalinit-270588.git:kavia-Add-Lightningjs-Template
2025-11-26 11:46:47,286 - Knowledge - INFO - Found code_base: <app.utils.kg_build.knowledge.KnowledgeCodeBase object at 0x7fbc2776ea10>
2025-11-26 11:46:47,592 - Knowledge - INFO - Found code-base-name: https://github.com/kavia-common/universalinit-270588.git:kavia-Add-Lightningjs-Template
2025-11-26 11:46:47,787 - Knowledge - INFO - Found code_base: <app.utils.kg_build.knowledge.KnowledgeCodeBase object at 0x7fbc2776ea10>
2025-11-26 11:46:47,997 - Knowledge - INFO - persist ingested knowledge for /app/data/T0015/270588/b1256qt/universalinit-270588/src/universalinit/templates/nativescript/App_Resources/Android/app.gradle
                                                                                                                          2025-11-26 11:46:48,263 - Knowledge - INFO - [MONGODB_OP] Completed: persist, Collection: file_info, Duration: 98ms
2025-11-26 11:46:48,770 - Knowledge - INFO - [REDIS_OP] Completed: store_embedding, Key: src/universalinit/templates/nativescript/App_Resources/Android/app.gradle, Duration: 306ms
2025-11-26 11:46:48,956 - Knowledge - INFO - persist search terms embedding for src/universalinit/templates/nativescript/App_Resources/Android/app.gradle
2025-11-26 11:46:49,149 - Knowledge - INFO - process ingested knowledge for /app/data/T0015/270588/b1256qt/universalinit-270588/src/universalinit/templates/nativescript/App_Resources/Android/app.gradle
2025-11-26 11:46:49,339 - Knowledge - INFO - Found code-base-name: https://github.com/kavia-common/universalinit-270588.git:kavia-Add-Lightningjs-Template
2025-11-26 11:46:49,542 - Knowledge - INFO - Found code_base: <app.utils.kg_build.knowledge.KnowledgeCodeBase object at 0x7fbc2776ea10>
2025-11-26 11:46:49,806 - Knowledge - INFO - Found code-base-name: https://github.com/kavia-common/universalinit-270588.git:kavia-Add-Lightningjs-Template
2025-11-26 11:46:49,957 - Knowledge - INFO - Found code_base: <app.utils.kg_build.knowledge.KnowledgeCodeBase object at 0x7fbc2776ea10>
2025-11-26 11:46:50,154 - Knowledge - INFO - persist ingested knowledge for /app/data/T0015/270588/b1256qt/universalinit-270588/src/universalinit/templates/qwik/src/components/router-head/router-head.tsx
2025-11-26 11:46:50,442 - Knowledge - INFO - [MONGODB_OP] Completed: persist, Collection: file_info, Duration: 102ms
2025-11-26 11:46:50,855 - Knowledge - INFO - [REDIS_OP] Completed: store_embedding, Key: src/universalinit/templates/qwik/src/components/router-head/router-head.tsx, Duration: 263ms
2025-11-26 11:46:51,062 - Knowledge - INFO - persist search terms embedding for src/universalinit/templates/qwik/src/components/router-head/router-head.tsx
2025-11-26 11:46:51,234 - Knowledge - INFO - process ingested knowledge for /app/data/T0015/270588/b1256qt/universalinit-270588/src/universalinit/templates/qwik/src/components/router-head/router-head.tsx
2025-11-26 11:46:51,426 - Knowledge - INFO - Found code-base-name: https://github.com/kavia-common/universalinit-270588.git:kavia-Add-Lightningjs-Template
2025-11-26 11:46:51,576 - Knowledge - INFO - Found code_base: <app.utils.kg_build.knowledge.KnowledgeCodeBase object at 0x7fbc2776ea10>
2025-11-26 11:46:51,831 - Knowledge - INFO - Found code-base-name: https://github.com/kavia-common/universalinit-270588.git:kavia-Add-Lightningjs-Template
2025-11-26 11:46:52,014 - Knowledge - INFO - Found code_base: <app.utils.kg_build.knowledge.KnowledgeCodeBase object at 0x7fbc2776ea10>
2025-11-26 11:46:52,177 - Knowledge - INFO - persist ingested knowledge for /app/data/T0015/270588/b1256qt/universalinit-270588/src/universalinit/templates/qwik/src/components/starter/footer/footer.module.css
2025-11-26 11:46:52,524 - Knowledge - INFO - [MONGODB_OP] Completed: persist, Collection: file_info, Duration: 126ms
2025-11-26 11:46:52,979 - Knowledge - INFO - [REDIS_OP] Completed: store_embedding, Key: src/universalinit/templates/qwik/src/components/starter/footer/footer.module.css, Duration: 263ms
2025-11-26 11:46:53,167 - Knowledge - INFO - persist search terms embedding for src/universalinit/templates/qwik/src/components/starter/footer/footer.module.css
2025-11-26 11:46:53,345 - Knowledge - INFO - process ingested knowledge for /app/data/T0015/270588/b1256qt/universalinit-270588/src/universalinit/templates/qwik/src/components/starter/footer/footer.module.css
2025-11-26 11:46:53,519 - Knowledge - INFO - Found code-base-name: https://github.com/kavia-common/universalinit-270588.git:kavia-Add-Lightningjs-Template
2025-11-26 11:46:53,706 - Knowledge - INFO - Found code_base: <app.utils.kg_build.knowledge.KnowledgeCodeBase object at 0x7fbc2776ea10>
2025-11-26 11:46:53,898 - Knowledge - INFO - process ingested knowledge for /app/data/T0015/270588/b1256qt/universalinit-270588/src/universalinit/templates/angular/angular.json
2025-11-26 11:46:54,082 - Knowledge - INFO - Found code-base-name: https://github.com/kavia-common/universalinit-270588.git:kavia-Add-Lightningjs-Template
2025-11-26 11:46:54,222 - Knowledge - INFO - Found code_base: <app.utils.kg_build.knowledge.KnowledgeCodeBase object at 0x7fbc2776ea10>
2025-11-26 11:46:54,543 - Knowledge - INFO - Found code-base-name: https://github.com/kavia-common/universalinit-270588.git:kavia-Add-Lightningjs-Template
2025-11-26 11:46:54,738 - Knowledge - INFO - Found code_base: <app.utils.kg_build.knowledge.KnowledgeCodeBase object at 0x7fbc2776ea10>
2025-11-26 11:46:54,917 - Knowledge - INFO - persist ingested knowledge for /app/data/T0015/270588/b1256qt/universalinit-270588/src/universalinit/templates/nativescript/App_Resources/Android/src/main/res/values/ic_launcher_background.xml
2025-11-26 11:46:55,202 - Knowledge - INFO - [MONGODB_OP] Completed: persist, Collection: file_info, Duration: 92ms
2025-11-26 11:46:55,662 - Knowledge - INFO - [REDIS_OP] Completed: store_embedding, Key: src/universalinit/templates/nativescript/App_Resources/Android/src/main/res/values/ic_launcher_background.xml, Duration: 298ms
2025-11-26 11:46:55,811 - Knowledge - INFO - persist search terms embedding for src/universalinit/templates/nativescript/App_Resources/Android/src/main/res/values/ic_launcher_background.xml
2025-11-26 11:46:56,027 - Knowledge - INFO - process ingested knowledge for /app/data/T0015/270588/b1256qt/universalinit-270588/src/universalinit/templates/nativescript/App_Resources/Android/src/main/res/values/ic_launcher_background.xml
2025-11-26 11:46:56,225 - Knowledge - INFO - Found code-base-name: https://github.com/kavia-common/universalinit-270588.git:kavia-Add-Lightningjs-Template
2025-11-26 11:46:56,423 - Knowledge - INFO - Found code_base: <app.utils.kg_build.knowledge.KnowledgeCodeBase object at 0x7fbc2776ea10>
2025-11-26 11:46:56,707 - Knowledge - INFO - Found code-base-name: https://github.com/kavia-common/universalinit-270588.git:kavia-Add-Lightningjs-Template
2025-11-26 11:46:56,918 - Knowledge - INFO - Found code_base: <app.utils.kg_build.knowledge.KnowledgeCodeBase object at 0x7fbc2776ea10>
2025-11-26 11:46:57,120 - Knowledge - INFO - persist ingested knowledge for /app/data/T0015/270588/b1256qt/universalinit-270588/src/universalinit/templates/vue/src/components/__tests__/HelloWorld.spec.ts
2025-11-26 11:46:57,374 - Knowledge - INFO - [MONGODB_OP] Completed: persist, Collection: file_info, Duration: 97ms
2025-11-26 11:46:57,780 - Knowledge - INFO - [REDIS_OP] Completed: store_embedding, Key: src/universalinit/templates/vue/src/components/__tests__/HelloWorld.spec.ts, Duration: 201ms
2025-11-26 11:46:57,990 - Knowledge - INFO - persist search terms embedding for src/universalinit/templates/vue/src/components/__tests__/HelloWorld.spec.ts
2025-11-26 11:46:58,211 - Knowledge - INFO - process ingested knowledge for /app/data/T0015/270588/b1256qt/universalinit-270588/src/universalinit/templates/vue/src/components/__tests__/HelloWorld.spec.ts
2025-11-26 11:46:58,450 - Knowledge - INFO - Found code-base-name: https://github.com/kavia-common/universalinit-270588.git:kavia-Add-Lightningjs-Template
2025-11-26 11:46:58,644 - Knowledge - INFO - Found code_base: <app.utils.kg_build.knowledge.KnowledgeCodeBase object at 0x7fbc2776ea10>
2025-11-26 11:46:58,908 - Knowledge - INFO - Found code-base-name: https://github.com/kavia-common/universalinit-270588.git:kavia-Add-Lightningjs-Template
2025-11-26 11:46:59,084 - Knowledge - INFO - Found code_base: <app.utils.kg_build.knowledge.KnowledgeCodeBase object at 0x7fbc2776ea10>
2025-11-26 11:46:59,290 - Knowledge - INFO - persist ingested knowledge for /app/data/T0015/270588/b1256qt/universalinit-270588/src/universalinit/templates/nextjs/next.config.ts
2025-11-26 11:46:59,548 - Knowledge - INFO - [MONGODB_OP] Completed: persist, Collection: file_info, Duration: 93ms
2025-11-26 11:46:59,922 - Knowledge - INFO - [REDIS_OP] Completed: store_embedding, Key: src/universalinit/templates/nextjs/next.config.ts, Duration: 161ms
2025-11-26 11:47:00,145 - Knowledge - INFO - persist search terms embedding for src/universalinit/templates/nextjs/next.config.ts
2025-11-26 11:47:00,317 - Knowledge - INFO - process ingested knowledge for /app/data/T0015/270588/b1256qt/universalinit-270588/src/universalinit/templates/nextjs/next.config.ts
2025-11-26 11:47:00,536 - Knowledge - INFO - Found code-base-name: https://github.com/kavia-common/universalinit-270588.git:kavia-Add-Lightningjs-Template
2025-11-26 11:47:00,688 - Knowledge - INFO - Found code_base: <app.utils.kg_build.knowledge.KnowledgeCodeBase object at 0x7fbc2776ea10>
2025-11-26 11:47:00,954 - Knowledge - INFO - Found code-base-name: https://github.com/kavia-common/universalinit-270588.git:kavia-Add-Lightningjs-Template
2025-11-26 11:47:01,176 - Knowledge - INFO - Found code_base: <app.utils.kg_build.knowledge.KnowledgeCodeBase object at 0x7fbc2776ea10>
2025-11-26 11:47:01,327 - Knowledge - INFO - persist ingested knowledge for /app/data/T0015/270588/b1256qt/universalinit-270588/src/universalinit/templates/slidev/README.md
2025-11-26 11:47:01,562 - Knowledge - INFO - [MONGODB_OP] Completed: persist, Collection: file_info, Duration: 88ms
2025-11-26 11:47:02,022 - Knowledge - INFO - [REDIS_OP] Completed: store_embedding, Key: src/universalinit/templates/slidev/README.md, Duration: 270ms
2025-11-26 11:47:02,187 - Knowledge - INFO - persist search terms embedding for src/universalinit/templates/slidev/README.md
2025-11-26 11:47:02,342 - Knowledge - INFO - process ingested knowledge for /app/data/T0015/270588/b1256qt/universalinit-270588/src/universalinit/templates/slidev/README.md
2025-11-26 11:47:02,563 - Knowledge - INFO - Found code-base-name: https://github.com/kavia-common/universalinit-270588.git:kavia-Add-Lightningjs-Template
2025-11-26 11:47:02,733 - Knowledge - INFO - Found code_base: <app.utils.kg_build.knowledge.KnowledgeCodeBase object at 0x7fbc2776ea10>
2025-11-26 11:47:02,938 - Knowledge - INFO - process ingested knowledge for /app/data/T0015/270588/b1256qt/universalinit-270588/src/universalinit/templates/vite/package.json
2025-11-26 11:47:03,132 - Knowledge - INFO - Found code-base-name: https://github.com/kavia-common/universalinit-270588.git:kavia-Add-Lightningjs-Template
2025-11-26 11:47:03,357 - Knowledge - INFO - Found code_base: <app.utils.kg_build.knowledge.KnowledgeCodeBase object at 0x7fbc2776ea10>
2025-11-26 11:47:03,633 - Knowledge - INFO - Found code-base-name: https://github.com/kavia-common/universalinit-270588.git:kavia-Add-Lightningjs-Template
2025-11-26 11:47:03,777 - Knowledge - INFO - Found code_base: <app.utils.kg_build.knowledge.KnowledgeCodeBase object at 0x7fbc2776ea10>
2025-11-26 11:47:03,938 - Knowledge - INFO - persist ingested knowledge for /app/data/T0015/270588/b1256qt/universalinit-270588/src/universalinit/templates/svelte/vite.config.ts
2025-11-26 11:47:04,239 - Knowledge - INFO - [MONGODB_OP] Completed: persist, Collection: file_info, Duration: 99ms
2025-11-26 11:47:04,650 - Knowledge - INFO - [REDIS_OP] Completed: store_embedding, Key: src/universalinit/templates/svelte/vite.config.ts, Duration: 231ms
2025-11-26 11:47:04,849 - Knowledge - INFO - persist search terms embedding for src/universalinit/templates/svelte/vite.config.ts
2025-11-26 11:47:05,053 - Knowledge - INFO - process ingested knowledge for /app/data/T0015/270588/b1256qt/universalinit-270588/src/universalinit/templates/svelte/vite.config.ts
2025-11-26 11:47:05,234 - Knowledge - INFO - Found code-base-name: https://github.com/kavia-common/universalinit-270588.git:kavia-Add-Lightningjs-Template
2025-11-26 11:47:05,380 - Knowledge - INFO - Found code_base: <app.utils.kg_build.knowledge.KnowledgeCodeBase object at 0x7fbc2776ea10>
2025-11-26 11:47:05,641 - Knowledge - INFO - Found code-base-name: https://github.com/kavia-common/universalinit-270588.git:kavia-Add-Lightningjs-Template
2025-11-26 11:47:05,850 - Knowledge - INFO - Found code_base: <app.utils.kg_build.knowledge.KnowledgeCodeBase object at 0x7fbc2776ea10>
2025-11-26 11:47:06,031 - Knowledge - INFO - persist ingested knowledge for /app/data/T0015/270588/b1256qt/universalinit-270588/src/universalinit/templates/kotlin/app/src/main/res/xml/backup_rules.xml
2025-11-26 11:47:06,372 - Knowledge - INFO - [MONGODB_OP] Completed: persist, Collection: file_info, Duration: 140ms
2025-11-26 11:47:06,777 - Knowledge - INFO - [REDIS_OP] Completed: store_embedding, Key: src/universalinit/templates/kotlin/app/src/main/res/xml/backup_rules.xml, Duration: 222ms
2025-11-26 11:47:07,005 - Knowledge - INFO - persist search terms embedding for src/universalinit/templates/kotlin/app/src/main/res/xml/backup_rules.xml
2025-11-26 11:47:07,177 - Knowledge - INFO - process ingested knowledge for /app/data/T0015/270588/b1256qt/universalinit-270588/src/universalinit/templates/kotlin/app/src/main/res/xml/backup_rules.xml
2025-11-26 11:47:07,355 - Knowledge - INFO - Found code-base-name: https://github.com/kavia-common/universalinit-270588.git:kavia-Add-Lightningjs-Template
2025-11-26 11:47:07,532 - Knowledge - INFO - Found code_base: <app.utils.kg_build.knowledge.KnowledgeCodeBase object at 0x7fbc2776ea10>
2025-11-26 11:47:07,791 - Knowledge - INFO - Found code-base-name: https://github.com/kavia-common/universalinit-270588.git:kavia-Add-Lightningjs-Template
2025-11-26 11:47:08,009 - Knowledge - INFO - Found code_base: <app.utils.kg_build.knowledge.KnowledgeCodeBase object at 0x7fbc2776ea10>
2025-11-26 11:47:08,197 - Knowledge - INFO - persist ingested knowledge for /app/data/T0015/270588/b1256qt/universalinit-270588/src/universalinit/templates/fastapi/src/api/main.py
2025-11-26 11:47:08,504 - Knowledge - INFO - [MONGODB_OP] Completed: persist, Collection: file_info, Duration: 93ms
2025-11-26 11:47:08,924 - Knowledge - INFO - [REDIS_OP] Completed: store_embedding, Key: src/universalinit/templates/fastapi/src/api/main.py, Duration: 227ms
2025-11-26 11:47:09,120 - Knowledge - INFO - persist search terms embedding for src/universalinit/templates/fastapi/src/api/main.py
2025-11-26 11:47:09,306 - Knowledge - INFO - process ingested knowledge for /app/data/T0015/270588/b1256qt/universalinit-270588/src/universalinit/templates/fastapi/src/api/main.py
2025-11-26 11:47:09,529 - Knowledge - INFO - Found code-base-name: https://github.com/kavia-common/universalinit-270588.git:kavia-Add-Lightningjs-Template
2025-11-26 11:47:09,677 - Knowledge - INFO - Found code_base: <app.utils.kg_build.knowledge.KnowledgeCodeBase object at 0x7fbc2776ea10>
2025-11-26 11:47:09,991 - Knowledge - INFO - Found code-base-name: https://github.com/kavia-common/universalinit-270588.git:kavia-Add-Lightningjs-Template
2025-11-26 11:47:10,165 - Knowledge - INFO - Found code_base: <app.utils.kg_build.knowledge.KnowledgeCodeBase object at 0x7fbc2776ea10>
2025-11-26 11:47:10,366 - Knowledge - INFO - persist ingested knowledge for /app/data/T0015/270588/b1256qt/universalinit-270588/src/universalinit/templates/slidev/snippets/external.ts
2025-11-26 11:47:10,674 - Knowledge - INFO - [MONGODB_OP] Completed: persist, Collection: file_info, Duration: 117ms
2025-11-26 11:47:11,127 - Knowledge - INFO - [REDIS_OP] Completed: store_embedding, Key: src/universalinit/templates/slidev/snippets/external.ts, Duration: 251ms
2025-11-26 11:47:11,326 - Knowledge - INFO - persist search terms embedding for src/universalinit/templates/slidev/snippets/external.ts
2025-11-26 11:47:11,518 - Knowledge - INFO - process ingested knowledge for /app/data/T0015/270588/b1256qt/universalinit-270588/src/universalinit/templates/slidev/snippets/external.ts
2025-11-26 11:47:11,698 - Knowledge - INFO - Found code-base-name: https://github.com/kavia-common/universalinit-270588.git:kavia-Add-Lightningjs-Template
2025-11-26 11:47:11,883 - Knowledge - INFO - Found code_base: <app.utils.kg_build.knowledge.KnowledgeCodeBase object at 0x7fbc2776ea10>
2025-11-26 11:47:12,178 - Knowledge - INFO - Found code-base-name: https://github.com/kavia-common/universalinit-270588.git:kavia-Add-Lightningjs-Template
2025-11-26 11:47:12,350 - Knowledge - INFO - Found code_base: <app.utils.kg_build.knowledge.KnowledgeCodeBase object at 0x7fbc2776ea10>
2025-11-26 11:47:12,525 - Knowledge - INFO - persist ingested knowledge for /app/data/T0015/270588/b1256qt/universalinit-270588/src/universalinit/templates/qwik/src/components/starter/hero/hero.tsx
2025-11-26 11:47:12,809 - Knowledge - INFO - [MONGODB_OP] Completed: persist, Collection: file_info, Duration: 94ms
2025-11-26 11:47:13,290 - Knowledge - INFO - [REDIS_OP] Completed: store_embedding, Key: src/universalinit/templates/qwik/src/components/starter/hero/hero.tsx, Duration: 281ms
2025-11-26 11:47:13,472 - Knowledge - INFO - persist search terms embedding for src/universalinit/templates/qwik/src/components/starter/hero/hero.tsx
2025-11-26 11:47:13,641 - Knowledge - INFO - process ingested knowledge for /app/data/T0015/270588/b1256qt/universalinit-270588/src/universalinit/templates/qwik/src/components/starter/hero/hero.tsx
2025-11-26 11:47:13,839 - Knowledge - INFO - Found code-base-name: https://github.com/kavia-common/universalinit-270588.git:kavia-Add-Lightningjs-Template
2025-11-26 11:47:14,032 - Knowledge - INFO - Found code_base: <app.utils.kg_build.knowledge.KnowledgeCodeBase object at 0x7fbc2776ea10>
2025-11-26 11:47:14,271 - Knowledge - INFO - Found code-base-name: https://github.com/kavia-common/universalinit-270588.git:kavia-Add-Lightningjs-Template
2025-11-26 11:47:14,488 - Knowledge - INFO - Found code_base: <app.utils.kg_build.knowledge.KnowledgeCodeBase object at 0x7fbc2776ea10>
2025-11-26 11:47:14,636 - Knowledge - INFO - persist ingested knowledge for /app/data/T0015/270588/b1256qt/universalinit-270588/src/universalinit/templates/astro/eslint.config.mjs
2025-11-26 11:47:14,915 - Knowledge - INFO - [MONGODB_OP] Completed: persist, Collection: file_info, Duration: 88ms
2025-11-26 11:47:15,296 - Knowledge - INFO - [REDIS_OP] Completed: store_embedding, Key: src/universalinit/templates/astro/eslint.config.mjs, Duration: 182ms
2025-11-26 11:47:15,499 - Knowledge - INFO - persist search terms embedding for src/universalinit/templates/astro/eslint.config.mjs
2025-11-26 11:47:15,642 - Knowledge - INFO - process ingested knowledge for /app/data/T0015/270588/b1256qt/universalinit-270588/src/universalinit/templates/astro/eslint.config.mjs
2025-11-26 11:47:15,830 - Knowledge - INFO - Found code-base-name: https://github.com/kavia-common/universalinit-270588.git:kavia-Add-Lightningjs-Template
2025-11-26 11:47:15,982 - Knowledge - INFO - Found code_base: <app.utils.kg_build.knowledge.KnowledgeCodeBase object at 0x7fbc2776ea10>
2025-11-26 11:47:16,211 - Knowledge - INFO - Found code-base-name: https://github.com/kavia-common/universalinit-270588.git:kavia-Add-Lightningjs-Template
2025-11-26 11:47:16,372 - Knowledge - INFO - Found code_base: <app.utils.kg_build.knowledge.KnowledgeCodeBase object at 0x7fbc2776ea10>
2025-11-26 11:47:16,594 - Knowledge - INFO - persist ingested knowledge for /app/data/T0015/270588/b1256qt/universalinit-270588/src/universalinit/templates/qwik/src/root.tsx
2025-11-26 11:47:16,887 - Knowledge - INFO - [MONGODB_OP] Completed: persist, Collection: file_info, Duration: 96ms
2025-11-26 11:47:17,451 - Knowledge - INFO - [REDIS_OP] Completed: store_embedding, Key: src/universalinit/templates/qwik/src/root.tsx, Duration: 363ms
2025-11-26 11:47:17,640 - Knowledge - INFO - persist search terms embedding for src/universalinit/templates/qwik/src/root.tsx
2025-11-26 11:47:17,827 - Knowledge - INFO - process ingested knowledge for /app/data/T0015/270588/b1256qt/universalinit-270588/src/universalinit/templates/qwik/src/root.tsx
2025-11-26 11:47:17,996 - Knowledge - INFO - Found code-base-name: https://github.com/kavia-common/universalinit-270588.git:kavia-Add-Lightningjs-Template
2025-11-26 11:47:18,146 - Knowledge - INFO - Found code_base: <app.utils.kg_build.knowledge.KnowledgeCodeBase object at 0x7fbc2776ea10>
2025-11-26 11:47:18,458 - Knowledge - INFO - Found code-base-name: https://github.com/kavia-common/universalinit-270588.git:kavia-Add-Lightningjs-Template
2025-11-26 11:47:18,666 - Knowledge - INFO - Found code_base: <app.utils.kg_build.knowledge.KnowledgeCodeBase object at 0x7fbc2776ea10>
2025-11-26 11:47:18,850 - Knowledge - INFO - persist ingested knowledge for /app/data/T0015/270588/b1256qt/universalinit-270588/src/universalinit/templates/vue/src/router/index.ts
2025-11-26 11:47:19,165 - Knowledge - INFO - [MONGODB_OP] Completed: persist, Collection: file_info, Duration: 104ms
2025-11-26 11:47:19,666 - Knowledge - INFO - [REDIS_OP] Completed: store_embedding, Key: src/universalinit/templates/vue/src/router/index.ts, Duration: 307ms
2025-11-26 11:47:19,859 - Knowledge - INFO - persist search terms embedding for src/universalinit/templates/vue/src/router/index.ts
2025-11-26 11:47:20,030 - Knowledge - INFO - process ingested knowledge for /app/data/T0015/270588/b1256qt/universalinit-270588/src/universalinit/templates/vue/src/router/index.ts
2025-11-26 11:47:20,230 - Knowledge - INFO - Found code-base-name: https://github.com/kavia-common/universalinit-270588.git:kavia-Add-Lightningjs-Template
2025-11-26 11:47:20,438 - Knowledge - INFO - Found code_base: <app.utils.kg_build.knowledge.KnowledgeCodeBase object at 0x7fbc2776ea10>
2025-11-26 11:47:20,643 - Knowledge - INFO - process ingested knowledge for /app/data/T0015/270588/b1256qt/universalinit-270588/src/universalinit/templates/react/public/manifest.json
2025-11-26 11:47:20,838 - Knowledge - INFO - Found code-base-name: https://github.com/kavia-common/universalinit-270588.git:kavia-Add-Lightningjs-Template
2025-11-26 11:47:21,015 - Knowledge - INFO - Found code_base: <app.utils.kg_build.knowledge.KnowledgeCodeBase object at 0x7fbc2776ea10>
2025-11-26 11:47:21,228 - Knowledge - INFO - process ingested knowledge for /app/data/T0015/270588/b1256qt/universalinit-270588/src/universalinit/templates/typescript/tsconfig.json
2025-11-26 11:47:21,426 - Knowledge - INFO - Found code-base-name: https://github.com/kavia-common/universalinit-270588.git:kavia-Add-Lightningjs-Template
2025-11-26 11:47:21,589 - Knowledge - INFO - Found code_base: <app.utils.kg_build.knowledge.KnowledgeCodeBase object at 0x7fbc2776ea10>
2025-11-26 11:47:21,828 - Knowledge - INFO - Found code-base-name: https://github.com/kavia-common/universalinit-270588.git:kavia-Add-Lightningjs-Template
2025-11-26 11:47:22,037 - Knowledge - INFO - Found code_base: <app.utils.kg_build.knowledge.KnowledgeCodeBase object at 0x7fbc2776ea10>
2025-11-26 11:47:22,238 - Knowledge - INFO - persist ingested knowledge for /app/data/T0015/270588/b1256qt/universalinit-270588/test/test_qwik_template.py
2025-11-26 11:47:22,506 - Knowledge - INFO - [MONGODB_OP] Completed: persist, Collection: file_info, Duration: 95ms
2025-11-26 11:47:22,948 - Knowledge - INFO - [REDIS_OP] Completed: store_embedding, Key: test/test_qwik_template.py, Duration: 285ms
2025-11-26 11:47:23,138 - Knowledge - INFO - persist search terms embedding for test/test_qwik_template.py
2025-11-26 11:47:23,344 - Knowledge - INFO - process ingested knowledge for /app/data/T0015/270588/b1256qt/universalinit-270588/test/test_qwik_template.py
2025-11-26 11:47:23,520 - Knowledge - INFO - Found code-base-name: https://github.com/kavia-common/universalinit-270588.git:kavia-Add-Lightningjs-Template
2025-11-26 11:47:23,742 - Knowledge - INFO - Found code_base: <app.utils.kg_build.knowledge.KnowledgeCodeBase object at 0x7fbc2776ea10>
2025-11-26 11:47:24,016 - Knowledge - INFO - Found code-base-name: https://github.com/kavia-common/universalinit-270588.git:kavia-Add-Lightningjs-Template
2025-11-26 11:47:24,191 - Knowledge - INFO - Found code_base: <app.utils.kg_build.knowledge.KnowledgeCodeBase object at 0x7fbc2776ea10>
2025-11-26 11:47:24,374 - Knowledge - INFO - persist ingested knowledge for /app/data/T0015/270588/b1256qt/universalinit-270588/src/universalinit/templates/kotlin/app/src/main/res/layout/fragment_first.xml
2025-11-26 11:47:24,694 - Knowledge - INFO - [MONGODB_OP] Completed: persist, Collection: file_info, Duration: 107ms
2025-11-26 11:47:25,090 - Knowledge - INFO - [REDIS_OP] Completed: store_embedding, Key: src/universalinit/templates/kotlin/app/src/main/res/layout/fragment_first.xml, Duration: 220ms
2025-11-26 11:47:25,275 - Knowledge - INFO - persist search terms embedding for src/universalinit/templates/kotlin/app/src/main/res/layout/fragment_first.xml
2025-11-26 11:47:25,446 - Knowledge - INFO - process ingested knowledge for /app/data/T0015/270588/b1256qt/universalinit-270588/src/universalinit/templates/kotlin/app/src/main/res/layout/fragment_first.xml
2025-11-26 11:47:25,642 - Knowledge - INFO - Found code-base-name: https://github.com/kavia-common/universalinit-270588.git:kavia-Add-Lightningjs-Template
2025-11-26 11:47:25,811 - Knowledge - INFO - Found code_base: <app.utils.kg_build.knowledge.KnowledgeCodeBase object at 0x7fbc2776ea10>
2025-11-26 11:47:26,034 - Knowledge - INFO - Found code-base-name: https://github.com/kavia-common/universalinit-270588.git:kavia-Add-Lightningjs-Template
2025-11-26 11:47:26,235 - Knowledge - INFO - Found code_base: <app.utils.kg_build.knowledge.KnowledgeCodeBase object at 0x7fbc2776ea10>
2025-11-26 11:47:26,418 - Knowledge - INFO - persist ingested knowledge for /app/data/T0015/270588/b1256qt/universalinit-270588/src/universalinit/templateconfig.py
2025-11-26 11:47:26,712 - Knowledge - INFO - [MONGODB_OP] Completed: persist, Collection: file_info, Duration: 92ms
2025-11-26 11:47:27,179 - Knowledge - INFO - [REDIS_OP] Completed: store_embedding, Key: src/universalinit/templateconfig.py, Duration: 292ms
2025-11-26 11:47:27,379 - Knowledge - INFO - persist search terms embedding for src/universalinit/templateconfig.py
2025-11-26 11:47:27,542 - Knowledge - INFO - process ingested knowledge for /app/data/T0015/270588/b1256qt/universalinit-270588/src/universalinit/templateconfig.py
2025-11-26 11:47:27,753 - Knowledge - INFO - Found code-base-name: https://github.com/kavia-common/universalinit-270588.git:kavia-Add-Lightningjs-Template
2025-11-26 11:47:27,912 - Knowledge - INFO - Found code_base: <app.utils.kg_build.knowledge.KnowledgeCodeBase object at 0x7fbc2776ea10>
2025-11-26 11:47:28,183 - Knowledge - INFO - Found code-base-name: https://github.com/kavia-common/universalinit-270588.git:kavia-Add-Lightningjs-Template
2025-11-26 11:47:28,361 - Knowledge - INFO - Found code_base: <app.utils.kg_build.knowledge.KnowledgeCodeBase object at 0x7fbc2776ea10>
2025-11-26 11:47:28,534 - Knowledge - INFO - persist ingested knowledge for /app/data/T0015/270588/b1256qt/universalinit-270588/src/universalinit/templates/qwik/src/routes/demo/flower/flower.css
2025-11-26 11:47:28,842 - Knowledge - INFO - [MONGODB_OP] Completed: persist, Collection: file_info, Duration: 103ms
2025-11-26 11:47:29,398 - Knowledge - INFO - [REDIS_OP] Completed: store_embedding, Key: src/universalinit/templates/qwik/src/routes/demo/flower/flower.css, Duration: 353ms
2025-11-26 11:47:29,576 - Knowledge - INFO - persist search terms embedding for src/universalinit/templates/qwik/src/routes/demo/flower/flower.css
2025-11-26 11:47:29,756 - Knowledge - INFO - process ingested knowledge for /app/data/T0015/270588/b1256qt/universalinit-270588/src/universalinit/templates/qwik/src/routes/demo/flower/flower.css
2025-11-26 11:47:29,976 - Knowledge - INFO - Found code-base-name: https://github.com/kavia-common/universalinit-270588.git:kavia-Add-Lightningjs-Template
2025-11-26 11:47:30,196 - Knowledge - INFO - Found code_base: <app.utils.kg_build.knowledge.KnowledgeCodeBase object at 0x7fbc2776ea10>
2025-11-26 11:47:30,490 - Knowledge - INFO - Found code-base-name: https://github.com/kavia-common/universalinit-270588.git:kavia-Add-Lightningjs-Template
2025-11-26 11:47:30,648 - Knowledge - INFO - Found code_base: <app.utils.kg_build.knowledge.KnowledgeCodeBase object at 0x7fbc2776ea10>
2025-11-26 11:47:30,827 - Knowledge - INFO - persist ingested knowledge for /app/data/T0015/270588/b1256qt/universalinit-270588/test/test_nextjs_template.py
2025-11-26 11:47:31,117 - Knowledge - INFO - [MONGODB_OP] Completed: persist, Collection: file_info, Duration: 85ms
2025-11-26 11:47:31,583 - Knowledge - INFO - [REDIS_OP] Completed: store_embedding, Key: test/test_nextjs_template.py, Duration: 296ms
2025-11-26 11:47:31,750 - Knowledge - INFO - persist search terms embedding for test/test_nextjs_template.py
2025-11-26 11:47:31,961 - Knowledge - INFO - process ingested knowledge for /app/data/T0015/270588/b1256qt/universalinit-270588/test/test_nextjs_template.py
2025-11-26 11:47:32,158 - Knowledge - INFO - Found code-base-name: https://github.com/kavia-common/universalinit-270588.git:kavia-Add-Lightningjs-Template
2025-11-26 11:47:32,310 - Knowledge - INFO - Found code_base: <app.utils.kg_build.knowledge.KnowledgeCodeBase object at 0x7fbc2776ea10>
2025-11-26 11:47:32,568 - Knowledge - INFO - Found code-base-name: https://github.com/kavia-common/universalinit-270588.git:kavia-Add-Lightningjs-Template
2025-11-26 11:47:32,725 - Knowledge - INFO - Found code_base: <app.utils.kg_build.knowledge.KnowledgeCodeBase object at 0x7fbc2776ea10>
2025-11-26 11:47:32,942 - Knowledge - INFO - persist ingested knowledge for /app/data/T0015/270588/b1256qt/universalinit-270588/src/universalinit/templates/kotlin/app/src/main/res/drawable/ic_launcher_foreground.xml
2025-11-26 11:47:33,254 - Knowledge - INFO - [MONGODB_OP] Completed: persist, Collection: file_info, Duration: 108ms
2025-11-26 11:47:33,844 - Knowledge - INFO - [REDIS_OP] Completed: store_embedding, Key: src/universalinit/templates/kotlin/app/src/main/res/drawable/ic_launcher_foreground.xml, Duration: 430ms
2025-11-26 11:47:34,035 - Knowledge - INFO - persist search terms embedding for src/universalinit/templates/kotlin/app/src/main/res/drawable/ic_launcher_foreground.xml
2025-11-26 11:47:34,261 - Knowledge - INFO - process ingested knowledge for /app/data/T0015/270588/b1256qt/universalinit-270588/src/universalinit/templates/kotlin/app/src/main/res/drawable/ic_launcher_foreground.xml
2025-11-26 11:47:34,457 - Knowledge - INFO - Found code-base-name: https://github.com/kavia-common/universalinit-270588.git:kavia-Add-Lightningjs-Template
2025-11-26 11:47:34,638 - Knowledge - INFO - Found code_base: <app.utils.kg_build.knowledge.KnowledgeCodeBase object at 0x7fbc2776ea10>
2025-11-26 11:47:34,943 - Knowledge - INFO - Found code-base-name: https://github.com/kavia-common/universalinit-270588.git:kavia-Add-Lightningjs-Template
2025-11-26 11:47:35,096 - Knowledge - INFO - Found code_base: <app.utils.kg_build.knowledge.KnowledgeCodeBase object at 0x7fbc2776ea10>
2025-11-26 11:47:35,299 - Knowledge - INFO - persist ingested knowledge for /app/data/T0015/270588/b1256qt/universalinit-270588/src/universalinit/templates/nuxt/README.md
2025-11-26 11:47:35,615 - Knowledge - INFO - [MONGODB_OP] Completed: persist, Collection: file_info, Duration: 124ms
2025-11-26 11:47:36,364 - Knowledge - INFO - [REDIS_OP] Completed: store_embedding, Key: src/universalinit/templates/nuxt/README.md, Duration: 570ms
2025-11-26 11:47:36,573 - Knowledge - INFO - persist search terms embedding for src/universalinit/templates/nuxt/README.md
2025-11-26 11:47:36,749 - Knowledge - INFO - process ingested knowledge for /app/data/T0015/270588/b1256qt/universalinit-270588/src/universalinit/templates/nuxt/README.md
2025-11-26 11:47:36,934 - Knowledge - INFO - Found code-base-name: https://github.com/kavia-common/universalinit-270588.git:kavia-Add-Lightningjs-Template
2025-11-26 11:47:37,091 - Knowledge - INFO - Found code_base: <app.utils.kg_build.knowledge.KnowledgeCodeBase object at 0x7fbc2776ea10>
2025-11-26 11:47:37,348 - Knowledge - INFO - Found code-base-name: https://github.com/kavia-common/universalinit-270588.git:kavia-Add-Lightningjs-Template
2025-11-26 11:47:37,525 - Knowledge - INFO - Found code_base: <app.utils.kg_build.knowledge.KnowledgeCodeBase object at 0x7fbc2776ea10>
2025-11-26 11:47:37,739 - Knowledge - INFO - persist ingested knowledge for /app/data/T0015/270588/b1256qt/universalinit-270588/src/universalinit/templates/lightningjs/index.html
2025-11-26 11:47:38,057 - Knowledge - INFO - [MONGODB_OP] Completed: persist, Collection: file_info, Duration: 102ms
2025-11-26 11:47:38,687 - Knowledge - INFO - [REDIS_OP] Completed: store_embedding, Key: src/universalinit/templates/lightningjs/index.html, Duration: 438ms
2025-11-26 11:47:38,840 - Knowledge - INFO - persist search terms embedding for src/universalinit/templates/lightningjs/index.html
2025-11-26 11:47:39,078 - Knowledge - INFO - process ingested knowledge for /app/data/T0015/270588/b1256qt/universalinit-270588/src/universalinit/templates/lightningjs/index.html
2025-11-26 11:47:39,287 - Knowledge - INFO - Found code-base-name: https://github.com/kavia-common/universalinit-270588.git:kavia-Add-Lightningjs-Template
2025-11-26 11:47:39,477 - Knowledge - INFO - Found code_base: <app.utils.kg_build.knowledge.KnowledgeCodeBase object at 0x7fbc2776ea10>
2025-11-26 11:47:39,887 - Knowledge - INFO - Found code-base-name: https://github.com/kavia-common/universalinit-270588.git:kavia-Add-Lightningjs-Template
2025-11-26 11:47:40,048 - Knowledge - INFO - Found code_base: <app.utils.kg_build.knowledge.KnowledgeCodeBase object at 0x7fbc2776ea10>
2025-11-26 11:47:40,210 - Knowledge - INFO - persist ingested knowledge for /app/data/T0015/270588/b1256qt/universalinit-270588/src/universalinit/templates/svelte/src/routes/page.svelte.test.ts
2025-11-26 11:47:40,506 - Knowledge - INFO - [MONGODB_OP] Completed: persist, Collection: file_info, Duration: 103ms
2025-11-26 11:47:40,915 - Knowledge - INFO - [REDIS_OP] Completed: store_embedding, Key: src/universalinit/templates/svelte/src/routes/page.svelte.test.ts, Duration: 220ms
2025-11-26 11:47:41,119 - Knowledge - INFO - persist search terms embedding for src/universalinit/templates/svelte/src/routes/page.svelte.test.ts
2025-11-26 11:47:41,362 - Knowledge - INFO - process ingested knowledge for /app/data/T0015/270588/b1256qt/universalinit-270588/src/universalinit/templates/svelte/src/routes/page.svelte.test.ts
2025-11-26 11:47:41,568 - Knowledge - INFO - Found code-base-name: https://github.com/kavia-common/universalinit-270588.git:kavia-Add-Lightningjs-Template
2025-11-26 11:47:41,796 - Knowledge - INFO - Found code_base: <app.utils.kg_build.knowledge.KnowledgeCodeBase object at 0x7fbc2776ea10>
2025-11-26 11:47:42,090 - Knowledge - INFO - Found code-base-name: https://github.com/kavia-common/universalinit-270588.git:kavia-Add-Lightningjs-Template
2025-11-26 11:47:42,277 - Knowledge - INFO - Found code_base: <app.utils.kg_build.knowledge.KnowledgeCodeBase object at 0x7fbc2776ea10>
2025-11-26 11:47:42,479 - Knowledge - INFO - persist ingested knowledge for /app/data/T0015/270588/b1256qt/universalinit-270588/src/universalinit/templates/flutter/config.yml
2025-11-26 11:47:42,764 - Knowledge - INFO - [MONGODB_OP] Completed: persist, Collection: file_info, Duration: 101ms
2025-11-26 11:47:43,271 - Knowledge - INFO - [REDIS_OP] Completed: store_embedding, Key: src/universalinit/templates/flutter/config.yml, Duration: 291ms
2025-11-26 11:47:43,464 - Knowledge - INFO - persist search terms embedding for src/universalinit/templates/flutter/config.yml
2025-11-26 11:47:43,650 - Knowledge - INFO - process ingested knowledge for /app/data/T0015/270588/b1256qt/universalinit-270588/src/universalinit/templates/flutter/config.yml
2025-11-26 11:47:43,803 - Knowledge - INFO - Found code-base-name: https://github.com/kavia-common/universalinit-270588.git:kavia-Add-Lightningjs-Template
2025-11-26 11:47:43,971 - Knowledge - INFO - Found code_base: <app.utils.kg_build.knowledge.KnowledgeCodeBase object at 0x7fbc2776ea10>
2025-11-26 11:47:44,161 - Knowledge - INFO - process ingested knowledge for /app/data/T0015/270588/b1256qt/universalinit-270588/src/universalinit/templates/vue/package.json
2025-11-26 11:47:44,359 - Knowledge - INFO - Found code-base-name: https://github.com/kavia-common/universalinit-270588.git:kavia-Add-Lightningjs-Template
2025-11-26 11:47:44,578 - Knowledge - INFO - Found code_base: <app.utils.kg_build.knowledge.KnowledgeCodeBase object at 0x7fbc2776ea10>
2025-11-26 11:47:44,854 - Knowledge - INFO - Found code-base-name: https://github.com/kavia-common/universalinit-270588.git:kavia-Add-Lightningjs-Template
2025-11-26 11:47:45,023 - Knowledge - INFO - Found code_base: <app.utils.kg_build.knowledge.KnowledgeCodeBase object at 0x7fbc2776ea10>
2025-11-26 11:47:45,215 - Knowledge - INFO - persist ingested knowledge for /app/data/T0015/270588/b1256qt/universalinit-270588/test/conftest.py
2025-11-26 11:47:45,504 - Knowledge - INFO - [MONGODB_OP] Completed: persist, Collection: file_info, Duration: 101ms
2025-11-26 11:47:45,977 - Knowledge - INFO - [REDIS_OP] Completed: store_embedding, Key: test/conftest.py, Duration: 306ms
2025-11-26 11:47:46,180 - Knowledge - INFO - persist search terms embedding for test/conftest.py
2025-11-26 11:47:46,363 - Knowledge - INFO - process ingested knowledge for /app/data/T0015/270588/b1256qt/universalinit-270588/test/conftest.py
2025-11-26 11:47:46,525 - Knowledge - INFO - Found code-base-name: https://github.com/kavia-common/universalinit-270588.git:kavia-Add-Lightningjs-Template
2025-11-26 11:47:46,754 - Knowledge - INFO - Found code_base: <app.utils.kg_build.knowledge.KnowledgeCodeBase object at 0x7fbc2776ea10>
                                                                                                                                                                                                                        2025-11-26 11:47:47,011 - Knowledge - INFO - Found code-base-name: https://github.com/kavia-common/universalinit-270588.git:kavia-Add-Lightningjs-Template
2025-11-26 11:47:47,222 - Knowledge - INFO - Found code_base: <app.utils.kg_build.knowledge.KnowledgeCodeBase object at 0x7fbc2776ea10>
2025-11-26 11:47:47,432 - Knowledge - INFO - persist ingested knowledge for /app/data/T0015/270588/b1256qt/universalinit-270588/src/universalinit/templates/react/README.md
       2025-11-26 11:47:47,712 - Knowledge - INFO - [MONGODB_OP] Completed: persist, Collection: file_info, Duration: 129ms
2025-11-26 11:47:48,318 - Knowledge - INFO - [REDIS_OP] Completed: store_embedding, Key: src/universalinit/templates/react/README.md, Duration: 403ms
2025-11-26 11:47:48,499 - Knowledge - INFO - persist search terms embedding for src/universalinit/templates/react/README.md
2025-11-26 11:47:48,669 - Knowledge - INFO - process ingested knowledge for /app/data/T0015/270588/b1256qt/universalinit-270588/src/universalinit/templates/react/README.md
2025-11-26 11:47:48,863 - Knowledge - INFO - Found code-base-name: https://github.com/kavia-common/universalinit-270588.git:kavia-Add-Lightningjs-Template
2025-11-26 11:47:49,048 - Knowledge - INFO - Found code_base: <app.utils.kg_build.knowledge.KnowledgeCodeBase object at 0x7fbc2776ea10>
                    2025-11-26 11:47:49,285 - Knowledge - INFO - Found code-base-name: https://github.com/kavia-common/universalinit-270588.git:kavia-Add-Lightningjs-Template
2025-11-26 11:47:49,446 - Knowledge - INFO - Found code_base: <app.utils.kg_build.knowledge.KnowledgeCodeBase object at 0x7fbc2776ea10>
2025-11-26 11:47:49,626 - Knowledge - INFO - persist ingested knowledge for /app/data/T0015/270588/b1256qt/universalinit-270588/src/universalinit/templates/qwik/src/components/starter/next-steps/next-steps.module.css
2025-11-26 11:47:49,875 - Knowledge - INFO - [MONGODB_OP] Completed: persist, Collection: file_info, Duration: 91ms
2025-11-26 11:47:50,403 - Knowledge - INFO - [REDIS_OP] Completed: store_embedding, Key: src/universalinit/templates/qwik/src/components/starter/next-steps/next-steps.module.css, Duration: 300ms
2025-11-26 11:47:50,603 - Knowledge - INFO - persist search terms embedding for src/universalinit/templates/qwik/src/components/starter/next-steps/next-steps.module.css
2025-11-26 11:47:50,812 - Knowledge - INFO - process ingested knowledge for /app/data/T0015/270588/b1256qt/universalinit-270588/src/universalinit/templates/qwik/src/components/starter/next-steps/next-steps.module.css
2025-11-26 11:47:51,025 - Knowledge - INFO - Found code-base-name: https://github.com/kavia-common/universalinit-270588.git:kavia-Add-Lightningjs-Template
2025-11-26 11:47:51,220 - Knowledge - INFO - Found code_base: <app.utils.kg_build.knowledge.KnowledgeCodeBase object at 0x7fbc2776ea10>
2025-11-26 11:47:51,508 - Knowledge - INFO - Found code-base-name: https://github.com/kavia-common/universalinit-270588.git:kavia-Add-Lightningjs-Template
2025-11-26 11:47:51,687 - Knowledge - INFO - Found code_base: <app.utils.kg_build.knowledge.KnowledgeCodeBase object at 0x7fbc2776ea10>
2025-11-26 11:47:51,870 - Knowledge - INFO - persist ingested knowledge for /app/data/T0015/270588/b1256qt/universalinit-270588/src/universalinit/templates/angular/src/index.html
2025-11-26 11:47:52,152 - Knowledge - INFO - [MONGODB_OP] Completed: persist, Collection: file_info, Duration: 104ms
2025-11-26 11:47:52,580 - Knowledge - INFO - [REDIS_OP] Completed: store_embedding, Key: src/universalinit/templates/angular/src/index.html, Duration: 262ms
2025-11-26 11:47:52,787 - Knowledge - INFO - persist search terms embedding for src/universalinit/templates/angular/src/index.html
2025-11-26 11:47:52,989 - Knowledge - INFO - process ingested knowledge for /app/data/T0015/270588/b1256qt/universalinit-270588/src/universalinit/templates/angular/src/index.html
2025-11-26 11:47:53,154 - Knowledge - INFO - Found code-base-name: https://github.com/kavia-common/universalinit-270588.git:kavia-Add-Lightningjs-Template
2025-11-26 11:47:53,351 - Knowledge - INFO - Found code_base: <app.utils.kg_build.knowledge.KnowledgeCodeBase object at 0x7fbc2776ea10>
2025-11-26 11:47:53,613 - Knowledge - INFO - Found code-base-name: https://github.com/kavia-common/universalinit-270588.git:kavia-Add-Lightningjs-Template
2025-11-26 11:47:53,800 - Knowledge - INFO - Found code_base: <app.utils.kg_build.knowledge.KnowledgeCodeBase object at 0x7fbc2776ea10>
2025-11-26 11:47:53,953 - Knowledge - INFO - persist ingested knowledge for /app/data/T0015/270588/b1256qt/universalinit-270588/src/universalinit/templates/django/api/admin.py
2025-11-26 11:47:54,267 - Knowledge - INFO - [MONGODB_OP] Completed: persist, Collection: file_info, Duration: 96ms
2025-11-26 11:47:54,717 - Knowledge - INFO - [REDIS_OP] Completed: store_embedding, Key: src/universalinit/templates/django/api/admin.py, Duration: 232ms
2025-11-26 11:47:54,890 - Knowledge - INFO - persist search terms embedding for src/universalinit/templates/django/api/admin.py
2025-11-26 11:47:55,057 - Knowledge - INFO - process ingested knowledge for /app/data/T0015/270588/b1256qt/universalinit-270588/src/universalinit/templates/django/api/admin.py
2025-11-26 11:47:55,275 - Knowledge - INFO - Found code-base-name: https://github.com/kavia-common/universalinit-270588.git:kavia-Add-Lightningjs-Template
2025-11-26 11:47:55,466 - Knowledge - INFO - Found code_base: <app.utils.kg_build.knowledge.KnowledgeCodeBase object at 0x7fbc2776ea10>
 2025-11-26 11:47:55,773 - Knowledge - INFO - Found code-base-name: https://github.com/kavia-common/universalinit-270588.git:kavia-Add-Lightningjs-Template
2025-11-26 11:47:55,987 - Knowledge - INFO - Found code_base: <app.utils.kg_build.knowledge.KnowledgeCodeBase object at 0x7fbc2776ea10>
2025-11-26 11:47:56,146 - Knowledge - INFO - persist ingested knowledge for /app/data/T0015/270588/b1256qt/universalinit-270588/src/universalinit/templates/angular/src/styles.css
2025-11-26 11:47:56,484 - Knowledge - INFO - [MONGODB_OP] Completed: persist, Collection: file_info, Duration: 110ms
2025-11-26 11:47:56,920 - Knowledge - INFO - [REDIS_OP] Completed: store_embedding, Key: src/universalinit/templates/angular/src/styles.css, Duration: 225ms
2025-11-26 11:47:57,154 - Knowledge - INFO - persist search terms embedding for src/universalinit/templates/angular/src/styles.css
2025-11-26 11:47:57,329 - Knowledge - INFO - process ingested knowledge for /app/data/T0015/270588/b1256qt/universalinit-270588/src/universalinit/templates/angular/src/styles.css
2025-11-26 11:47:57,533 - Knowledge - INFO - Found code-base-name: https://github.com/kavia-common/universalinit-270588.git:kavia-Add-Lightningjs-Template
2025-11-26 11:47:57,719 - Knowledge - INFO - Found code_base: <app.utils.kg_build.knowledge.KnowledgeCodeBase object at 0x7fbc2776ea10>
2025-11-26 11:47:57,952 - Knowledge - INFO - process ingested knowledge for /app/data/T0015/270588/b1256qt/universalinit-270588/src/universalinit/templates/nativescript/App_Resources/iOS/Assets.xcassets/Contents.json
2025-11-26 11:47:58,139 - Knowledge - INFO - Found code-base-name: https://github.com/kavia-common/universalinit-270588.git:kavia-Add-Lightningjs-Template
2025-11-26 11:47:58,316 - Knowledge - INFO - Found code_base: <app.utils.kg_build.knowledge.KnowledgeCodeBase object at 0x7fbc2776ea10>
2025-11-26 11:47:58,652 - Knowledge - INFO - Found code-base-name: https://github.com/kavia-common/universalinit-270588.git:kavia-Add-Lightningjs-Template
2025-11-26 11:47:58,807 - Knowledge - INFO - Found code_base: <app.utils.kg_build.knowledge.KnowledgeCodeBase object at 0x7fbc2776ea10>
2025-11-26 11:47:58,997 - Knowledge - INFO - persist ingested knowledge for /app/data/T0015/270588/b1256qt/universalinit-270588/src/universalinit/templates/slidev/netlify.toml
2025-11-26 11:47:59,270 - Knowledge - INFO - [MONGODB_OP] Completed: persist, Collection: file_info, Duration: 110ms
2025-11-26 11:47:59,673 - Knowledge - INFO - [REDIS_OP] Completed: store_embedding, Key: src/universalinit/templates/slidev/netlify.toml, Duration: 202ms
2025-11-26 11:47:59,835 - Knowledge - INFO - persist search terms embedding for src/universalinit/templates/slidev/netlify.toml
2025-11-26 11:47:59,998 - Knowledge - INFO - process ingested knowledge for /app/data/T0015/270588/b1256qt/universalinit-270588/src/universalinit/templates/slidev/netlify.toml
2025-11-26 11:48:00,193 - Knowledge - INFO - Found code-base-name: https://github.com/kavia-common/universalinit-270588.git:kavia-Add-Lightningjs-Template
2025-11-26 11:48:00,390 - Knowledge - INFO - Found code_base: <app.utils.kg_build.knowledge.KnowledgeCodeBase object at 0x7fbc2776ea10>
2025-11-26 11:48:00,613 - Knowledge - INFO - process ingested knowledge for /app/data/T0015/270588/b1256qt/universalinit-270588/src/universalinit/templates/vue/tsconfig.app.json
2025-11-26 11:48:00,799 - Knowledge - INFO - Found code-base-name: https://github.com/kavia-common/universalinit-270588.git:kavia-Add-Lightningjs-Template
2025-11-26 11:48:00,997 - Knowledge - INFO - Found code_base: <app.utils.kg_build.knowledge.KnowledgeCodeBase object at 0x7fbc2776ea10>
2025-11-26 11:48:01,324 - Knowledge - INFO - Found code-base-name: https://github.com/kavia-common/universalinit-270588.git:kavia-Add-Lightningjs-Template
2025-11-26 11:48:01,504 - Knowledge - INFO - Found code_base: <app.utils.kg_build.knowledge.KnowledgeCodeBase object at 0x7fbc2776ea10>
2025-11-26 11:48:01,704 - Knowledge - INFO - persist ingested knowledge for /app/data/T0015/270588/b1256qt/universalinit-270588/src/universalinit/templates/nativescript/App_Resources/Android/src/main/res/values/styles.xml
                       2025-11-26 11:48:02,012 - Knowledge - INFO - [MONGODB_OP] Completed: persist, Collection: file_info, Duration: 95ms
2025-11-26 11:48:02,430 - Knowledge - INFO - [REDIS_OP] Completed: store_embedding, Key: src/universalinit/templates/nativescript/App_Resources/Android/src/main/res/values/styles.xml, Duration: 225ms
2025-11-26 11:48:02,615 - Knowledge - INFO - persist search terms embedding for src/universalinit/templates/nativescript/App_Resources/Android/src/main/res/values/styles.xml
2025-11-26 11:48:02,801 - Knowledge - INFO - process ingested knowledge for /app/data/T0015/270588/b1256qt/universalinit-270588/src/universalinit/templates/nativescript/App_Resources/Android/src/main/res/values/styles.xml
2025-11-26 11:48:02,966 - Knowledge - INFO - Found code-base-name: https://github.com/kavia-common/universalinit-270588.git:kavia-Add-Lightningjs-Template
2025-11-26 11:48:03,122 - Knowledge - INFO - Found code_base: <app.utils.kg_build.knowledge.KnowledgeCodeBase object at 0x7fbc2776ea10>
2025-11-26 11:48:03,395 - Knowledge - INFO - Found code-base-name: https://github.com/kavia-common/universalinit-270588.git:kavia-Add-Lightningjs-Template
2025-11-26 11:48:03,576 - Knowledge - INFO - Found code_base: <app.utils.kg_build.knowledge.KnowledgeCodeBase object at 0x7fbc2776ea10>
2025-11-26 11:48:03,750 - Knowledge - INFO - persist ingested knowledge for /app/data/T0015/270588/b1256qt/universalinit-270588/src/universalinit/templates/kotlin/app/proguard-rules.pro
2025-11-26 11:48:04,021 - Knowledge - INFO - [MONGODB_OP] Completed: persist, Collection: file_info, Duration: 107ms
2025-11-26 11:48:04,476 - Knowledge - INFO - [REDIS_OP] Completed: store_embedding, Key: src/universalinit/templates/kotlin/app/proguard-rules.pro, Duration: 237ms
2025-11-26 11:48:04,633 - Knowledge - INFO - persist search terms embedding for src/universalinit/templates/kotlin/app/proguard-rules.pro
2025-11-26 11:48:04,805 - Knowledge - INFO - process ingested knowledge for /app/data/T0015/270588/b1256qt/universalinit-270588/src/universalinit/templates/kotlin/app/proguard-rules.pro
2025-11-26 11:48:04,991 - Knowledge - INFO - Found code-base-name: https://github.com/kavia-common/universalinit-270588.git:kavia-Add-Lightningjs-Template
2025-11-26 11:48:05,168 - Knowledge - INFO - Found code_base: <app.utils.kg_build.knowledge.KnowledgeCodeBase object at 0x7fbc2776ea10>
2025-11-26 11:48:05,413 - Knowledge - INFO - Found code-base-name: https://github.com/kavia-common/universalinit-270588.git:kavia-Add-Lightningjs-Template
2025-11-26 11:48:05,623 - Knowledge - INFO - Found code_base: <app.utils.kg_build.knowledge.KnowledgeCodeBase object at 0x7fbc2776ea10>
2025-11-26 11:48:05,807 - Knowledge - INFO - persist ingested knowledge for /app/data/T0015/270588/b1256qt/universalinit-270588/test/test_nativescript_template.py
2025-11-26 11:48:06,052 - Knowledge - INFO - [MONGODB_OP] Completed: persist, Collection: file_info, Duration: 95ms
2025-11-26 11:48:06,475 - Knowledge - INFO - [REDIS_OP] Completed: store_embedding, Key: test/test_nativescript_template.py, Duration: 254ms
2025-11-26 11:48:06,643 - Knowledge - INFO - persist search terms embedding for test/test_nativescript_template.py
2025-11-26 11:48:06,820 - Knowledge - INFO - process ingested knowledge for /app/data/T0015/270588/b1256qt/universalinit-270588/test/test_nativescript_template.py
2025-11-26 11:48:07,049 - Knowledge - INFO - Found code-base-name: https://github.com/kavia-common/universalinit-270588.git:kavia-Add-Lightningjs-Template
2025-11-26 11:48:07,213 - Knowledge - INFO - Found code_base: <app.utils.kg_build.knowledge.KnowledgeCodeBase object at 0x7fbc2776ea10>
2025-11-26 11:48:07,495 - Knowledge - INFO - Found code-base-name: https://github.com/kavia-common/universalinit-270588.git:kavia-Add-Lightningjs-Template
2025-11-26 11:48:07,678 - Knowledge - INFO - Found code_base: <app.utils.kg_build.knowledge.KnowledgeCodeBase object at 0x7fbc2776ea10>
2025-11-26 11:48:07,861 - Knowledge - INFO - persist ingested knowledge for /app/data/T0015/270588/b1256qt/universalinit-270588/src/universalinit/templates/nuxt/tsconfig.json
2025-11-26 11:48:08,162 - Knowledge - INFO - [MONGODB_OP] Completed: persist, Collection: file_info, Duration: 98ms
2025-11-26 11:48:08,655 - Knowledge - INFO - [REDIS_OP] Completed: store_embedding, Key: src/universalinit/templates/nuxt/tsconfig.json, Duration: 271ms
2025-11-26 11:48:08,824 - Knowledge - INFO - persist search terms embedding for src/universalinit/templates/nuxt/tsconfig.json
2025-11-26 11:48:09,034 - Knowledge - INFO - process ingested knowledge for /app/data/T0015/270588/b1256qt/universalinit-270588/src/universalinit/templates/nuxt/tsconfig.json
2025-11-26 11:48:09,252 - Knowledge - INFO - Found code-base-name: https://github.com/kavia-common/universalinit-270588.git:kavia-Add-Lightningjs-Template
2025-11-26 11:48:09,403 - Knowledge - INFO - Found code_base: <app.utils.kg_build.knowledge.KnowledgeCodeBase object at 0x7fbc2776ea10>
2025-11-26 11:48:09,648 - Knowledge - INFO - Found code-base-name: https://github.com/kavia-common/universalinit-270588.git:kavia-Add-Lightningjs-Template
2025-11-26 11:48:09,826 - Knowledge - INFO - Found code_base: <app.utils.kg_build.knowledge.KnowledgeCodeBase object at 0x7fbc2776ea10>
2025-11-26 11:48:10,007 - Knowledge - INFO - persist ingested knowledge for /app/data/T0015/270588/b1256qt/universalinit-270588/src/universalinit/templates/nativescript/app/home/home-page.js
2025-11-26 11:48:10,289 - Knowledge - INFO - [MONGODB_OP] Completed: persist, Collection: file_info, Duration: 91ms
2025-11-26 11:48:10,704 - Knowledge - INFO - [REDIS_OP] Completed: store_embedding, Key: src/universalinit/templates/nativescript/app/home/home-page.js, Duration: 233ms
2025-11-26 11:48:10,891 - Knowledge - INFO - persist search terms embedding for src/universalinit/templates/nativescript/app/home/home-page.js
2025-11-26 11:48:11,097 - Knowledge - INFO - process ingested knowledge for /app/data/T0015/270588/b1256qt/universalinit-270588/src/universalinit/templates/nativescript/app/home/home-page.js
2025-11-26 11:48:11,247 - Knowledge - INFO - Found code-base-name: https://github.com/kavia-common/universalinit-270588.git:kavia-Add-Lightningjs-Template
2025-11-26 11:48:11,454 - Knowledge - INFO - Found code_base: <app.utils.kg_build.knowledge.KnowledgeCodeBase object at 0x7fbc2776ea10>
2025-11-26 11:48:11,730 - Knowledge - INFO - Found code-base-name: https://github.com/kavia-common/universalinit-270588.git:kavia-Add-Lightningjs-Template
2025-11-26 11:48:11,959 - Knowledge - INFO - Found code_base: <app.utils.kg_build.knowledge.KnowledgeCodeBase object at 0x7fbc2776ea10>
2025-11-26 11:48:12,193 - Knowledge - INFO - persist ingested knowledge for /app/data/T0015/270588/b1256qt/universalinit-270588/src/universalinit/templates/nextjs/config.yml
2025-11-26 11:48:12,486 - Knowledge - INFO - [MONGODB_OP] Completed: persist, Collection: file_info, Duration: 116ms
2025-11-26 11:48:13,005 - Knowledge - INFO - [REDIS_OP] Completed: store_embedding, Key: src/universalinit/templates/nextjs/config.yml, Duration: 336ms
2025-11-26 11:48:13,219 - Knowledge - INFO - persist search terms embedding for src/universalinit/templates/nextjs/config.yml
2025-11-26 11:48:13,417 - Knowledge - INFO - process ingested knowledge for /app/data/T0015/270588/b1256qt/universalinit-270588/src/universalinit/templates/nextjs/config.yml
2025-11-26 11:48:13,573 - Knowledge - INFO - Found code-base-name: https://github.com/kavia-common/universalinit-270588.git:kavia-Add-Lightningjs-Template
2025-11-26 11:48:13,764 - Knowledge - INFO - Found code_base: <app.utils.kg_build.knowledge.KnowledgeCodeBase object at 0x7fbc2776ea10>
2025-11-26 11:48:14,047 - Knowledge - INFO - Found code-base-name: https://github.com/kavia-common/universalinit-270588.git:kavia-Add-Lightningjs-Template
2025-11-26 11:48:14,212 - Knowledge - INFO - Found code_base: <app.utils.kg_build.knowledge.KnowledgeCodeBase object at 0x7fbc2776ea10>
2025-11-26 11:48:14,369 - Knowledge - INFO - persist ingested knowledge for /app/data/T0015/270588/b1256qt/universalinit-270588/src/universalinit/templates/remotion/src/HelloWorld/Arc.tsx
2025-11-26 11:48:14,668 - Knowledge - INFO - [MONGODB_OP] Completed: persist, Collection: file_info, Duration: 95ms
2025-11-26 11:48:15,137 - Knowledge - INFO - [REDIS_OP] Completed: store_embedding, Key: src/universalinit/templates/remotion/src/HelloWorld/Arc.tsx, Duration: 270ms
2025-11-26 11:48:15,335 - Knowledge - INFO - persist search terms embedding for src/universalinit/templates/remotion/src/HelloWorld/Arc.tsx
2025-11-26 11:48:15,537 - Knowledge - INFO - process ingested knowledge for /app/data/T0015/270588/b1256qt/universalinit-270588/src/universalinit/templates/remotion/src/HelloWorld/Arc.tsx
2025-11-26 11:48:15,735 - Knowledge - INFO - Found code-base-name: https://github.com/kavia-common/universalinit-270588.git:kavia-Add-Lightningjs-Template
2025-11-26 11:48:15,931 - Knowledge - INFO - Found code_base: <app.utils.kg_build.knowledge.KnowledgeCodeBase object at 0x7fbc2776ea10>
2025-11-26 11:48:16,201 - Knowledge - INFO - Found code-base-name: https://github.com/kavia-common/universalinit-270588.git:kavia-Add-Lightningjs-Template
2025-11-26 11:48:16,387 - Knowledge - INFO - Found code_base: <app.utils.kg_build.knowledge.KnowledgeCodeBase object at 0x7fbc2776ea10>
2025-11-26 11:48:16,611 - Knowledge - INFO - persist ingested knowledge for /app/data/T0015/270588/b1256qt/universalinit-270588/src/universalinit/templates/qwik/src/entry.preview.tsx
2025-11-26 11:48:16,924 - Knowledge - INFO - [MONGODB_OP] Completed: persist, Collection: file_info, Duration: 106ms
2025-11-26 11:48:17,315 - Knowledge - INFO - [REDIS_OP] Completed: store_embedding, Key: src/universalinit/templates/qwik/src/entry.preview.tsx, Duration: 226ms
2025-11-26 11:48:17,505 - Knowledge - INFO - persist search terms embedding for src/universalinit/templates/qwik/src/entry.preview.tsx
2025-11-26 11:48:17,698 - Knowledge - INFO - process ingested knowledge for /app/data/T0015/270588/b1256qt/universalinit-270588/src/universalinit/templates/qwik/src/entry.preview.tsx
2025-11-26 11:48:17,932 - Knowledge - INFO - Found code-base-name: https://github.com/kavia-common/universalinit-270588.git:kavia-Add-Lightningjs-Template
2025-11-26 11:48:18,082 - Knowledge - INFO - Found code_base: <app.utils.kg_build.knowledge.KnowledgeCodeBase object at 0x7fbc2776ea10>
2025-11-26 11:48:18,348 - Knowledge - INFO - Found code-base-name: https://github.com/kavia-common/universalinit-270588.git:kavia-Add-Lightningjs-Template
2025-11-26 11:48:18,563 - Knowledge - INFO - Found code_base: <app.utils.kg_build.knowledge.KnowledgeCodeBase object at 0x7fbc2776ea10>
2025-11-26 11:48:18,762 - Knowledge - INFO - persist ingested knowledge for /app/data/T0015/270588/b1256qt/universalinit-270588/src/universalinit/templates/qwik/config.yml
2025-11-26 11:48:19,065 - Knowledge - INFO - [MONGODB_OP] Completed: persist, Collection: file_info, Duration: 115ms
2025-11-26 11:48:19,855 - Knowledge - INFO - [REDIS_OP] Completed: store_embedding, Key: src/universalinit/templates/qwik/config.yml, Duration: 591ms
2025-11-26 11:48:20,077 - Knowledge - INFO - persist search terms embedding for src/universalinit/templates/qwik/config.yml
2025-11-26 11:48:20,277 - Knowledge - INFO - process ingested knowledge for /app/data/T0015/270588/b1256qt/universalinit-270588/src/universalinit/templates/qwik/config.yml
2025-11-26 11:48:20,447 - Knowledge - INFO - Found code-base-name: https://github.com/kavia-common/universalinit-270588.git:kavia-Add-Lightningjs-Template
2025-11-26 11:48:20,646 - Knowledge - INFO - Found code_base: <app.utils.kg_build.knowledge.KnowledgeCodeBase object at 0x7fbc2776ea10>
      2025-11-26 11:48:20,934 - Knowledge - INFO - Found code-base-name: https://github.com/kavia-common/universalinit-270588.git:kavia-Add-Lightningjs-Template
2025-11-26 11:48:21,108 - Knowledge - INFO - Found code_base: <app.utils.kg_build.knowledge.KnowledgeCodeBase object at 0x7fbc2776ea10>
2025-11-26 11:48:21,324 - Knowledge - INFO - persist ingested knowledge for /app/data/T0015/270588/b1256qt/universalinit-270588/src/universalinit/templates/android/init_script.sh
2025-11-26 11:48:21,626 - Knowledge - INFO - [MONGODB_OP] Completed: persist, Collection: file_info, Duration: 101ms
2025-11-26 11:48:22,137 - Knowledge - INFO - [REDIS_OP] Completed: store_embedding, Key: src/universalinit/templates/android/init_script.sh, Duration: 282ms
2025-11-26 11:48:22,333 - Knowledge - INFO - persist search terms embedding for src/universalinit/templates/android/init_script.sh
2025-11-26 11:48:22,521 - Knowledge - INFO - process ingested knowledge for /app/data/T0015/270588/b1256qt/universalinit-270588/src/universalinit/templates/android/init_script.sh
2025-11-26 11:48:22,694 - Knowledge - INFO - Found code-base-name: https://github.com/kavia-common/universalinit-270588.git:kavia-Add-Lightningjs-Template
2025-11-26 11:48:22,909 - Knowledge - INFO - Found code_base: <app.utils.kg_build.knowledge.KnowledgeCodeBase object at 0x7fbc2776ea10>
       2025-11-26 11:48:23,166 - Knowledge - INFO - Found code-base-name: https://github.com/kavia-common/universalinit-270588.git:kavia-Add-Lightningjs-Template
2025-11-26 11:48:23,356 - Knowledge - INFO - Found code_base: <app.utils.kg_build.knowledge.KnowledgeCodeBase object at 0x7fbc2776ea10>
2025-11-26 11:48:23,546 - Knowledge - INFO - persist ingested knowledge for /app/data/T0015/270588/b1256qt/universalinit-270588/src/universalinit/templates/lightningjs/eslint.config.cjs
2025-11-26 11:48:23,852 - Knowledge - INFO - [MONGODB_OP] Completed: persist, Collection: file_info, Duration: 94ms
2025-11-26 11:48:24,334 - Knowledge - INFO - [REDIS_OP] Completed: store_embedding, Key: src/universalinit/templates/lightningjs/eslint.config.cjs, Duration: 319ms
2025-11-26 11:48:24,544 - Knowledge - INFO - persist search terms embedding for src/universalinit/templates/lightningjs/eslint.config.cjs
2025-11-26 11:48:24,785 - Knowledge - INFO - process ingested knowledge for /app/data/T0015/270588/b1256qt/universalinit-270588/src/universalinit/templates/lightningjs/eslint.config.cjs
2025-11-26 11:48:24,984 - Knowledge - INFO - Found code-base-name: https://github.com/kavia-common/universalinit-270588.git:kavia-Add-Lightningjs-Template
2025-11-26 11:48:25,153 - Knowledge - INFO - Found code_base: <app.utils.kg_build.knowledge.KnowledgeCodeBase object at 0x7fbc2776ea10>
                                                            2025-11-26 11:48:25,443 - Knowledge - INFO - Found code-base-name: https://github.com/kavia-common/universalinit-270588.git:kavia-Add-Lightningjs-Template
2025-11-26 11:48:25,624 - Knowledge - INFO - Found code_base: <app.utils.kg_build.knowledge.KnowledgeCodeBase object at 0x7fbc2776ea10>
2025-11-26 11:48:25,816 - Knowledge - INFO - persist ingested knowledge for /app/data/T0015/270588/b1256qt/universalinit-270588/src/universalinit/templates/nativescript/App_Resources/iOS/Assets.xcassets/LaunchScreen.Center.imageset/Contents.json
2025-11-26 11:48:26,080 - Knowledge - INFO - [MONGODB_OP] Completed: persist, Collection: file_info, Duration: 92ms
2025-11-26 11:48:26,596 - Knowledge - INFO - [REDIS_OP] Completed: store_embedding, Key: src/universalinit/templates/nativescript/App_Resources/iOS/Assets.xcassets/LaunchScreen.Center.imageset/Contents.json, Duration: 348ms
2025-11-26 11:48:26,802 - Knowledge - INFO - persist search terms embedding for src/universalinit/templates/nativescript/App_Resources/iOS/Assets.xcassets/LaunchScreen.Center.imageset/Contents.json
2025-11-26 11:48:27,032 - Knowledge - INFO - process ingested knowledge for /app/data/T0015/270588/b1256qt/universalinit-270588/src/universalinit/templates/nativescript/App_Resources/iOS/Assets.xcassets/LaunchScreen.Center.imageset/Contents.json
2025-11-26 11:48:27,253 - Knowledge - INFO - Found code-base-name: https://github.com/kavia-common/universalinit-270588.git:kavia-Add-Lightningjs-Template
2025-11-26 11:48:27,428 - Knowledge - INFO - Found code_base: <app.utils.kg_build.knowledge.KnowledgeCodeBase object at 0x7fbc2776ea10>
2025-11-26 11:48:27,655 - Knowledge - INFO - Found code-base-name: https://github.com/kavia-common/universalinit-270588.git:kavia-Add-Lightningjs-Template
2025-11-26 11:48:27,823 - Knowledge - INFO - Found code_base: <app.utils.kg_build.knowledge.KnowledgeCodeBase object at 0x7fbc2776ea10>
2025-11-26 11:48:28,005 - Knowledge - INFO - persist ingested knowledge for /app/data/T0015/270588/b1256qt/universalinit-270588/src/universalinit/templates/svelte/src/app.d.ts
2025-11-26 11:48:28,274 - Knowledge - INFO - [MONGODB_OP] Completed: persist, Collection: file_info, Duration: 106ms
2025-11-26 11:48:28,808 - Knowledge - INFO - [REDIS_OP] Completed: store_embedding, Key: src/universalinit/templates/svelte/src/app.d.ts, Duration: 345ms
2025-11-26 11:48:29,018 - Knowledge - INFO - persist search terms embedding for src/universalinit/templates/svelte/src/app.d.ts
2025-11-26 11:48:29,193 - Knowledge - INFO - process ingested knowledge for /app/data/T0015/270588/b1256qt/universalinit-270588/src/universalinit/templates/svelte/src/app.d.ts
2025-11-26 11:48:29,371 - Knowledge - INFO - Found code-base-name: https://github.com/kavia-common/universalinit-270588.git:kavia-Add-Lightningjs-Template
2025-11-26 11:48:29,582 - Knowledge - INFO - Found code_base: <app.utils.kg_build.knowledge.KnowledgeCodeBase object at 0x7fbc2776ea10>
2025-11-26 11:48:29,851 - Knowledge - INFO - Found code-base-name: https://github.com/kavia-common/universalinit-270588.git:kavia-Add-Lightningjs-Template
2025-11-26 11:48:30,049 - Knowledge - INFO - Found code_base: <app.utils.kg_build.knowledge.KnowledgeCodeBase object at 0x7fbc2776ea10>
2025-11-26 11:48:30,250 - Knowledge - INFO - persist ingested knowledge for /app/data/T0015/270588/b1256qt/universalinit-270588/src/universalinit/templates/kotlin/app/src/main/res/values-w1240dp/dimens.xml
2025-11-26 11:48:30,493 - Knowledge - INFO - [MONGODB_OP] Completed: persist, Collection: file_info, Duration: 98ms
2025-11-26 11:48:31,016 - Knowledge - INFO - [REDIS_OP] Completed: store_embedding, Key: src/universalinit/templates/kotlin/app/src/main/res/values-w1240dp/dimens.xml, Duration: 345ms
2025-11-26 11:48:31,179 - Knowledge - INFO - persist search terms embedding for src/universalinit/templates/kotlin/app/src/main/res/values-w1240dp/dimens.xml
2025-11-26 11:48:31,385 - Knowledge - INFO - process ingested knowledge for /app/data/T0015/270588/b1256qt/universalinit-270588/src/universalinit/templates/kotlin/app/src/main/res/values-w1240dp/dimens.xml
2025-11-26 11:48:31,548 - Knowledge - INFO - Found code-base-name: https://github.com/kavia-common/universalinit-270588.git:kavia-Add-Lightningjs-Template
2025-11-26 11:48:31,745 - Knowledge - INFO - Found code_base: <app.utils.kg_build.knowledge.KnowledgeCodeBase object at 0x7fbc2776ea10>
2025-11-26 11:48:31,992 - Knowledge - INFO - Found code-base-name: https://github.com/kavia-common/universalinit-270588.git:kavia-Add-Lightningjs-Template
2025-11-26 11:48:32,147 - Knowledge - INFO - Found code_base: <app.utils.kg_build.knowledge.KnowledgeCodeBase object at 0x7fbc2776ea10>
2025-11-26 11:48:32,354 - Knowledge - INFO - persist ingested knowledge for /app/data/T0015/270588/b1256qt/universalinit-270588/src/universalinit/templates/remix/tsconfig.json
2025-11-26 11:48:32,638 - Knowledge - INFO - [MONGODB_OP] Completed: persist, Collection: file_info, Duration: 97ms
2025-11-26 11:48:33,080 - Knowledge - INFO - [REDIS_OP] Completed: store_embedding, Key: src/universalinit/templates/remix/tsconfig.json, Duration: 229ms
2025-11-26 11:48:33,301 - Knowledge - INFO - persist search terms embedding for src/universalinit/templates/remix/tsconfig.json
2025-11-26 11:48:33,495 - Knowledge - INFO - process ingested knowledge for /app/data/T0015/270588/b1256qt/universalinit-270588/src/universalinit/templates/remix/tsconfig.json
2025-11-26 11:48:33,713 - Knowledge - INFO - Found code-base-name: https://github.com/kavia-common/universalinit-270588.git:kavia-Add-Lightningjs-Template
2025-11-26 11:48:33,919 - Knowledge - INFO - Found code_base: <app.utils.kg_build.knowledge.KnowledgeCodeBase object at 0x7fbc2776ea10>
2025-11-26 11:48:34,200 - Knowledge - INFO - Found code-base-name: https://github.com/kavia-common/universalinit-270588.git:kavia-Add-Lightningjs-Template
2025-11-26 11:48:34,393 - Knowledge - INFO - Found code_base: <app.utils.kg_build.knowledge.KnowledgeCodeBase object at 0x7fbc2776ea10>
2025-11-26 11:48:34,587 - Knowledge - INFO - persist ingested knowledge for /app/data/T0015/270588/b1256qt/universalinit-270588/src/universalinit/templates/typescript/eslint.config.mjs
2025-11-26 11:48:34,890 - Knowledge - INFO - [MONGODB_OP] Completed: persist, Collection: file_info, Duration: 96ms
2025-11-26 11:48:35,413 - Knowledge - INFO - [REDIS_OP] Completed: store_embedding, Key: src/universalinit/templates/typescript/eslint.config.mjs, Duration: 294ms
2025-11-26 11:48:35,632 - Knowledge - INFO - persist search terms embedding for src/universalinit/templates/typescript/eslint.config.mjs
2025-11-26 11:48:35,795 - Knowledge - INFO - process ingested knowledge for /app/data/T0015/270588/b1256qt/universalinit-270588/src/universalinit/templates/typescript/eslint.config.mjs
2025-11-26 11:48:35,960 - Knowledge - INFO - Found code-base-name: https://github.com/kavia-common/universalinit-270588.git:kavia-Add-Lightningjs-Template
2025-11-26 11:48:36,143 - Knowledge - INFO - Found code_base: <app.utils.kg_build.knowledge.KnowledgeCodeBase object at 0x7fbc2776ea10>
2025-11-26 11:48:36,473 - Knowledge - INFO - Found code-base-name: https://github.com/kavia-common/universalinit-270588.git:kavia-Add-Lightningjs-Template
2025-11-26 11:48:36,661 - Knowledge - INFO - Found code_base: <app.utils.kg_build.knowledge.KnowledgeCodeBase object at 0x7fbc2776ea10>
2025-11-26 11:48:36,864 - Knowledge - INFO - persist ingested knowledge for /app/data/T0015/270588/b1256qt/universalinit-270588/src/universalinit/templates/kotlin/app/src/main/res/layout/activity_main.xml
2025-11-26 11:48:37,135 - Knowledge - INFO - [MONGODB_OP] Completed: persist, Collection: file_info, Duration: 113ms
2025-11-26 11:48:37,610 - Knowledge - INFO - [REDIS_OP] Completed: store_embedding, Key: src/universalinit/templates/kotlin/app/src/main/res/layout/activity_main.xml, Duration: 280ms
2025-11-26 11:48:37,773 - Knowledge - INFO - persist search terms embedding for src/universalinit/templates/kotlin/app/src/main/res/layout/activity_main.xml
2025-11-26 11:48:38,001 - Knowledge - INFO - process ingested knowledge for /app/data/T0015/270588/b1256qt/universalinit-270588/src/universalinit/templates/kotlin/app/src/main/res/layout/activity_main.xml
2025-11-26 11:48:38,198 - Knowledge - INFO - Found code-base-name: https://github.com/kavia-common/universalinit-270588.git:kavia-Add-Lightningjs-Template
2025-11-26 11:48:38,348 - Knowledge - INFO - Found code_base: <app.utils.kg_build.knowledge.KnowledgeCodeBase object at 0x7fbc2776ea10>
2025-11-26 11:48:38,582 - Knowledge - INFO - Found code-base-name: https://github.com/kavia-common/universalinit-270588.git:kavia-Add-Lightningjs-Template
2025-11-26 11:48:38,787 - Knowledge - INFO - Found code_base: <app.utils.kg_build.knowledge.KnowledgeCodeBase object at 0x7fbc2776ea10>
2025-11-26 11:48:39,021 - Knowledge - INFO - persist ingested knowledge for /app/data/T0015/270588/b1256qt/universalinit-270588/src/universalinit/templates/nativescript/config.yml
2025-11-26 11:48:39,328 - Knowledge - INFO - [MONGODB_OP] Completed: persist, Collection: file_info, Duration: 119ms
2025-11-26 11:48:39,810 - Knowledge - INFO - [REDIS_OP] Completed: store_embedding, Key: src/universalinit/templates/nativescript/config.yml, Duration: 308ms
2025-11-26 11:48:40,009 - Knowledge - INFO - persist search terms embedding for src/universalinit/templates/nativescript/config.yml
2025-11-26 11:48:40,205 - Knowledge - INFO - process ingested knowledge for /app/data/T0015/270588/b1256qt/universalinit-270588/src/universalinit/templates/nativescript/config.yml
2025-11-26 11:48:40,385 - Knowledge - INFO - Found code-base-name: https://github.com/kavia-common/universalinit-270588.git:kavia-Add-Lightningjs-Template
2025-11-26 11:48:40,552 - Knowledge - INFO - Found code_base: <app.utils.kg_build.knowledge.KnowledgeCodeBase object at 0x7fbc2776ea10>
2025-11-26 11:48:40,835 - Knowledge - INFO - Found code-base-name: https://github.com/kavia-common/universalinit-270588.git:kavia-Add-Lightningjs-Template
2025-11-26 11:48:41,066 - Knowledge - INFO - Found code_base: <app.utils.kg_build.knowledge.KnowledgeCodeBase object at 0x7fbc2776ea10>
2025-11-26 11:48:41,271 - Knowledge - INFO - persist ingested knowledge for /app/data/T0015/270588/b1256qt/universalinit-270588/src/universalinit/templates/remix/README.md
2025-11-26 11:48:41,521 - Knowledge - INFO - [MONGODB_OP] Completed: persist, Collection: file_info, Duration: 92ms
2025-11-26 11:48:42,139 - Knowledge - INFO - [REDIS_OP] Completed: store_embedding, Key: src/universalinit/templates/remix/README.md, Duration: 389ms
2025-11-26 11:48:42,315 - Knowledge - INFO - persist search terms embedding for src/universalinit/templates/remix/README.md
2025-11-26 11:48:42,535 - Knowledge - INFO - process ingested knowledge for /app/data/T0015/270588/b1256qt/universalinit-270588/src/universalinit/templates/remix/README.md
2025-11-26 11:48:42,741 - Knowledge - INFO - Found code-base-name: https://github.com/kavia-common/universalinit-270588.git:kavia-Add-Lightningjs-Template
2025-11-26 11:48:42,921 - Knowledge - INFO - Found code_base: <app.utils.kg_build.knowledge.KnowledgeCodeBase object at 0x7fbc2776ea10>
2025-11-26 11:48:43,195 - Knowledge - INFO - Found code-base-name: https://github.com/kavia-common/universalinit-270588.git:kavia-Add-Lightningjs-Template
2025-11-26 11:48:43,386 - Knowledge - INFO - Found code_base: <app.utils.kg_build.knowledge.KnowledgeCodeBase object at 0x7fbc2776ea10>
2025-11-26 11:48:43,587 - Knowledge - INFO - persist ingested knowledge for /app/data/T0015/270588/b1256qt/universalinit-270588/src/universalinit/templates/nuxt/server/tsconfig.json
2025-11-26 11:48:43,888 - Knowledge - INFO - [MONGODB_OP] Completed: persist, Collection: file_info, Duration: 126ms
2025-11-26 11:48:44,395 - Knowledge - INFO - [REDIS_OP] Completed: store_embedding, Key: src/universalinit/templates/nuxt/server/tsconfig.json, Duration: 302ms
2025-11-26 11:48:44,583 - Knowledge - INFO - persist search terms embedding for src/universalinit/templates/nuxt/server/tsconfig.json
2025-11-26 11:48:44,783 - Knowledge - INFO - process ingested knowledge for /app/data/T0015/270588/b1256qt/universalinit-270588/src/universalinit/templates/nuxt/server/tsconfig.json
2025-11-26 11:48:44,956 - Knowledge - INFO - Found code-base-name: https://github.com/kavia-common/universalinit-270588.git:kavia-Add-Lightningjs-Template
2025-11-26 11:48:45,144 - Knowledge - INFO - Found code_base: <app.utils.kg_build.knowledge.KnowledgeCodeBase object at 0x7fbc2776ea10>
2025-11-26 11:48:45,391 - Knowledge - INFO - Found code-base-name: https://github.com/kavia-common/universalinit-270588.git:kavia-Add-Lightningjs-Template
2025-11-26 11:48:45,572 - Knowledge - INFO - Found code_base: <app.utils.kg_build.knowledge.KnowledgeCodeBase object at 0x7fbc2776ea10>
2025-11-26 11:48:45,753 - Knowledge - INFO - persist ingested knowledge for /app/data/T0015/270588/b1256qt/universalinit-270588/src/universalinit/templates/typescript/index.html
2025-11-26 11:48:46,034 - Knowledge - INFO - [MONGODB_OP] Completed: persist, Collection: file_info, Duration: 102ms
2025-11-26 11:48:46,443 - Knowledge - INFO - [REDIS_OP] Completed: store_embedding, Key: src/universalinit/templates/typescript/index.html, Duration: 219ms
2025-11-26 11:48:46,683 - Knowledge - INFO - persist search terms embedding for src/universalinit/templates/typescript/index.html
2025-11-26 11:48:46,869 - Knowledge - INFO - process ingested knowledge for /app/data/T0015/270588/b1256qt/universalinit-270588/src/universalinit/templates/typescript/index.html
2025-11-26 11:48:47,079 - Knowledge - INFO - Found code-base-name: https://github.com/kavia-common/universalinit-270588.git:kavia-Add-Lightningjs-Template
2025-11-26 11:48:47,264 - Knowledge - INFO - Found code_base: <app.utils.kg_build.knowledge.KnowledgeCodeBase object at 0x7fbc2776ea10>
2025-11-26 11:48:47,584 - Knowledge - INFO - Found code-base-name: https://github.com/kavia-common/universalinit-270588.git:kavia-Add-Lightningjs-Template
2025-11-26 11:48:47,775 - Knowledge - INFO - Found code_base: <app.utils.kg_build.knowledge.KnowledgeCodeBase object at 0x7fbc2776ea10>
2025-11-26 11:48:47,980 - Knowledge - INFO - persist ingested knowledge for /app/data/T0015/270588/b1256qt/universalinit-270588/src/universalinit/templates/qwik/src/components/starter/hero/hero.module.css
2025-11-26 11:48:48,238 - Knowledge - INFO - [MONGODB_OP] Completed: persist, Collection: file_info, Duration: 109ms
2025-11-26 11:48:48,723 - Knowledge - INFO - [REDIS_OP] Completed: store_embedding, Key: src/universalinit/templates/qwik/src/components/starter/hero/hero.module.css, Duration: 309ms
2025-11-26 11:48:48,951 - Knowledge - INFO - persist search terms embedding for src/universalinit/templates/qwik/src/components/starter/hero/hero.module.css
2025-11-26 11:48:49,124 - Knowledge - INFO - process ingested knowledge for /app/data/T0015/270588/b1256qt/universalinit-270588/src/universalinit/templates/qwik/src/components/starter/hero/hero.module.css
2025-11-26 11:48:49,293 - Knowledge - INFO - Found code-base-name: https://github.com/kavia-common/universalinit-270588.git:kavia-Add-Lightningjs-Template
2025-11-26 11:48:49,490 - Knowledge - INFO - Found code_base: <app.utils.kg_build.knowledge.KnowledgeCodeBase object at 0x7fbc2776ea10>
2025-11-26 11:48:49,771 - Knowledge - INFO - Found code-base-name: https://github.com/kavia-common/universalinit-270588.git:kavia-Add-Lightningjs-Template
2025-11-26 11:48:49,999 - Knowledge - INFO - Found code_base: <app.utils.kg_build.knowledge.KnowledgeCodeBase object at 0x7fbc2776ea10>
2025-11-26 11:48:50,206 - Knowledge - INFO - persist ingested knowledge for /app/data/T0015/270588/b1256qt/universalinit-270588/src/universalinit/templates/react/src/App.js
2025-11-26 11:48:50,509 - Knowledge - INFO - [MONGODB_OP] Completed: persist, Collection: file_info, Duration: 100ms
2025-11-26 11:48:51,264 - Knowledge - INFO - [REDIS_OP] Completed: store_embedding, Key: src/universalinit/templates/react/src/App.js, Duration: 549ms
2025-11-26 11:48:51,470 - Knowledge - INFO - persist search terms embedding for src/universalinit/templates/react/src/App.js
2025-11-26 11:48:51,632 - Knowledge - INFO - process ingested knowledge for /app/data/T0015/270588/b1256qt/universalinit-270588/src/universalinit/templates/react/src/App.js
2025-11-26 11:48:51,800 - Knowledge - INFO - Found code-base-name: https://github.com/kavia-common/universalinit-270588.git:kavia-Add-Lightningjs-Template
2025-11-26 11:48:51,976 - Knowledge - INFO - Found code_base: <app.utils.kg_build.knowledge.KnowledgeCodeBase object at 0x7fbc2776ea10>
2025-11-26 11:48:52,245 - Knowledge - INFO - Found code-base-name: https://github.com/kavia-common/universalinit-270588.git:kavia-Add-Lightningjs-Template
2025-11-26 11:48:52,423 - Knowledge - INFO - Found code_base: <app.utils.kg_build.knowledge.KnowledgeCodeBase object at 0x7fbc2776ea10>
2025-11-26 11:48:52,603 - Knowledge - INFO - persist ingested knowledge for /app/data/T0015/270588/b1256qt/universalinit-270588/src/universalinit/cli.py
2025-11-26 11:48:52,876 - Knowledge - INFO - [MONGODB_OP] Completed: persist, Collection: file_info, Duration: 100ms
2025-11-26 11:48:53,436 - Knowledge - INFO - [REDIS_OP] Completed: store_embedding, Key: src/universalinit/cli.py, Duration: 364ms
2025-11-26 11:48:53,629 - Knowledge - INFO - persist search terms embedding for src/universalinit/cli.py
2025-11-26 11:48:53,829 - Knowledge - INFO - process ingested knowledge for /app/data/T0015/270588/b1256qt/universalinit-270588/src/universalinit/cli.py
2025-11-26 11:48:53,996 - Knowledge - INFO - Found code-base-name: https://github.com/kavia-common/universalinit-270588.git:kavia-Add-Lightningjs-Template
2025-11-26 11:48:54,171 - Knowledge - INFO - Found code_base: <app.utils.kg_build.knowledge.KnowledgeCodeBase object at 0x7fbc2776ea10>
                                                                                                                           2025-11-26 11:48:54,445 - Knowledge - INFO - Found code-base-name: https://github.com/kavia-common/universalinit-270588.git:kavia-Add-Lightningjs-Template
2025-11-26 11:48:54,616 - Knowledge - INFO - Found code_base: <app.utils.kg_build.knowledge.KnowledgeCodeBase object at 0x7fbc2776ea10>
2025-11-26 11:48:54,759 - Knowledge - INFO - persist ingested knowledge for /app/data/T0015/270588/b1256qt/universalinit-270588/src/universalinit/templates/nativescript/App_Resources/Android/src/main/res/values-v21/styles.xml
2025-11-26 11:48:55,070 - Knowledge - INFO - [MONGODB_OP] Completed: persist, Collection: file_info, Duration: 119ms
2025-11-26 11:48:55,512 - Knowledge - INFO - [REDIS_OP] Completed: store_embedding, Key: src/universalinit/templates/nativescript/App_Resources/Android/src/main/res/values-v21/styles.xml, Duration: 269ms
2025-11-26 11:48:55,704 - Knowledge - INFO - persist search terms embedding for src/universalinit/templates/nativescript/App_Resources/Android/src/main/res/values-v21/styles.xml
2025-11-26 11:48:55,919 - Knowledge - INFO - process ingested knowledge for /app/data/T0015/270588/b1256qt/universalinit-270588/src/universalinit/templates/nativescript/App_Resources/Android/src/main/res/values-v21/styles.xml
2025-11-26 11:48:56,116 - Knowledge - INFO - Found code-base-name: https://github.com/kavia-common/universalinit-270588.git:kavia-Add-Lightningjs-Template
2025-11-26 11:48:56,308 - Knowledge - INFO - Found code_base: <app.utils.kg_build.knowledge.KnowledgeCodeBase object at 0x7fbc2776ea10>
2025-11-26 11:48:56,595 - Knowledge - INFO - Found code-base-name: https://github.com/kavia-common/universalinit-270588.git:kavia-Add-Lightningjs-Template
2025-11-26 11:48:56,736 - Knowledge - INFO - Found code_base: <app.utils.kg_build.knowledge.KnowledgeCodeBase object at 0x7fbc2776ea10>
2025-11-26 11:48:56,894 - Knowledge - INFO - persist ingested knowledge for /app/data/T0015/270588/b1256qt/universalinit-270588/src/universalinit/templates/qwik/src/components/starter/infobox/infobox.tsx
2025-11-26 11:48:57,215 - Knowledge - INFO - [MONGODB_OP] Completed: persist, Collection: file_info, Duration: 121ms
2025-11-26 11:48:57,690 - Knowledge - INFO - [REDIS_OP] Completed: store_embedding, Key: src/universalinit/templates/qwik/src/components/starter/infobox/infobox.tsx, Duration: 280ms
2025-11-26 11:48:57,882 - Knowledge - INFO - persist search terms embedding for src/universalinit/templates/qwik/src/components/starter/infobox/infobox.tsx
2025-11-26 11:48:58,101 - Knowledge - INFO - process ingested knowledge for /app/data/T0015/270588/b1256qt/universalinit-270588/src/universalinit/templates/qwik/src/components/starter/infobox/infobox.tsx
2025-11-26 11:48:58,282 - Knowledge - INFO - Found code-base-name: https://github.com/kavia-common/universalinit-270588.git:kavia-Add-Lightningjs-Template
2025-11-26 11:48:58,487 - Knowledge - INFO - Found code_base: <app.utils.kg_build.knowledge.KnowledgeCodeBase object at 0x7fbc2776ea10>
2025-11-26 11:48:58,755 - Knowledge - INFO - Found code-base-name: https://github.com/kavia-common/universalinit-270588.git:kavia-Add-Lightningjs-Template
2025-11-26 11:48:58,912 - Knowledge - INFO - Found code_base: <app.utils.kg_build.knowledge.KnowledgeCodeBase object at 0x7fbc2776ea10>
2025-11-26 11:48:59,072 - Knowledge - INFO - persist ingested knowledge for /app/data/T0015/270588/b1256qt/universalinit-270588/src/universalinit/templates/vite/src/counter.js
2025-11-26 11:48:59,403 - Knowledge - INFO - [MONGODB_OP] Completed: persist, Collection: file_info, Duration: 97ms
2025-11-26 11:48:59,962 - Knowledge - INFO - [REDIS_OP] Completed: store_embedding, Key: src/universalinit/templates/vite/src/counter.js, Duration: 377ms
2025-11-26 11:49:00,126 - Knowledge - INFO - persist search terms embedding for src/universalinit/templates/vite/src/counter.js
2025-11-26 11:49:00,323 - Knowledge - INFO - process ingested knowledge for /app/data/T0015/270588/b1256qt/universalinit-270588/src/universalinit/templates/vite/src/counter.js
2025-11-26 11:49:00,514 - Knowledge - INFO - Found code-base-name: https://github.com/kavia-common/universalinit-270588.git:kavia-Add-Lightningjs-Template
2025-11-26 11:49:00,702 - Knowledge - INFO - Found code_base: <app.utils.kg_build.knowledge.KnowledgeCodeBase object at 0x7fbc2776ea10>
2025-11-26 11:49:00,998 - Knowledge - INFO - Found code-base-name: https://github.com/kavia-common/universalinit-270588.git:kavia-Add-Lightningjs-Template
2025-11-26 11:49:01,188 - Knowledge - INFO - Found code_base: <app.utils.kg_build.knowledge.KnowledgeCodeBase object at 0x7fbc2776ea10>
2025-11-26 11:49:01,392 - Knowledge - INFO - persist ingested knowledge for /app/data/T0015/270588/b1256qt/universalinit-270588/src/universalinit/templates/remotion/README.md
2025-11-26 11:49:01,708 - Knowledge - INFO - [MONGODB_OP] Completed: persist, Collection: file_info, Duration: 115ms
2025-11-26 11:49:02,276 - Knowledge - INFO - [REDIS_OP] Completed: store_embedding, Key: src/universalinit/templates/remotion/README.md, Duration: 387ms
2025-11-26 11:49:02,436 - Knowledge - INFO - persist search terms embedding for src/universalinit/templates/remotion/README.md
2025-11-26 11:49:02,670 - Knowledge - INFO - process ingested knowledge for /app/data/T0015/270588/b1256qt/universalinit-270588/src/universalinit/templates/remotion/README.md
2025-11-26 11:49:02,861 - Knowledge - INFO - Found code-base-name: https://github.com/kavia-common/universalinit-270588.git:kavia-Add-Lightningjs-Template
2025-11-26 11:49:03,073 - Knowledge - INFO - Found code_base: <app.utils.kg_build.knowledge.KnowledgeCodeBase object at 0x7fbc2776ea10>
2025-11-26 11:49:03,362 - Knowledge - INFO - Found code-base-name: https://github.com/kavia-common/universalinit-270588.git:kavia-Add-Lightningjs-Template
2025-11-26 11:49:03,545 - Knowledge - INFO - Found code_base: <app.utils.kg_build.knowledge.KnowledgeCodeBase object at 0x7fbc2776ea10>
2025-11-26 11:49:03,723 - Knowledge - INFO - persist ingested knowledge for /app/data/T0015/270588/b1256qt/universalinit-270588/src/universalinit/templates/flutter/lib/main.dart
2025-11-26 11:49:04,039 - Knowledge - INFO - [MONGODB_OP] Completed: persist, Collection: file_info, Duration: 125ms
2025-11-26 11:49:04,546 - Knowledge - INFO - [REDIS_OP] Completed: store_embedding, Key: src/universalinit/templates/flutter/lib/main.dart, Duration: 305ms
2025-11-26 11:49:04,738 - Knowledge - INFO - persist search terms embedding for src/universalinit/templates/flutter/lib/main.dart
2025-11-26 11:49:04,896 - Knowledge - INFO - process ingested knowledge for /app/data/T0015/270588/b1256qt/universalinit-270588/src/universalinit/templates/flutter/lib/main.dart
2025-11-26 11:49:05,080 - Knowledge - INFO - Found code-base-name: https://github.com/kavia-common/universalinit-270588.git:kavia-Add-Lightningjs-Template
2025-11-26 11:49:05,225 - Knowledge - INFO - Found code_base: <app.utils.kg_build.knowledge.KnowledgeCodeBase object at 0x7fbc2776ea10>
2025-11-26 11:49:05,510 - Knowledge - INFO - Found code-base-name: https://github.com/kavia-common/universalinit-270588.git:kavia-Add-Lightningjs-Template
2025-11-26 11:49:05,721 - Knowledge - INFO - Found code_base: <app.utils.kg_build.knowledge.KnowledgeCodeBase object at 0x7fbc2776ea10>
2025-11-26 11:49:05,908 - Knowledge - INFO - persist ingested knowledge for /app/data/T0015/270588/b1256qt/universalinit-270588/test/test_express_template.py
2025-11-26 11:49:06,139 - Knowledge - INFO - [MONGODB_OP] Completed: persist, Collection: file_info, Duration: 97ms
2025-11-26 11:49:06,634 - Knowledge - INFO - [REDIS_OP] Completed: store_embedding, Key: test/test_express_template.py, Duration: 307ms
2025-11-26 11:49:06,843 - Knowledge - INFO - persist search terms embedding for test/test_express_template.py
2025-11-26 11:49:07,053 - Knowledge - INFO - process ingested knowledge for /app/data/T0015/270588/b1256qt/universalinit-270588/test/test_express_template.py
2025-11-26 11:49:07,256 - Knowledge - INFO - Found code-base-name: https://github.com/kavia-common/universalinit-270588.git:kavia-Add-Lightningjs-Template
2025-11-26 11:49:07,419 - Knowledge - INFO - Found code_base: <app.utils.kg_build.knowledge.KnowledgeCodeBase object at 0x7fbc2776ea10>
2025-11-26 11:49:07,637 - Knowledge - INFO - Found code-base-name: https://github.com/kavia-common/universalinit-270588.git:kavia-Add-Lightningjs-Template
2025-11-26 11:49:07,796 - Knowledge - INFO - Found code_base: <app.utils.kg_build.knowledge.KnowledgeCodeBase object at 0x7fbc2776ea10>
2025-11-26 11:49:07,983 - Knowledge - INFO - persist ingested knowledge for /app/data/T0015/270588/b1256qt/universalinit-270588/pyproject.toml
2025-11-26 11:49:08,298 - Knowledge - INFO - [MONGODB_OP] Completed: persist, Collection: file_info, Duration: 94ms
2025-11-26 11:49:09,099 - Knowledge - INFO - [REDIS_OP] Completed: store_embedding, Key: pyproject.toml, Duration: 612ms
2025-11-26 11:49:09,302 - Knowledge - INFO - persist search terms embedding for pyproject.toml
2025-11-26 11:49:09,479 - Knowledge - INFO - process ingested knowledge for /app/data/T0015/270588/b1256qt/universalinit-270588/pyproject.toml
2025-11-26 11:49:09,667 - Knowledge - INFO - Found code-base-name: https://github.com/kavia-common/universalinit-270588.git:kavia-Add-Lightningjs-Template
2025-11-26 11:49:09,838 - Knowledge - INFO - Found code_base: <app.utils.kg_build.knowledge.KnowledgeCodeBase object at 0x7fbc2776ea10>
2025-11-26 11:49:10,137 - Knowledge - INFO - Found code-base-name: https://github.com/kavia-common/universalinit-270588.git:kavia-Add-Lightningjs-Template
2025-11-26 11:49:10,304 - Knowledge - INFO - Found code_base: <app.utils.kg_build.knowledge.KnowledgeCodeBase object at 0x7fbc2776ea10>
2025-11-26 11:49:10,479 - Knowledge - INFO - persist ingested knowledge for /app/data/T0015/270588/b1256qt/universalinit-270588/src/universalinit/templates/kotlin/app/src/test/java/com/example/kotlin/ExampleUnitTest.kt
2025-11-26 11:49:10,783 - Knowledge - INFO - [MONGODB_OP] Completed: persist, Collection: file_info, Duration: 114ms
2025-11-26 11:49:11,246 - Knowledge - INFO - [REDIS_OP] Completed: store_embedding, Key: src/universalinit/templates/kotlin/app/src/test/java/com/example/kotlin/ExampleUnitTest.kt, Duration: 291ms
2025-11-26 11:49:11,400 - Knowledge - INFO - persist search terms embedding for src/universalinit/templates/kotlin/app/src/test/java/com/example/kotlin/ExampleUnitTest.kt
2025-11-26 11:49:11,554 - Knowledge - INFO - process ingested knowledge for /app/data/T0015/270588/b1256qt/universalinit-270588/src/universalinit/templates/kotlin/app/src/test/java/com/example/kotlin/ExampleUnitTest.kt
2025-11-26 11:49:11,710 - Knowledge - INFO - Found code-base-name: https://github.com/kavia-common/universalinit-270588.git:kavia-Add-Lightningjs-Template
2025-11-26 11:49:11,898 - Knowledge - INFO - Found code_base: <app.utils.kg_build.knowledge.KnowledgeCodeBase object at 0x7fbc2776ea10>
2025-11-26 11:49:12,174 - Knowledge - INFO - Found code-base-name: https://github.com/kavia-common/universalinit-270588.git:kavia-Add-Lightningjs-Template
2025-11-26 11:49:12,355 - Knowledge - INFO - Found code_base: <app.utils.kg_build.knowledge.KnowledgeCodeBase object at 0x7fbc2776ea10>
2025-11-26 11:49:12,545 - Knowledge - INFO - persist ingested knowledge for /app/data/T0015/270588/b1256qt/universalinit-270588/src/universalinit/templates/react/eslint.config.mjs
2025-11-26 11:49:12,838 - Knowledge - INFO - [MONGODB_OP] Completed: persist, Collection: file_info, Duration: 90ms
2025-11-26 11:49:13,266 - Knowledge - INFO - [REDIS_OP] Completed: store_embedding, Key: src/universalinit/templates/react/eslint.config.mjs, Duration: 221ms
2025-11-26 11:49:13,455 - Knowledge - INFO - persist search terms embedding for src/universalinit/templates/react/eslint.config.mjs
2025-11-26 11:49:13,655 - Knowledge - INFO - process ingested knowledge for /app/data/T0015/270588/b1256qt/universalinit-270588/src/universalinit/templates/react/eslint.config.mjs
2025-11-26 11:49:13,825 - Knowledge - INFO - Found code-base-name: https://github.com/kavia-common/universalinit-270588.git:kavia-Add-Lightningjs-Template
2025-11-26 11:49:13,998 - Knowledge - INFO - Found code_base: <app.utils.kg_build.knowledge.KnowledgeCodeBase object at 0x7fbc2776ea10>
2025-11-26 11:49:14,253 - Knowledge - INFO - Found code-base-name: https://github.com/kavia-common/universalinit-270588.git:kavia-Add-Lightningjs-Template
2025-11-26 11:49:14,439 - Knowledge - INFO - Found code_base: <app.utils.kg_build.knowledge.KnowledgeCodeBase object at 0x7fbc2776ea10>
2025-11-26 11:49:14,622 - Knowledge - INFO - persist ingested knowledge for /app/data/T0015/270588/b1256qt/universalinit-270588/src/universalinit/templates/nativescript/App_Resources/Android/src/main/res/values/colors.xml
2025-11-26 11:49:14,920 - Knowledge - INFO - [MONGODB_OP] Completed: persist, Collection: file_info, Duration: 102ms
2025-11-26 11:49:15,315 - Knowledge - INFO - [REDIS_OP] Completed: store_embedding, Key: src/universalinit/templates/nativescript/App_Resources/Android/src/main/res/values/colors.xml, Duration: 204ms
2025-11-26 11:49:15,531 - Knowledge - INFO - persist search terms embedding for src/universalinit/templates/nativescript/App_Resources/Android/src/main/res/values/colors.xml
2025-11-26 11:49:15,752 - Knowledge - INFO - process ingested knowledge for /app/data/T0015/270588/b1256qt/universalinit-270588/src/universalinit/templates/nativescript/App_Resources/Android/src/main/res/values/colors.xml
2025-11-26 11:49:15,933 - Knowledge - INFO - Found code-base-name: https://github.com/kavia-common/universalinit-270588.git:kavia-Add-Lightningjs-Template
2025-11-26 11:49:16,120 - Knowledge - INFO - Found code_base: <app.utils.kg_build.knowledge.KnowledgeCodeBase object at 0x7fbc2776ea10>
2025-11-26 11:49:16,383 - Knowledge - INFO - Found code-base-name: https://github.com/kavia-common/universalinit-270588.git:kavia-Add-Lightningjs-Template
2025-11-26 11:49:16,532 - Knowledge - INFO - Found code_base: <app.utils.kg_build.knowledge.KnowledgeCodeBase object at 0x7fbc2776ea10>
2025-11-26 11:49:16,699 - Knowledge - INFO - persist ingested knowledge for /app/data/T0015/270588/b1256qt/universalinit-270588/src/universalinit/templates/nuxt/eslint.config.mjs
2025-11-26 11:49:17,004 - Knowledge - INFO - [MONGODB_OP] Completed: persist, Collection: file_info, Duration: 88ms
2025-11-26 11:49:17,408 - Knowledge - INFO - [REDIS_OP] Completed: store_embedding, Key: src/universalinit/templates/nuxt/eslint.config.mjs, Duration: 202ms
2025-11-26 11:49:17,608 - Knowledge - INFO - persist search terms embedding for src/universalinit/templates/nuxt/eslint.config.mjs
2025-11-26 11:49:17,769 - Knowledge - INFO - process ingested knowledge for /app/data/T0015/270588/b1256qt/universalinit-270588/src/universalinit/templates/nuxt/eslint.config.mjs
2025-11-26 11:49:17,963 - Knowledge - INFO - Found code-base-name: https://github.com/kavia-common/universalinit-270588.git:kavia-Add-Lightningjs-Template
2025-11-26 11:49:18,167 - Knowledge - INFO - Found code_base: <app.utils.kg_build.knowledge.KnowledgeCodeBase object at 0x7fbc2776ea10>
2025-11-26 11:49:18,439 - Knowledge - INFO - Found code-base-name: https://github.com/kavia-common/universalinit-270588.git:kavia-Add-Lightningjs-Template
2025-11-26 11:49:18,589 - Knowledge - INFO - Found code_base: <app.utils.kg_build.knowledge.KnowledgeCodeBase object at 0x7fbc2776ea10>
2025-11-26 11:49:18,780 - Knowledge - INFO - persist ingested knowledge for /app/data/T0015/270588/b1256qt/universalinit-270588/src/universalinit/templates/slidev/slides.md
2025-11-26 11:49:19,044 - Knowledge - INFO - [MONGODB_OP] Completed: persist, Collection: file_info, Duration: 87ms
2025-11-26 11:49:19,466 - Knowledge - INFO - [REDIS_OP] Completed: store_embedding, Key: src/universalinit/templates/slidev/slides.md, Duration: 228ms
2025-11-26 11:49:19,672 - Knowledge - INFO - persist search terms embedding for src/universalinit/templates/slidev/slides.md
2025-11-26 11:49:19,857 - Knowledge - INFO - process ingested knowledge for /app/data/T0015/270588/b1256qt/universalinit-270588/src/universalinit/templates/slidev/slides.md
2025-11-26 11:49:20,054 - Knowledge - INFO - Found code-base-name: https://github.com/kavia-common/universalinit-270588.git:kavia-Add-Lightningjs-Template
2025-11-26 11:49:20,250 - Knowledge - INFO - Found code_base: <app.utils.kg_build.knowledge.KnowledgeCodeBase object at 0x7fbc2776ea10>
2025-11-26 11:49:20,527 - Knowledge - INFO - Found code-base-name: https://github.com/kavia-common/universalinit-270588.git:kavia-Add-Lightningjs-Template
2025-11-26 11:49:20,694 - Knowledge - INFO - Found code_base: <app.utils.kg_build.knowledge.KnowledgeCodeBase object at 0x7fbc2776ea10>
2025-11-26 11:49:20,867 - Knowledge - INFO - persist ingested knowledge for /app/data/T0015/270588/b1256qt/universalinit-270588/src/universalinit/templates/remix/tailwind.config.ts
2025-11-26 11:49:21,131 - Knowledge - INFO - [MONGODB_OP] Completed: persist, Collection: file_info, Duration: 94ms
2025-11-26 11:49:21,605 - Knowledge - INFO - [REDIS_OP] Completed: store_embedding, Key: src/universalinit/templates/remix/tailwind.config.ts, Duration: 270ms
2025-11-26 11:49:21,765 - Knowledge - INFO - persist search terms embedding for src/universalinit/templates/remix/tailwind.config.ts
2025-11-26 11:49:21,909 - Knowledge - INFO - process ingested knowledge for /app/data/T0015/270588/b1256qt/universalinit-270588/src/universalinit/templates/remix/tailwind.config.ts
2025-11-26 11:49:22,087 - Knowledge - INFO - Found code-base-name: https://github.com/kavia-common/universalinit-270588.git:kavia-Add-Lightningjs-Template
2025-11-26 11:49:22,246 - Knowledge - INFO - Found code_base: <app.utils.kg_build.knowledge.KnowledgeCodeBase object at 0x7fbc2776ea10>
2025-11-26 11:49:22,519 - Knowledge - INFO - Found code-base-name: https://github.com/kavia-common/universalinit-270588.git:kavia-Add-Lightningjs-Template
2025-11-26 11:49:22,670 - Knowledge - INFO - Found code_base: <app.utils.kg_build.knowledge.KnowledgeCodeBase object at 0x7fbc2776ea10>
2025-11-26 11:49:22,843 - Knowledge - INFO - persist ingested knowledge for /app/data/T0015/270588/b1256qt/universalinit-270588/src/universalinit/templates/remotion/tsconfig.json
2025-11-26 11:49:23,161 - Knowledge - INFO - [MONGODB_OP] Completed: persist, Collection: file_info, Duration: 109ms
2025-11-26 11:49:23,653 - Knowledge - INFO - [REDIS_OP] Completed: store_embedding, Key: src/universalinit/templates/remotion/tsconfig.json, Duration: 293ms
2025-11-26 11:49:23,850 - Knowledge - INFO - persist search terms embedding for src/universalinit/templates/remotion/tsconfig.json
2025-11-26 11:49:24,049 - Knowledge - INFO - process ingested knowledge for /app/data/T0015/270588/b1256qt/universalinit-270588/src/universalinit/templates/remotion/tsconfig.json
2025-11-26 11:49:24,292 - Knowledge - INFO - Found code-base-name: https://github.com/kavia-common/universalinit-270588.git:kavia-Add-Lightningjs-Template
2025-11-26 11:49:24,523 - Knowledge - INFO - Found code_base: <app.utils.kg_build.knowledge.KnowledgeCodeBase object at 0x7fbc2776ea10>
2025-11-26 11:49:24,834 - Knowledge - INFO - Found code-base-name: https://github.com/kavia-common/universalinit-270588.git:kavia-Add-Lightningjs-Template
2025-11-26 11:49:24,995 - Knowledge - INFO - Found code_base: <app.utils.kg_build.knowledge.KnowledgeCodeBase object at 0x7fbc2776ea10>
2025-11-26 11:49:25,227 - Knowledge - INFO - persist ingested knowledge for /app/data/T0015/270588/b1256qt/universalinit-270588/src/universalinit/templates/qwik/src/components/starter/header/header.tsx
2025-11-26 11:49:25,556 - Knowledge - INFO - [MONGODB_OP] Completed: persist, Collection: file_info, Duration: 104ms
2025-11-26 11:49:25,993 - Knowledge - INFO - [REDIS_OP] Completed: store_embedding, Key: src/universalinit/templates/qwik/src/components/starter/header/header.tsx, Duration: 280ms
2025-11-26 11:49:26,177 - Knowledge - INFO - persist search terms embedding for src/universalinit/templates/qwik/src/components/starter/header/header.tsx
2025-11-26 11:49:26,359 - Knowledge - INFO - process ingested knowledge for /app/data/T0015/270588/b1256qt/universalinit-270588/src/universalinit/templates/qwik/src/components/starter/header/header.tsx
2025-11-26 11:49:26,558 - Knowledge - INFO - Found code-base-name: https://github.com/kavia-common/universalinit-270588.git:kavia-Add-Lightningjs-Template
2025-11-26 11:49:26,749 - Knowledge - INFO - Found code_base: <app.utils.kg_build.knowledge.KnowledgeCodeBase object at 0x7fbc2776ea10>
2025-11-26 11:49:27,010 - Knowledge - INFO - Found code-base-name: https://github.com/kavia-common/universalinit-270588.git:kavia-Add-Lightningjs-Template
2025-11-26 11:49:27,208 - Knowledge - INFO - Found code_base: <app.utils.kg_build.knowledge.KnowledgeCodeBase object at 0x7fbc2776ea10>
2025-11-26 11:49:27,380 - Knowledge - INFO - persist ingested knowledge for /app/data/T0015/270588/b1256qt/universalinit-270588/src/universalinit/templates/kotlin/gradle/libs.versions.toml
2025-11-26 11:49:27,635 - Knowledge - INFO - [MONGODB_OP] Completed: persist, Collection: file_info, Duration: 97ms
2025-11-26 11:49:28,123 - Knowledge - INFO - [REDIS_OP] Completed: store_embedding, Key: src/universalinit/templates/kotlin/gradle/libs.versions.toml, Duration: 308ms
2025-11-26 11:49:28,319 - Knowledge - INFO - persist search terms embedding for src/universalinit/templates/kotlin/gradle/libs.versions.toml
2025-11-26 11:49:28,507 - Knowledge - INFO - process ingested knowledge for /app/data/T0015/270588/b1256qt/universalinit-270588/src/universalinit/templates/kotlin/gradle/libs.versions.toml
2025-11-26 11:49:28,679 - Knowledge - INFO - Found code-base-name: https://github.com/kavia-common/universalinit-270588.git:kavia-Add-Lightningjs-Template
2025-11-26 11:49:28,880 - Knowledge - INFO - Found code_base: <app.utils.kg_build.knowledge.KnowledgeCodeBase object at 0x7fbc2776ea10>
2025-11-26 11:49:29,149 - Knowledge - INFO - Found code-base-name: https://github.com/kavia-common/universalinit-270588.git:kavia-Add-Lightningjs-Template
2025-11-26 11:49:29,333 - Knowledge - INFO - Found code_base: <app.utils.kg_build.knowledge.KnowledgeCodeBase object at 0x7fbc2776ea10>
2025-11-26 11:49:29,503 - Knowledge - INFO - persist ingested knowledge for /app/data/T0015/270588/b1256qt/universalinit-270588/src/universalinit/templates/remix/app/routes/_index.tsx
2025-11-26 11:49:29,802 - Knowledge - INFO - [MONGODB_OP] Completed: persist, Collection: file_info, Duration: 98ms
2025-11-26 11:49:30,571 - Knowledge - INFO - [REDIS_OP] Completed: store_embedding, Key: src/universalinit/templates/remix/app/routes/_index.tsx, Duration: 545ms
2025-11-26 11:49:30,773 - Knowledge - INFO - persist search terms embedding for src/universalinit/templates/remix/app/routes/_index.tsx
2025-11-26 11:49:30,944 - Knowledge - INFO - process ingested knowledge for /app/data/T0015/270588/b1256qt/universalinit-270588/src/universalinit/templates/remix/app/routes/_index.tsx
2025-11-26 11:49:31,140 - Knowledge - INFO - Found code-base-name: https://github.com/kavia-common/universalinit-270588.git:kavia-Add-Lightningjs-Template
2025-11-26 11:49:31,348 - Knowledge - INFO - Found code_base: <app.utils.kg_build.knowledge.KnowledgeCodeBase object at 0x7fbc2776ea10>
2025-11-26 11:49:31,604 - Knowledge - INFO - Found code-base-name: https://github.com/kavia-common/universalinit-270588.git:kavia-Add-Lightningjs-Template
2025-11-26 11:49:31,801 - Knowledge - INFO - Found code_base: <app.utils.kg_build.knowledge.KnowledgeCodeBase object at 0x7fbc2776ea10>
2025-11-26 11:49:31,982 - Knowledge - INFO - persist ingested knowledge for /app/data/T0015/270588/b1256qt/universalinit-270588/src/universalinit/templates/slidev/pages/imported-slides.md
2025-11-26 11:49:32,259 - Knowledge - INFO - [MONGODB_OP] Completed: persist, Collection: file_info, Duration: 104ms
2025-11-26 11:49:32,996 - Knowledge - INFO - [REDIS_OP] Completed: store_embedding, Key: src/universalinit/templates/slidev/pages/imported-slides.md, Duration: 550ms
2025-11-26 11:49:33,201 - Knowledge - INFO - persist search terms embedding for src/universalinit/templates/slidev/pages/imported-slides.md
2025-11-26 11:49:33,370 - Knowledge - INFO - process ingested knowledge for /app/data/T0015/270588/b1256qt/universalinit-270588/src/universalinit/templates/slidev/pages/imported-slides.md
2025-11-26 11:49:33,560 - Knowledge - INFO - Found code-base-name: https://github.com/kavia-common/universalinit-270588.git:kavia-Add-Lightningjs-Template
2025-11-26 11:49:33,753 - Knowledge - INFO - Found code_base: <app.utils.kg_build.knowledge.KnowledgeCodeBase object at 0x7fbc2776ea10>
2025-11-26 11:49:34,018 - Knowledge - INFO - Found code-base-name: https://github.com/kavia-common/universalinit-270588.git:kavia-Add-Lightningjs-Template
2025-11-26 11:49:34,224 - Knowledge - INFO - Found code_base: <app.utils.kg_build.knowledge.KnowledgeCodeBase object at 0x7fbc2776ea10>
2025-11-26 11:49:34,458 - Knowledge - INFO - persist ingested knowledge for /app/data/T0015/270588/b1256qt/universalinit-270588/test/test_angular_template.py
                       2025-11-26 11:49:34,714 - Knowledge - INFO - [MONGODB_OP] Completed: persist, Collection: file_info, Duration: 101ms
                                                                                                                                                                                                                                                                                                                                            2025-11-26 11:49:35,116 - Knowledge - INFO - [REDIS_OP] Completed: store_embedding, Key: test/test_angular_template.py, Duration: 238ms
2025-11-26 11:49:35,315 - Knowledge - INFO - persist search terms embedding for test/test_angular_template.py
2025-11-26 11:49:35,507 - Knowledge - INFO - process ingested knowledge for /app/data/T0015/270588/b1256qt/universalinit-270588/test/test_angular_template.py
2025-11-26 11:49:35,720 - Knowledge - INFO - Found code-base-name: https://github.com/kavia-common/universalinit-270588.git:kavia-Add-Lightningjs-Template
2025-11-26 11:49:35,887 - Knowledge - INFO - Found code_base: <app.utils.kg_build.knowledge.KnowledgeCodeBase object at 0x7fbc2776ea10>
2025-11-26 11:49:36,142 - Knowledge - INFO - Found code-base-name: https://github.com/kavia-common/universalinit-270588.git:kavia-Add-Lightningjs-Template
2025-11-26 11:49:36,329 - Knowledge - INFO - Found code_base: <app.utils.kg_build.knowledge.KnowledgeCodeBase object at 0x7fbc2776ea10>
2025-11-26 11:49:36,530 - Knowledge - INFO - persist ingested knowledge for /app/data/T0015/270588/b1256qt/universalinit-270588/src/universalinit/templates/fastapi/requirements.txt
2025-11-26 11:49:36,829 - Knowledge - INFO - [MONGODB_OP] Completed: persist, Collection: file_info, Duration: 117ms
2025-11-26 11:49:37,350 - Knowledge - INFO - [REDIS_OP] Completed: store_embedding, Key: src/universalinit/templates/fastapi/requirements.txt, Duration: 311ms
2025-11-26 11:49:37,504 - Knowledge - INFO - persist search terms embedding for src/universalinit/templates/fastapi/requirements.txt
2025-11-26 11:49:37,671 - Knowledge - INFO - process ingested knowledge for /app/data/T0015/270588/b1256qt/universalinit-270588/src/universalinit/templates/fastapi/requirements.txt
2025-11-26 11:49:37,829 - Knowledge - INFO - Found code-base-name: https://github.com/kavia-common/universalinit-270588.git:kavia-Add-Lightningjs-Template
2025-11-26 11:49:37,995 - Knowledge - INFO - Found code_base: <app.utils.kg_build.knowledge.KnowledgeCodeBase object at 0x7fbc2776ea10>
2025-11-26 11:49:38,244 - Knowledge - INFO - Found code-base-name: https://github.com/kavia-common/universalinit-270588.git:kavia-Add-Lightningjs-Template
2025-11-26 11:49:38,414 - Knowledge - INFO - Found code_base: <app.utils.kg_build.knowledge.KnowledgeCodeBase object at 0x7fbc2776ea10>
2025-11-26 11:49:38,601 - Knowledge - INFO - persist ingested knowledge for /app/data/T0015/270588/b1256qt/universalinit-270588/src/universalinit/templates/nativescript/App_Resources/Android/src/main/res/values-v29/styles.xml
2025-11-26 11:49:38,861 - Knowledge - INFO - [MONGODB_OP] Completed: persist, Collection: file_info, Duration: 93ms
2025-11-26 11:49:39,286 - Knowledge - INFO - [REDIS_OP] Completed: store_embedding, Key: src/universalinit/templates/nativescript/App_Resources/Android/src/main/res/values-v29/styles.xml, Duration: 252ms
2025-11-26 11:49:39,447 - Knowledge - INFO - persist search terms embedding for src/universalinit/templates/nativescript/App_Resources/Android/src/main/res/values-v29/styles.xml
2025-11-26 11:49:39,646 - Knowledge - INFO - process ingested knowledge for /app/data/T0015/270588/b1256qt/universalinit-270588/src/universalinit/templates/nativescript/App_Resources/Android/src/main/res/values-v29/styles.xml
2025-11-26 11:49:39,894 - Knowledge - INFO - Found code-base-name: https://github.com/kavia-common/universalinit-270588.git:kavia-Add-Lightningjs-Template
2025-11-26 11:49:40,086 - Knowledge - INFO - Found code_base: <app.utils.kg_build.knowledge.KnowledgeCodeBase object at 0x7fbc2776ea10>
2025-11-26 11:49:40,362 - Knowledge - INFO - Found code-base-name: https://github.com/kavia-common/universalinit-270588.git:kavia-Add-Lightningjs-Template
2025-11-26 11:49:40,584 - Knowledge - INFO - Found code_base: <app.utils.kg_build.knowledge.KnowledgeCodeBase object at 0x7fbc2776ea10>
2025-11-26 11:49:40,788 - Knowledge - INFO - persist ingested knowledge for /app/data/T0015/270588/b1256qt/universalinit-270588/src/universalinit/templates/vue/tsconfig.vitest.json
2025-11-26 11:49:41,098 - Knowledge - INFO - [MONGODB_OP] Completed: persist, Collection: file_info, Duration: 143ms
2025-11-26 11:49:41,521 - Knowledge - INFO - [REDIS_OP] Completed: store_embedding, Key: src/universalinit/templates/vue/tsconfig.vitest.json, Duration: 262ms
2025-11-26 11:49:41,711 - Knowledge - INFO - persist search terms embedding for src/universalinit/templates/vue/tsconfig.vitest.json
2025-11-26 11:49:41,891 - Knowledge - INFO - process ingested knowledge for /app/data/T0015/270588/b1256qt/universalinit-270588/src/universalinit/templates/vue/tsconfig.vitest.json
2025-11-26 11:49:42,065 - Knowledge - INFO - Found code-base-name: https://github.com/kavia-common/universalinit-270588.git:kavia-Add-Lightningjs-Template
2025-11-26 11:49:42,224 - Knowledge - INFO - Found code_base: <app.utils.kg_build.knowledge.KnowledgeCodeBase object at 0x7fbc2776ea10>
2025-11-26 11:49:42,498 - Knowledge - INFO - Found code-base-name: https://github.com/kavia-common/universalinit-270588.git:kavia-Add-Lightningjs-Template
2025-11-26 11:49:42,683 - Knowledge - INFO - Found code_base: <app.utils.kg_build.knowledge.KnowledgeCodeBase object at 0x7fbc2776ea10>
2025-11-26 11:49:42,872 - Knowledge - INFO - persist ingested knowledge for /app/data/T0015/270588/b1256qt/universalinit-270588/src/universalinit/templates/slidev/prettierrc.js
2025-11-26 11:49:43,182 - Knowledge - INFO - [MONGODB_OP] Completed: persist, Collection: file_info, Duration: 116ms
2025-11-26 11:49:43,590 - Knowledge - INFO - [REDIS_OP] Completed: store_embedding, Key: src/universalinit/templates/slidev/prettierrc.js, Duration: 244ms
2025-11-26 11:49:43,775 - Knowledge - INFO - persist search terms embedding for src/universalinit/templates/slidev/prettierrc.js
2025-11-26 11:49:43,984 - Knowledge - INFO - process ingested knowledge for /app/data/T0015/270588/b1256qt/universalinit-270588/src/universalinit/templates/slidev/prettierrc.js
2025-11-26 11:49:44,146 - Knowledge - INFO - Found code-base-name: https://github.com/kavia-common/universalinit-270588.git:kavia-Add-Lightningjs-Template
2025-11-26 11:49:44,367 - Knowledge - INFO - Found code_base: <app.utils.kg_build.knowledge.KnowledgeCodeBase object at 0x7fbc2776ea10>
2025-11-26 11:49:44,620 - Knowledge - INFO - Found code-base-name: https://github.com/kavia-common/universalinit-270588.git:kavia-Add-Lightningjs-Template
2025-11-26 11:49:44,780 - Knowledge - INFO - Found code_base: <app.utils.kg_build.knowledge.KnowledgeCodeBase object at 0x7fbc2776ea10>
2025-11-26 11:49:44,985 - Knowledge - INFO - persist ingested knowledge for /app/data/T0015/270588/b1256qt/universalinit-270588/src/universalinit/templates/django/api/tests.py
2025-11-26 11:49:45,265 - Knowledge - INFO - [MONGODB_OP] Completed: persist, Collection: file_info, Duration: 98ms
2025-11-26 11:49:45,663 - Knowledge - INFO - [REDIS_OP] Completed: store_embedding, Key: src/universalinit/templates/django/api/tests.py, Duration: 210ms
2025-11-26 11:49:45,875 - Knowledge - INFO - persist search terms embedding for src/universalinit/templates/django/api/tests.py
2025-11-26 11:49:46,102 - Knowledge - INFO - process ingested knowledge for /app/data/T0015/270588/b1256qt/universalinit-270588/src/universalinit/templates/django/api/tests.py
2025-11-26 11:49:46,278 - Knowledge - INFO - Found code-base-name: https://github.com/kavia-common/universalinit-270588.git:kavia-Add-Lightningjs-Template
2025-11-26 11:49:46,482 - Knowledge - INFO - Found code_base: <app.utils.kg_build.knowledge.KnowledgeCodeBase object at 0x7fbc2776ea10>
2025-11-26 11:49:46,758 - Knowledge - INFO - Found code-base-name: https://github.com/kavia-common/universalinit-270588.git:kavia-Add-Lightningjs-Template
2025-11-26 11:49:46,912 - Knowledge - INFO - Found code_base: <app.utils.kg_build.knowledge.KnowledgeCodeBase object at 0x7fbc2776ea10>
2025-11-26 11:49:47,091 - Knowledge - INFO - persist ingested knowledge for /app/data/T0015/270588/b1256qt/universalinit-270588/src/universalinit/templates/nativescript/App_Resources/Android/src/main/res/mipmap-anydpi-v26/ic_launcher.xml
2025-11-26 11:49:47,343 - Knowledge - INFO - [MONGODB_OP] Completed: persist, Collection: file_info, Duration: 98ms
2025-11-26 11:49:47,850 - Knowledge - INFO - [REDIS_OP] Completed: store_embedding, Key: src/universalinit/templates/nativescript/App_Resources/Android/src/main/res/mipmap-anydpi-v26/ic_launcher.xml, Duration: 320ms
2025-11-26 11:49:47,993 - Knowledge - INFO - persist search terms embedding for src/universalinit/templates/nativescript/App_Resources/Android/src/main/res/mipmap-anydpi-v26/ic_launcher.xml
2025-11-26 11:49:48,203 - Knowledge - INFO - process ingested knowledge for /app/data/T0015/270588/b1256qt/universalinit-270588/src/universalinit/templates/nativescript/App_Resources/Android/src/main/res/mipmap-anydpi-v26/ic_launcher.xml
2025-11-26 11:49:48,378 - Knowledge - INFO - Found code-base-name: https://github.com/kavia-common/universalinit-270588.git:kavia-Add-Lightningjs-Template
2025-11-26 11:49:48,565 - Knowledge - INFO - Found code_base: <app.utils.kg_build.knowledge.KnowledgeCodeBase object at 0x7fbc2776ea10>
2025-11-26 11:49:48,842 - Knowledge - INFO - Found code-base-name: https://github.com/kavia-common/universalinit-270588.git:kavia-Add-Lightningjs-Template
2025-11-26 11:49:49,037 - Knowledge - INFO - Found code_base: <app.utils.kg_build.knowledge.KnowledgeCodeBase object at 0x7fbc2776ea10>
2025-11-26 11:49:49,207 - Knowledge - INFO - persist ingested knowledge for /app/data/T0015/270588/b1256qt/universalinit-270588/src/universalinit/templates/qwik/src/components/starter/counter/counter.module.css
2025-11-26 11:49:49,473 - Knowledge - INFO - [MONGODB_OP] Completed: persist, Collection: file_info, Duration: 103ms
2025-11-26 11:49:49,999 - Knowledge - INFO - [REDIS_OP] Completed: store_embedding, Key: src/universalinit/templates/qwik/src/components/starter/counter/counter.module.css, Duration: 332ms
2025-11-26 11:49:50,148 - Knowledge - INFO - persist search terms embedding for src/universalinit/templates/qwik/src/components/starter/counter/counter.module.css
2025-11-26 11:49:50,296 - Knowledge - INFO - process ingested knowledge for /app/data/T0015/270588/b1256qt/universalinit-270588/src/universalinit/templates/qwik/src/components/starter/counter/counter.module.css
2025-11-26 11:49:50,464 - Knowledge - INFO - Found code-base-name: https://github.com/kavia-common/universalinit-270588.git:kavia-Add-Lightningjs-Template
2025-11-26 11:49:50,621 - Knowledge - INFO - Found code_base: <app.utils.kg_build.knowledge.KnowledgeCodeBase object at 0x7fbc2776ea10>
2025-11-26 11:49:50,919 - Knowledge - INFO - Found code-base-name: https://github.com/kavia-common/universalinit-270588.git:kavia-Add-Lightningjs-Template
2025-11-26 11:49:51,099 - Knowledge - INFO - Found code_base: <app.utils.kg_build.knowledge.KnowledgeCodeBase object at 0x7fbc2776ea10>
2025-11-26 11:49:51,293 - Knowledge - INFO - persist ingested knowledge for /app/data/T0015/270588/b1256qt/universalinit-270588/src/universalinit/templates/qwik/qwik.env.d.ts
2025-11-26 11:49:51,567 - Knowledge - INFO - [MONGODB_OP] Completed: persist, Collection: file_info, Duration: 103ms
2025-11-26 11:49:52,031 - Knowledge - INFO - [REDIS_OP] Completed: store_embedding, Key: src/universalinit/templates/qwik/qwik.env.d.ts, Duration: 262ms
2025-11-26 11:49:52,244 - Knowledge - INFO - persist search terms embedding for src/universalinit/templates/qwik/qwik.env.d.ts
2025-11-26 11:49:52,425 - Knowledge - INFO - process ingested knowledge for /app/data/T0015/270588/b1256qt/universalinit-270588/src/universalinit/templates/qwik/qwik.env.d.ts
2025-11-26 11:49:52,648 - Knowledge - INFO - Found code-base-name: https://github.com/kavia-common/universalinit-270588.git:kavia-Add-Lightningjs-Template
2025-11-26 11:49:52,800 - Knowledge - INFO - Found code_base: <app.utils.kg_build.knowledge.KnowledgeCodeBase object at 0x7fbc2776ea10>
2025-11-26 11:49:53,076 - Knowledge - INFO - Found code-base-name: https://github.com/kavia-common/universalinit-270588.git:kavia-Add-Lightningjs-Template
2025-11-26 11:49:53,278 - Knowledge - INFO - Found code_base: <app.utils.kg_build.knowledge.KnowledgeCodeBase object at 0x7fbc2776ea10>
2025-11-26 11:49:53,495 - Knowledge - INFO - persist ingested knowledge for /app/data/T0015/270588/b1256qt/universalinit-270588/src/universalinit/templates/qwik/src/components/starter/footer/footer.tsx
2025-11-26 11:49:53,844 - Knowledge - INFO - [MONGODB_OP] Completed: persist, Collection: file_info, Duration: 137ms
2025-11-26 11:49:54,301 - Knowledge - INFO - [REDIS_OP] Completed: store_embedding, Key: src/universalinit/templates/qwik/src/components/starter/footer/footer.tsx, Duration: 251ms
2025-11-26 11:49:54,499 - Knowledge - INFO - persist search terms embedding for src/universalinit/templates/qwik/src/components/starter/footer/footer.tsx
2025-11-26 11:49:54,730 - Knowledge - INFO - process ingested knowledge for /app/data/T0015/270588/b1256qt/universalinit-270588/src/universalinit/templates/qwik/src/components/starter/footer/footer.tsx
2025-11-26 11:49:54,884 - Knowledge - INFO - Found code-base-name: https://github.com/kavia-common/universalinit-270588.git:kavia-Add-Lightningjs-Template
2025-11-26 11:49:55,068 - Knowledge - INFO - Found code_base: <app.utils.kg_build.knowledge.KnowledgeCodeBase object at 0x7fbc2776ea10>
2025-11-26 11:49:55,314 - Knowledge - INFO - Found code-base-name: https://github.com/kavia-common/universalinit-270588.git:kavia-Add-Lightningjs-Template
2025-11-26 11:49:55,476 - Knowledge - INFO - Found code_base: <app.utils.kg_build.knowledge.KnowledgeCodeBase object at 0x7fbc2776ea10>
2025-11-26 11:49:55,663 - Knowledge - INFO - persist ingested knowledge for /app/data/T0015/270588/b1256qt/universalinit-270588/src/universalinit/templates/express/package.json
2025-11-26 11:49:56,005 - Knowledge - INFO - [MONGODB_OP] Completed: persist, Collection: file_info, Duration: 109ms
2025-11-26 11:49:56,488 - Knowledge - INFO - [REDIS_OP] Completed: store_embedding, Key: src/universalinit/templates/express/package.json, Duration: 308ms
2025-11-26 11:49:56,641 - Knowledge - INFO - persist search terms embedding for src/universalinit/templates/express/package.json
2025-11-26 11:49:56,854 - Knowledge - INFO - process ingested knowledge for /app/data/T0015/270588/b1256qt/universalinit-270588/src/universalinit/templates/express/package.json
2025-11-26 11:49:57,041 - Knowledge - INFO - Found code-base-name: https://github.com/kavia-common/universalinit-270588.git:kavia-Add-Lightningjs-Template
2025-11-26 11:49:57,218 - Knowledge - INFO - Found code_base: <app.utils.kg_build.knowledge.KnowledgeCodeBase object at 0x7fbc2776ea10>
2025-11-26 11:49:57,516 - Knowledge - INFO - Found code-base-name: https://github.com/kavia-common/universalinit-270588.git:kavia-Add-Lightningjs-Template
2025-11-26 11:49:57,705 - Knowledge - INFO - Found code_base: <app.utils.kg_build.knowledge.KnowledgeCodeBase object at 0x7fbc2776ea10>
2025-11-26 11:49:57,858 - Knowledge - INFO - persist ingested knowledge for /app/data/T0015/270588/b1256qt/universalinit-270588/src/universalinit/templates/remix/app/root.tsx
2025-11-26 11:49:58,150 - Knowledge - INFO - [MONGODB_OP] Completed: persist, Collection: file_info, Duration: 121ms
2025-11-26 11:49:58,563 - Knowledge - INFO - [REDIS_OP] Completed: store_embedding, Key: src/universalinit/templates/remix/app/root.tsx, Duration: 236ms
2025-11-26 11:49:58,745 - Knowledge - INFO - persist search terms embedding for src/universalinit/templates/remix/app/root.tsx
2025-11-26 11:49:58,958 - Knowledge - INFO - process ingested knowledge for /app/data/T0015/270588/b1256qt/universalinit-270588/src/universalinit/templates/remix/app/root.tsx
2025-11-26 11:49:59,150 - Knowledge - INFO - Found code-base-name: https://github.com/kavia-common/universalinit-270588.git:kavia-Add-Lightningjs-Template
2025-11-26 11:49:59,309 - Knowledge - INFO - Found code_base: <app.utils.kg_build.knowledge.KnowledgeCodeBase object at 0x7fbc2776ea10>
2025-11-26 11:49:59,594 - Knowledge - INFO - Found code-base-name: https://github.com/kavia-common/universalinit-270588.git:kavia-Add-Lightningjs-Template
2025-11-26 11:49:59,776 - Knowledge - INFO - Found code_base: <app.utils.kg_build.knowledge.KnowledgeCodeBase object at 0x7fbc2776ea10>
2025-11-26 11:49:59,979 - Knowledge - INFO - persist ingested knowledge for /app/data/T0015/270588/b1256qt/universalinit-270588/src/universalinit/templates/astro/README.md
2025-11-26 11:50:00,263 - Knowledge - INFO - [MONGODB_OP] Completed: persist, Collection: file_info, Duration: 102ms
2025-11-26 11:50:00,703 - Knowledge - INFO - [REDIS_OP] Completed: store_embedding, Key: src/universalinit/templates/astro/README.md, Duration: 238ms
2025-11-26 11:50:00,909 - Knowledge - INFO - persist search terms embedding for src/universalinit/templates/astro/README.md
2025-11-26 11:50:01,085 - Knowledge - INFO - process ingested knowledge for /app/data/T0015/270588/b1256qt/universalinit-270588/src/universalinit/templates/astro/README.md
2025-11-26 11:50:01,268 - Knowledge - INFO - Found code-base-name: https://github.com/kavia-common/universalinit-270588.git:kavia-Add-Lightningjs-Template
2025-11-26 11:50:01,493 - Knowledge - INFO - Found code_base: <app.utils.kg_build.knowledge.KnowledgeCodeBase object at 0x7fbc2776ea10>
2025-11-26 11:50:01,842 - Knowledge - INFO - Found code-base-name: https://github.com/kavia-common/universalinit-270588.git:kavia-Add-Lightningjs-Template
2025-11-26 11:50:02,008 - Knowledge - INFO - Found code_base: <app.utils.kg_build.knowledge.KnowledgeCodeBase object at 0x7fbc2776ea10>
2025-11-26 11:50:02,236 - Knowledge - INFO - persist ingested knowledge for /app/data/T0015/270588/b1256qt/universalinit-270588/src/universalinit/templates/angular/tsconfig.app.json
2025-11-26 11:50:02,545 - Knowledge - INFO - [MONGODB_OP] Completed: persist, Collection: file_info, Duration: 108ms
2025-11-26 11:50:03,013 - Knowledge - INFO - [REDIS_OP] Completed: store_embedding, Key: src/universalinit/templates/angular/tsconfig.app.json, Duration: 290ms
2025-11-26 11:50:03,210 - Knowledge - INFO - persist search terms embedding for src/universalinit/templates/angular/tsconfig.app.json
2025-11-26 11:50:03,363 - Knowledge - INFO - process ingested knowledge for /app/data/T0015/270588/b1256qt/universalinit-270588/src/universalinit/templates/angular/tsconfig.app.json
2025-11-26 11:50:03,514 - Knowledge - INFO - Found code-base-name: https://github.com/kavia-common/universalinit-270588.git:kavia-Add-Lightningjs-Template
2025-11-26 11:50:03,719 - Knowledge - INFO - Found code_base: <app.utils.kg_build.knowledge.KnowledgeCodeBase object at 0x7fbc2776ea10>
2025-11-26 11:50:03,986 - Knowledge - INFO - Found code-base-name: https://github.com/kavia-common/universalinit-270588.git:kavia-Add-Lightningjs-Template
2025-11-26 11:50:04,166 - Knowledge - INFO - Found code_base: <app.utils.kg_build.knowledge.KnowledgeCodeBase object at 0x7fbc2776ea10>
2025-11-26 11:50:04,357 - Knowledge - INFO - persist ingested knowledge for /app/data/T0015/270588/b1256qt/universalinit-270588/test/test_flutter_template.py
2025-11-26 11:50:04,687 - Knowledge - INFO - [MONGODB_OP] Completed: persist, Collection: file_info, Duration: 142ms
2025-11-26 11:50:05,198 - Knowledge - INFO - [REDIS_OP] Completed: store_embedding, Key: test/test_flutter_template.py, Duration: 334ms
2025-11-26 11:50:05,417 - Knowledge - INFO - persist search terms embedding for test/test_flutter_template.py
2025-11-26 11:50:05,624 - Knowledge - INFO - process ingested knowledge for /app/data/T0015/270588/b1256qt/universalinit-270588/test/test_flutter_template.py
2025-11-26 11:50:05,823 - Knowledge - INFO - Found code-base-name: https://github.com/kavia-common/universalinit-270588.git:kavia-Add-Lightningjs-Template
2025-11-26 11:50:06,001 - Knowledge - INFO - Found code_base: <app.utils.kg_build.knowledge.KnowledgeCodeBase object at 0x7fbc2776ea10>
2025-11-26 11:50:06,353 - Knowledge - INFO - Found code-base-name: https://github.com/kavia-common/universalinit-270588.git:kavia-Add-Lightningjs-Template
2025-11-26 11:50:06,536 - Knowledge - INFO - Found code_base: <app.utils.kg_build.knowledge.KnowledgeCodeBase object at 0x7fbc2776ea10>
2025-11-26 11:50:06,689 - Knowledge - INFO - persist ingested knowledge for /app/data/T0015/270588/b1256qt/universalinit-270588/src/universalinit/templates/typescript/src/style.css
2025-11-26 11:50:06,965 - Knowledge - INFO - [MONGODB_OP] Completed: persist, Collection: file_info, Duration: 111ms
2025-11-26 11:50:07,494 - Knowledge - INFO - [REDIS_OP] Completed: store_embedding, Key: src/universalinit/templates/typescript/src/style.css, Duration: 334ms
2025-11-26 11:50:07,668 - Knowledge - INFO - persist search terms embedding for src/universalinit/templates/typescript/src/style.css
2025-11-26 11:50:07,827 - Knowledge - INFO - process ingested knowledge for /app/data/T0015/270588/b1256qt/universalinit-270588/src/universalinit/templates/typescript/src/style.css
2025-11-26 11:50:08,036 - Knowledge - INFO - Found code-base-name: https://github.com/kavia-common/universalinit-270588.git:kavia-Add-Lightningjs-Template
2025-11-26 11:50:08,224 - Knowledge - INFO - Found code_base: <app.utils.kg_build.knowledge.KnowledgeCodeBase object at 0x7fbc2776ea10>
2025-11-26 11:50:08,491 - Knowledge - INFO - Found code-base-name: https://github.com/kavia-common/universalinit-270588.git:kavia-Add-Lightningjs-Template
2025-11-26 11:50:08,638 - Knowledge - INFO - Found code_base: <app.utils.kg_build.knowledge.KnowledgeCodeBase object at 0x7fbc2776ea10>
2025-11-26 11:50:08,829 - Knowledge - INFO - persist ingested knowledge for /app/data/T0015/270588/b1256qt/universalinit-270588/src/universalinit/templates/qwik/src/routes/demo/todolist/todolist.module.css
2025-11-26 11:50:09,123 - Knowledge - INFO - [MONGODB_OP] Completed: persist, Collection: file_info, Duration: 107ms
2025-11-26 11:50:09,609 - Knowledge - INFO - [REDIS_OP] Completed: store_embedding, Key: src/universalinit/templates/qwik/src/routes/demo/todolist/todolist.module.css, Duration: 303ms
2025-11-26 11:50:09,753 - Knowledge - INFO - persist search terms embedding for src/universalinit/templates/qwik/src/routes/demo/todolist/todolist.module.css
2025-11-26 11:50:09,931 - Knowledge - INFO - process ingested knowledge for /app/data/T0015/270588/b1256qt/universalinit-270588/src/universalinit/templates/qwik/src/routes/demo/todolist/todolist.module.css
2025-11-26 11:50:10,115 - Knowledge - INFO - Found code-base-name: https://github.com/kavia-common/universalinit-270588.git:kavia-Add-Lightningjs-Template
2025-11-26 11:50:10,303 - Knowledge - INFO - Found code_base: <app.utils.kg_build.knowledge.KnowledgeCodeBase object at 0x7fbc2776ea10>
2025-11-26 11:50:10,612 - Knowledge - INFO - Found code-base-name: https://github.com/kavia-common/universalinit-270588.git:kavia-Add-Lightningjs-Template
2025-11-26 11:50:10,806 - Knowledge - INFO - Found code_base: <app.utils.kg_build.knowledge.KnowledgeCodeBase object at 0x7fbc2776ea10>
2025-11-26 11:50:10,967 - Knowledge - INFO - persist ingested knowledge for /app/data/T0015/270588/b1256qt/universalinit-270588/src/universalinit/templates/vue/config.yml
2025-11-26 11:50:11,240 - Knowledge - INFO - [MONGODB_OP] Completed: persist, Collection: file_info, Duration: 101ms
2025-11-26 11:50:11,717 - Knowledge - INFO - [REDIS_OP] Completed: store_embedding, Key: src/universalinit/templates/vue/config.yml, Duration: 295ms
2025-11-26 11:50:11,919 - Knowledge - INFO - persist search terms embedding for src/universalinit/templates/vue/config.yml
2025-11-26 11:50:12,095 - Knowledge - INFO - process ingested knowledge for /app/data/T0015/270588/b1256qt/universalinit-270588/src/universalinit/templates/vue/config.yml
2025-11-26 11:50:12,310 - Knowledge - INFO - Found code-base-name: https://github.com/kavia-common/universalinit-270588.git:kavia-Add-Lightningjs-Template
2025-11-26 11:50:12,469 - Knowledge - INFO - Found code_base: <app.utils.kg_build.knowledge.KnowledgeCodeBase object at 0x7fbc2776ea10>
2025-11-26 11:50:12,742 - Knowledge - INFO - Found code-base-name: https://github.com/kavia-common/universalinit-270588.git:kavia-Add-Lightningjs-Template
2025-11-26 11:50:12,933 - Knowledge - INFO - Found code_base: <app.utils.kg_build.knowledge.KnowledgeCodeBase object at 0x7fbc2776ea10>
2025-11-26 11:50:13,097 - Knowledge - INFO - persist ingested knowledge for /app/data/T0015/270588/b1256qt/universalinit-270588/src/universalinit/templates/angular/src/app/app.component.html
2025-11-26 11:50:13,373 - Knowledge - INFO - [MONGODB_OP] Completed: persist, Collection: file_info, Duration: 109ms
2025-11-26 11:50:13,796 - Knowledge - INFO - [REDIS_OP] Completed: store_embedding, Key: src/universalinit/templates/angular/src/app/app.component.html, Duration: 236ms
2025-11-26 11:50:13,967 - Knowledge - INFO - persist search terms embedding for src/universalinit/templates/angular/src/app/app.component.html
2025-11-26 11:50:14,143 - Knowledge - INFO - process ingested knowledge for /app/data/T0015/270588/b1256qt/universalinit-270588/src/universalinit/templates/angular/src/app/app.component.html
2025-11-26 11:50:14,304 - Knowledge - INFO - Found code-base-name: https://github.com/kavia-common/universalinit-270588.git:kavia-Add-Lightningjs-Template
2025-11-26 11:50:14,467 - Knowledge - INFO - Found code_base: <app.utils.kg_build.knowledge.KnowledgeCodeBase object at 0x7fbc2776ea10>
2025-11-26 11:50:14,730 - Knowledge - INFO - Found code-base-name: https://github.com/kavia-common/universalinit-270588.git:kavia-Add-Lightningjs-Template
2025-11-26 11:50:14,906 - Knowledge - INFO - Found code_base: <app.utils.kg_build.knowledge.KnowledgeCodeBase object at 0x7fbc2776ea10>
2025-11-26 11:50:15,065 - Knowledge - INFO - persist ingested knowledge for /app/data/T0015/270588/b1256qt/universalinit-270588/src/universalinit/templates/angular/package.json
2025-11-26 11:50:15,400 - Knowledge - INFO - [MONGODB_OP] Completed: persist, Collection: file_info, Duration: 149ms
2025-11-26 11:50:15,824 - Knowledge - INFO - [REDIS_OP] Completed: store_embedding, Key: src/universalinit/templates/angular/package.json, Duration: 237ms
2025-11-26 11:50:16,008 - Knowledge - INFO - persist search terms embedding for src/universalinit/templates/angular/package.json
2025-11-26 11:50:16,209 - Knowledge - INFO - process ingested knowledge for /app/data/T0015/270588/b1256qt/universalinit-270588/src/universalinit/templates/angular/package.json
2025-11-26 11:50:16,377 - Knowledge - INFO - Found code-base-name: https://github.com/kavia-common/universalinit-270588.git:kavia-Add-Lightningjs-Template
2025-11-26 11:50:16,607 - Knowledge - INFO - Found code_base: <app.utils.kg_build.knowledge.KnowledgeCodeBase object at 0x7fbc2776ea10>
2025-11-26 11:50:16,869 - Knowledge - INFO - Found code-base-name: https://github.com/kavia-common/universalinit-270588.git:kavia-Add-Lightningjs-Template
2025-11-26 11:50:17,079 - Knowledge - INFO - Found code_base: <app.utils.kg_build.knowledge.KnowledgeCodeBase object at 0x7fbc2776ea10>
2025-11-26 11:50:17,270 - Knowledge - INFO - persist ingested knowledge for /app/data/T0015/270588/b1256qt/universalinit-270588/src/universalinit/templates/astro/tsconfig.json
2025-11-26 11:50:17,568 - Knowledge - INFO - [MONGODB_OP] Completed: persist, Collection: file_info, Duration: 119ms
2025-11-26 11:50:18,032 - Knowledge - INFO - [REDIS_OP] Completed: store_embedding, Key: src/universalinit/templates/astro/tsconfig.json, Duration: 284ms
2025-11-26 11:50:18,206 - Knowledge - INFO - persist search terms embedding for src/universalinit/templates/astro/tsconfig.json
2025-11-26 11:50:18,400 - Knowledge - INFO - process ingested knowledge for /app/data/T0015/270588/b1256qt/universalinit-270588/src/universalinit/templates/astro/tsconfig.json
2025-11-26 11:50:18,631 - Knowledge - INFO - Found code-base-name: https://github.com/kavia-common/universalinit-270588.git:kavia-Add-Lightningjs-Template
2025-11-26 11:50:18,788 - Knowledge - INFO - Found code_base: <app.utils.kg_build.knowledge.KnowledgeCodeBase object at 0x7fbc2776ea10>
2025-11-26 11:50:19,097 - Knowledge - INFO - Found code-base-name: https://github.com/kavia-common/universalinit-270588.git:kavia-Add-Lightningjs-Template
2025-11-26 11:50:19,266 - Knowledge - INFO - Found code_base: <app.utils.kg_build.knowledge.KnowledgeCodeBase object at 0x7fbc2776ea10>
2025-11-26 11:50:19,463 - Knowledge - INFO - persist ingested knowledge for /app/data/T0015/270588/b1256qt/universalinit-270588/src/universalinit/templates/nativescript/app/home/home-page.xml
2025-11-26 11:50:19,782 - Knowledge - INFO - [MONGODB_OP] Completed: persist, Collection: file_info, Duration: 108ms
2025-11-26 11:50:20,278 - Knowledge - INFO - [REDIS_OP] Completed: store_embedding, Key: src/universalinit/templates/nativescript/app/home/home-page.xml, Duration: 316ms
2025-11-26 11:50:20,439 - Knowledge - INFO - persist search terms embedding for src/universalinit/templates/nativescript/app/home/home-page.xml
2025-11-26 11:50:20,630 - Knowledge - INFO - process ingested knowledge for /app/data/T0015/270588/b1256qt/universalinit-270588/src/universalinit/templates/nativescript/app/home/home-page.xml
2025-11-26 11:50:20,812 - Knowledge - INFO - Found code-base-name: https://github.com/kavia-common/universalinit-270588.git:kavia-Add-Lightningjs-Template
2025-11-26 11:50:20,982 - Knowledge - INFO - Found code_base: <app.utils.kg_build.knowledge.KnowledgeCodeBase object at 0x7fbc2776ea10>
2025-11-26 11:50:21,262 - Knowledge - INFO - Found code-base-name: https://github.com/kavia-common/universalinit-270588.git:kavia-Add-Lightningjs-Template
2025-11-26 11:50:21,468 - Knowledge - INFO - Found code_base: <app.utils.kg_build.knowledge.KnowledgeCodeBase object at 0x7fbc2776ea10>
2025-11-26 11:50:21,644 - Knowledge - INFO - persist ingested knowledge for /app/data/T0015/270588/b1256qt/universalinit-270588/src/universalinit/templates/remix/vite.config.ts
2025-11-26 11:50:21,951 - Knowledge - INFO - [MONGODB_OP] Completed: persist, Collection: file_info, Duration: 131ms
2025-11-26 11:50:22,472 - Knowledge - INFO - [REDIS_OP] Completed: store_embedding, Key: src/universalinit/templates/remix/vite.config.ts, Duration: 362ms
2025-11-26 11:50:22,641 - Knowledge - INFO - persist search terms embedding for src/universalinit/templates/remix/vite.config.ts
2025-11-26 11:50:22,791 - Knowledge - INFO - process ingested knowledge for /app/data/T0015/270588/b1256qt/universalinit-270588/src/universalinit/templates/remix/vite.config.ts
2025-11-26 11:50:22,949 - Knowledge - INFO - Found code-base-name: https://github.com/kavia-common/universalinit-270588.git:kavia-Add-Lightningjs-Template
2025-11-26 11:50:23,148 - Knowledge - INFO - Found code_base: <app.utils.kg_build.knowledge.KnowledgeCodeBase object at 0x7fbc2776ea10>
2025-11-26 11:50:23,428 - Knowledge - INFO - Found code-base-name: https://github.com/kavia-common/universalinit-270588.git:kavia-Add-Lightningjs-Template
2025-11-26 11:50:23,587 - Knowledge - INFO - Found code_base: <app.utils.kg_build.knowledge.KnowledgeCodeBase object at 0x7fbc2776ea10>
2025-11-26 11:50:23,743 - Knowledge - INFO - persist ingested knowledge for /app/data/T0015/270588/b1256qt/universalinit-270588/src/universalinit/templates/kotlin/app/build.gradle.kts
2025-11-26 11:50:24,040 - Knowledge - INFO - [MONGODB_OP] Completed: persist, Collection: file_info, Duration: 111ms
2025-11-26 11:50:24,459 - Knowledge - INFO - [REDIS_OP] Completed: store_embedding, Key: src/universalinit/templates/kotlin/app/build.gradle.kts, Duration: 221ms
2025-11-26 11:50:24,650 - Knowledge - INFO - persist search terms embedding for src/universalinit/templates/kotlin/app/build.gradle.kts
2025-11-26 11:50:24,845 - Knowledge - INFO - process ingested knowledge for /app/data/T0015/270588/b1256qt/universalinit-270588/src/universalinit/templates/kotlin/app/build.gradle.kts
2025-11-26 11:50:25,079 - Knowledge - INFO - Found code-base-name: https://github.com/kavia-common/universalinit-270588.git:kavia-Add-Lightningjs-Template
2025-11-26 11:50:25,247 - Knowledge - INFO - Found code_base: <app.utils.kg_build.knowledge.KnowledgeCodeBase object at 0x7fbc2776ea10>
2025-11-26 11:50:25,490 - Knowledge - INFO - Found code-base-name: https://github.com/kavia-common/universalinit-270588.git:kavia-Add-Lightningjs-Template
2025-11-26 11:50:25,683 - Knowledge - INFO - Found code_base: <app.utils.kg_build.knowledge.KnowledgeCodeBase object at 0x7fbc2776ea10>
2025-11-26 11:50:25,885 - Knowledge - INFO - persist ingested knowledge for /app/data/T0015/270588/b1256qt/universalinit-270588/src/universalinit/templates/qwik/src/routes/demo/todolist/index.tsx
2025-11-26 11:50:26,139 - Knowledge - INFO - [MONGODB_OP] Completed: persist, Collection: file_info, Duration: 105ms
2025-11-26 11:50:26,510 - Knowledge - INFO - [REDIS_OP] Completed: store_embedding, Key: src/universalinit/templates/qwik/src/routes/demo/todolist/index.tsx, Duration: 218ms
2025-11-26 11:50:26,660 - Knowledge - INFO - persist search terms embedding for src/universalinit/templates/qwik/src/routes/demo/todolist/index.tsx
2025-11-26 11:50:26,858 - Knowledge - INFO - process ingested knowledge for /app/data/T0015/270588/b1256qt/universalinit-270588/src/universalinit/templates/qwik/src/routes/demo/todolist/index.tsx
2025-11-26 11:50:27,056 - Knowledge - INFO - Found code-base-name: https://github.com/kavia-common/universalinit-270588.git:kavia-Add-Lightningjs-Template
2025-11-26 11:50:27,218 - Knowledge - INFO - Found code_base: <app.utils.kg_build.knowledge.KnowledgeCodeBase object at 0x7fbc2776ea10>
2025-11-26 11:50:27,519 - Knowledge - INFO - Found code-base-name: https://github.com/kavia-common/universalinit-270588.git:kavia-Add-Lightningjs-Template
2025-11-26 11:50:27,714 - Knowledge - INFO - Found code_base: <app.utils.kg_build.knowledge.KnowledgeCodeBase object at 0x7fbc2776ea10>
2025-11-26 11:50:27,907 - Knowledge - INFO - persist ingested knowledge for /app/data/T0015/270588/b1256qt/universalinit-270588/src/universalinit/templates/nextjs/src/app/layout.tsx
2025-11-26 11:50:28,151 - Knowledge - INFO - [MONGODB_OP] Completed: persist, Collection: file_info, Duration: 92ms
2025-11-26 11:50:28,581 - Knowledge - INFO - [REDIS_OP] Completed: store_embedding, Key: src/universalinit/templates/nextjs/src/app/layout.tsx, Duration: 256ms
2025-11-26 11:50:28,757 - Knowledge - INFO - persist search terms embedding for src/universalinit/templates/nextjs/src/app/layout.tsx
2025-11-26 11:50:28,973 - Knowledge - INFO - process ingested knowledge for /app/data/T0015/270588/b1256qt/universalinit-270588/src/universalinit/templates/nextjs/src/app/layout.tsx
2025-11-26 11:50:29,137 - Knowledge - INFO - Found code-base-name: https://github.com/kavia-common/universalinit-270588.git:kavia-Add-Lightningjs-Template
2025-11-26 11:50:29,343 - Knowledge - INFO - Found code_base: <app.utils.kg_build.knowledge.KnowledgeCodeBase object at 0x7fbc2776ea10>
2025-11-26 11:50:29,563 - Knowledge - INFO - Found code-base-name: https://github.com/kavia-common/universalinit-270588.git:kavia-Add-Lightningjs-Template
2025-11-26 11:50:29,738 - Knowledge - INFO - Found code_base: <app.utils.kg_build.knowledge.KnowledgeCodeBase object at 0x7fbc2776ea10>
2025-11-26 11:50:29,939 - Knowledge - INFO - persist ingested knowledge for /app/data/T0015/270588/b1256qt/universalinit-270588/src/universalinit/templates/fastapi/config.yml
2025-11-26 11:50:30,253 - Knowledge - INFO - [MONGODB_OP] Completed: persist, Collection: file_info, Duration: 87ms
2025-11-26 11:50:30,715 - Knowledge - INFO - [REDIS_OP] Completed: store_embedding, Key: src/universalinit/templates/fastapi/config.yml, Duration: 244ms
2025-11-26 11:50:30,884 - Knowledge - INFO - persist search terms embedding for src/universalinit/templates/fastapi/config.yml
2025-11-26 11:50:31,068 - Knowledge - INFO - process ingested knowledge for /app/data/T0015/270588/b1256qt/universalinit-270588/src/universalinit/templates/fastapi/config.yml
2025-11-26 11:50:31,242 - Knowledge - INFO - Found code-base-name: https://github.com/kavia-common/universalinit-270588.git:kavia-Add-Lightningjs-Template
2025-11-26 11:50:31,421 - Knowledge - INFO - Found code_base: <app.utils.kg_build.knowledge.KnowledgeCodeBase object at 0x7fbc2776ea10>
2025-11-26 11:50:31,689 - Knowledge - INFO - Found code-base-name: https://github.com/kavia-common/universalinit-270588.git:kavia-Add-Lightningjs-Template
2025-11-26 11:50:31,885 - Knowledge - INFO - Found code_base: <app.utils.kg_build.knowledge.KnowledgeCodeBase object at 0x7fbc2776ea10>
2025-11-26 11:50:32,037 - Knowledge - INFO - persist ingested knowledge for /app/data/T0015/270588/b1256qt/universalinit-270588/src/universalinit/templates/nextjs/src/app/globals.css
2025-11-26 11:50:32,313 - Knowledge - INFO - [MONGODB_OP] Completed: persist, Collection: file_info, Duration: 93ms
2025-11-26 11:50:32,751 - Knowledge - INFO - [REDIS_OP] Completed: store_embedding, Key: src/universalinit/templates/nextjs/src/app/globals.css, Duration: 278ms
2025-11-26 11:50:32,907 - Knowledge - INFO - persist search terms embedding for src/universalinit/templates/nextjs/src/app/globals.css
2025-11-26 11:50:33,084 - Knowledge - INFO - process ingested knowledge for /app/data/T0015/270588/b1256qt/universalinit-270588/src/universalinit/templates/nextjs/src/app/globals.css
2025-11-26 11:50:33,315 - Knowledge - INFO - Found code-base-name: https://github.com/kavia-common/universalinit-270588.git:kavia-Add-Lightningjs-Template
2025-11-26 11:50:33,487 - Knowledge - INFO - Found code_base: <app.utils.kg_build.knowledge.KnowledgeCodeBase object at 0x7fbc2776ea10>
2025-11-26 11:50:33,807 - Knowledge - INFO - Found code-base-name: https://github.com/kavia-common/universalinit-270588.git:kavia-Add-Lightningjs-Template
2025-11-26 11:50:34,002 - Knowledge - INFO - Found code_base: <app.utils.kg_build.knowledge.KnowledgeCodeBase object at 0x7fbc2776ea10>
2025-11-26 11:50:34,188 - Knowledge - INFO - persist ingested knowledge for /app/data/T0015/270588/b1256qt/universalinit-270588/src/universalinit/templates/svelte/src/app.html
2025-11-26 11:50:34,456 - Knowledge - INFO - [MONGODB_OP] Completed: persist, Collection: file_info, Duration: 92ms
2025-11-26 11:50:34,893 - Knowledge - INFO - [REDIS_OP] Completed: store_embedding, Key: src/universalinit/templates/svelte/src/app.html, Duration: 221ms
2025-11-26 11:50:35,095 - Knowledge - INFO - persist search terms embedding for src/universalinit/templates/svelte/src/app.html
2025-11-26 11:50:35,296 - Knowledge - INFO - process ingested knowledge for /app/data/T0015/270588/b1256qt/universalinit-270588/src/universalinit/templates/svelte/src/app.html
2025-11-26 11:50:35,496 - Knowledge - INFO - Found code-base-name: https://github.com/kavia-common/universalinit-270588.git:kavia-Add-Lightningjs-Template
2025-11-26 11:50:35,722 - Knowledge - INFO - Found code_base: <app.utils.kg_build.knowledge.KnowledgeCodeBase object at 0x7fbc2776ea10>
2025-11-26 11:50:36,015 - Knowledge - INFO - Found code-base-name: https://github.com/kavia-common/universalinit-270588.git:kavia-Add-Lightningjs-Template
2025-11-26 11:50:36,219 - Knowledge - INFO - Found code_base: <app.utils.kg_build.knowledge.KnowledgeCodeBase object at 0x7fbc2776ea10>
2025-11-26 11:50:36,371 - Knowledge - INFO - persist ingested knowledge for /app/data/T0015/270588/b1256qt/universalinit-270588/src/universalinit/templates/lightningjs/tsconfig.json
2025-11-26 11:50:36,660 - Knowledge - INFO - [MONGODB_OP] Completed: persist, Collection: file_info, Duration: 108ms
2025-11-26 11:50:37,090 - Knowledge - INFO - [REDIS_OP] Completed: store_embedding, Key: src/universalinit/templates/lightningjs/tsconfig.json, Duration: 230ms
2025-11-26 11:50:37,292 - Knowledge - INFO - persist search terms embedding for src/universalinit/templates/lightningjs/tsconfig.json
2025-11-26 11:50:37,449 - Knowledge - INFO - process ingested knowledge for /app/data/T0015/270588/b1256qt/universalinit-270588/src/universalinit/templates/lightningjs/tsconfig.json
2025-11-26 11:50:37,660 - Knowledge - INFO - Found code-base-name: https://github.com/kavia-common/universalinit-270588.git:kavia-Add-Lightningjs-Template
2025-11-26 11:50:37,850 - Knowledge - INFO - Found code_base: <app.utils.kg_build.knowledge.KnowledgeCodeBase object at 0x7fbc2776ea10>
2025-11-26 11:50:38,108 - Knowledge - INFO - Found code-base-name: https://github.com/kavia-common/universalinit-270588.git:kavia-Add-Lightningjs-Template
2025-11-26 11:50:38,273 - Knowledge - INFO - Found code_base: <app.utils.kg_build.knowledge.KnowledgeCodeBase object at 0x7fbc2776ea10>
2025-11-26 11:50:38,424 - Knowledge - INFO - persist ingested knowledge for /app/data/T0015/270588/b1256qt/universalinit-270588/src/universalinit/templates/svelte/src/hooks.server.js
2025-11-26 11:50:38,719 - Knowledge - INFO - [MONGODB_OP] Completed: persist, Collection: file_info, Duration: 111ms
2025-11-26 11:50:39,155 - Knowledge - INFO - [REDIS_OP] Completed: store_embedding, Key: src/universalinit/templates/svelte/src/hooks.server.js, Duration: 274ms
2025-11-26 11:50:39,313 - Knowledge - INFO - persist search terms embedding for src/universalinit/templates/svelte/src/hooks.server.js
2025-11-26 11:50:39,482 - Knowledge - INFO - process ingested knowledge for /app/data/T0015/270588/b1256qt/universalinit-270588/src/universalinit/templates/svelte/src/hooks.server.js
2025-11-26 11:50:39,668 - Knowledge - INFO - Found code-base-name: https://github.com/kavia-common/universalinit-270588.git:kavia-Add-Lightningjs-Template
2025-11-26 11:50:39,812 - Knowledge - INFO - Found code_base: <app.utils.kg_build.knowledge.KnowledgeCodeBase object at 0x7fbc2776ea10>
2025-11-26 11:50:40,049 - Knowledge - INFO - Found code-base-name: https://github.com/kavia-common/universalinit-270588.git:kavia-Add-Lightningjs-Template
2025-11-26 11:50:40,240 - Knowledge - INFO - Found code_base: <app.utils.kg_build.knowledge.KnowledgeCodeBase object at 0x7fbc2776ea10>
2025-11-26 11:50:40,399 - Knowledge - INFO - persist ingested knowledge for /app/data/T0015/270588/b1256qt/universalinit-270588/src/universalinit/templates/nativescript/app/home/home-view-model.js
2025-11-26 11:50:40,736 - Knowledge - INFO - [MONGODB_OP] Completed: persist, Collection: file_info, Duration: 133ms
2025-11-26 11:50:41,109 - Knowledge - INFO - [REDIS_OP] Completed: store_embedding, Key: src/universalinit/templates/nativescript/app/home/home-view-model.js, Duration: 220ms
2025-11-26 11:50:41,311 - Knowledge - INFO - persist search terms embedding for src/universalinit/templates/nativescript/app/home/home-view-model.js
2025-11-26 11:50:41,460 - Knowledge - INFO - process ingested knowledge for /app/data/T0015/270588/b1256qt/universalinit-270588/src/universalinit/templates/nativescript/app/home/home-view-model.js
2025-11-26 11:50:41,613 - Knowledge - INFO - Found code-base-name: https://github.com/kavia-common/universalinit-270588.git:kavia-Add-Lightningjs-Template
2025-11-26 11:50:41,762 - Knowledge - INFO - Found code_base: <app.utils.kg_build.knowledge.KnowledgeCodeBase object at 0x7fbc2776ea10>
2025-11-26 11:50:42,031 - Knowledge - INFO - Found code-base-name: https://github.com/kavia-common/universalinit-270588.git:kavia-Add-Lightningjs-Template
2025-11-26 11:50:42,221 - Knowledge - INFO - Found code_base: <app.utils.kg_build.knowledge.KnowledgeCodeBase object at 0x7fbc2776ea10>
2025-11-26 11:50:42,414 - Knowledge - INFO - persist ingested knowledge for /app/data/T0015/270588/b1256qt/universalinit-270588/src/universalinit/templates/lightningjs/README.md
2025-11-26 11:50:42,708 - Knowledge - INFO - [MONGODB_OP] Completed: persist, Collection: file_info, Duration: 95ms
2025-11-26 11:50:43,363 - Knowledge - INFO - [REDIS_OP] Completed: store_embedding, Key: src/universalinit/templates/lightningjs/README.md, Duration: 490ms
2025-11-26 11:50:43,506 - Knowledge - INFO - persist search terms embedding for src/universalinit/templates/lightningjs/README.md
2025-11-26 11:50:43,708 - Knowledge - INFO - process ingested knowledge for /app/data/T0015/270588/b1256qt/universalinit-270588/src/universalinit/templates/lightningjs/README.md
2025-11-26 11:50:43,899 - Knowledge - INFO - Found code-base-name: https://github.com/kavia-common/universalinit-270588.git:kavia-Add-Lightningjs-Template
2025-11-26 11:50:44,084 - Knowledge - INFO - Found code_base: <app.utils.kg_build.knowledge.KnowledgeCodeBase object at 0x7fbc2776ea10>
2025-11-26 11:50:44,346 - Knowledge - INFO - Found code-base-name: https://github.com/kavia-common/universalinit-270588.git:kavia-Add-Lightningjs-Template
2025-11-26 11:50:44,510 - Knowledge - INFO - Found code_base: <app.utils.kg_build.knowledge.KnowledgeCodeBase object at 0x7fbc2776ea10>
2025-11-26 11:50:44,690 - Knowledge - INFO - persist ingested knowledge for /app/data/T0015/270588/b1256qt/universalinit-270588/src/universalinit/templates/react/src/App.css
2025-11-26 11:50:44,978 - Knowledge - INFO - [MONGODB_OP] Completed: persist, Collection: file_info, Duration: 95ms
2025-11-26 11:50:45,434 - Knowledge - INFO - [REDIS_OP] Completed: store_embedding, Key: src/universalinit/templates/react/src/App.css, Duration: 256ms
2025-11-26 11:50:45,636 - Knowledge - INFO - persist search terms embedding for src/universalinit/templates/react/src/App.css
2025-11-26 11:50:45,841 - Knowledge - INFO - process ingested knowledge for /app/data/T0015/270588/b1256qt/universalinit-270588/src/universalinit/templates/react/src/App.css
2025-11-26 11:50:46,025 - Knowledge - INFO - Found code-base-name: https://github.com/kavia-common/universalinit-270588.git:kavia-Add-Lightningjs-Template
2025-11-26 11:50:46,227 - Knowledge - INFO - Found code_base: <app.utils.kg_build.knowledge.KnowledgeCodeBase object at 0x7fbc2776ea10>
2025-11-26 11:50:46,459 - Knowledge - INFO - Found code-base-name: https://github.com/kavia-common/universalinit-270588.git:kavia-Add-Lightningjs-Template
2025-11-26 11:50:46,652 - Knowledge - INFO - Found code_base: <app.utils.kg_build.knowledge.KnowledgeCodeBase object at 0x7fbc2776ea10>
2025-11-26 11:50:46,814 - Knowledge - INFO - persist ingested knowledge for /app/data/T0015/270588/b1256qt/universalinit-270588/src/universalinit/templates/remotion/src/HelloWorld/Title.tsx
2025-11-26 11:50:47,112 - Knowledge - INFO - [MONGODB_OP] Completed: persist, Collection: file_info, Duration: 116ms
2025-11-26 11:50:47,546 - Knowledge - INFO - [REDIS_OP] Completed: store_embedding, Key: src/universalinit/templates/remotion/src/HelloWorld/Title.tsx, Duration: 231ms
2025-11-26 11:50:47,733 - Knowledge - INFO - persist search terms embedding for src/universalinit/templates/remotion/src/HelloWorld/Title.tsx
2025-11-26 11:50:47,941 - Knowledge - INFO - process ingested knowledge for /app/data/T0015/270588/b1256qt/universalinit-270588/src/universalinit/templates/remotion/src/HelloWorld/Title.tsx
2025-11-26 11:50:48,145 - Knowledge - INFO - Found code-base-name: https://github.com/kavia-common/universalinit-270588.git:kavia-Add-Lightningjs-Template
2025-11-26 11:50:48,300 - Knowledge - INFO - Found code_base: <app.utils.kg_build.knowledge.KnowledgeCodeBase object at 0x7fbc2776ea10>
2025-11-26 11:50:48,573 - Knowledge - INFO - Found code-base-name: https://github.com/kavia-common/universalinit-270588.git:kavia-Add-Lightningjs-Template
2025-11-26 11:50:48,712 - Knowledge - INFO - Found code_base: <app.utils.kg_build.knowledge.KnowledgeCodeBase object at 0x7fbc2776ea10>
2025-11-26 11:50:48,906 - Knowledge - INFO - persist ingested knowledge for /app/data/T0015/270588/b1256qt/universalinit-270588/src/universalinit/templates/vite/config.yml
2025-11-26 11:50:49,228 - Knowledge - INFO - [MONGODB_OP] Completed: persist, Collection: file_info, Duration: 101ms
2025-11-26 11:50:49,658 - Knowledge - INFO - [REDIS_OP] Completed: store_embedding, Key: src/universalinit/templates/vite/config.yml, Duration: 283ms
2025-11-26 11:50:49,827 - Knowledge - INFO - persist search terms embedding for src/universalinit/templates/vite/config.yml
2025-11-26 11:50:50,015 - Knowledge - INFO - process ingested knowledge for /app/data/T0015/270588/b1256qt/universalinit-270588/src/universalinit/templates/vite/config.yml
2025-11-26 11:50:50,189 - Knowledge - INFO - Found code-base-name: https://github.com/kavia-common/universalinit-270588.git:kavia-Add-Lightningjs-Template
2025-11-26 11:50:50,377 - Knowledge - INFO - Found code_base: <app.utils.kg_build.knowledge.KnowledgeCodeBase object at 0x7fbc2776ea10>
2025-11-26 11:50:50,631 - Knowledge - INFO - Found code-base-name: https://github.com/kavia-common/universalinit-270588.git:kavia-Add-Lightningjs-Template
2025-11-26 11:50:50,803 - Knowledge - INFO - Found code_base: <app.utils.kg_build.knowledge.KnowledgeCodeBase object at 0x7fbc2776ea10>
2025-11-26 11:50:50,960 - Knowledge - INFO - persist ingested knowledge for /app/data/T0015/270588/b1256qt/universalinit-270588/src/universalinit/templates/lightningjs/src/App.ts
2025-11-26 11:50:51,253 - Knowledge - INFO - [MONGODB_OP] Completed: persist, Collection: file_info, Duration: 106ms
2025-11-26 11:50:51,681 - Knowledge - INFO - [REDIS_OP] Completed: store_embedding, Key: src/universalinit/templates/lightningjs/src/App.ts, Duration: 259ms
2025-11-26 11:50:51,906 - Knowledge - INFO - persist search terms embedding for src/universalinit/templates/lightningjs/src/App.ts
2025-11-26 11:50:52,094 - Knowledge - INFO - process ingested knowledge for /app/data/T0015/270588/b1256qt/universalinit-270588/src/universalinit/templates/lightningjs/src/App.ts
2025-11-26 11:50:52,296 - Knowledge - INFO - Found code-base-name: https://github.com/kavia-common/universalinit-270588.git:kavia-Add-Lightningjs-Template
2025-11-26 11:50:52,451 - Knowledge - INFO - Found code_base: <app.utils.kg_build.knowledge.KnowledgeCodeBase object at 0x7fbc2776ea10>
2025-11-26 11:50:52,722 - Knowledge - INFO - Found code-base-name: https://github.com/kavia-common/universalinit-270588.git:kavia-Add-Lightningjs-Template
2025-11-26 11:50:52,879 - Knowledge - INFO - Found code_base: <app.utils.kg_build.knowledge.KnowledgeCodeBase object at 0x7fbc2776ea10>
2025-11-26 11:50:53,058 - Knowledge - INFO - persist ingested knowledge for /app/data/T0015/270588/b1256qt/universalinit-270588/src/universalinit/templates/qwik/src/components/starter/next-steps/next-steps.tsx
2025-11-26 11:50:53,315 - Knowledge - INFO - [MONGODB_OP] Completed: persist, Collection: file_info, Duration: 100ms
2025-11-26 11:50:53,722 - Knowledge - INFO - [REDIS_OP] Completed: store_embedding, Key: src/universalinit/templates/qwik/src/components/starter/next-steps/next-steps.tsx, Duration: 220ms
2025-11-26 11:50:53,884 - Knowledge - INFO - persist search terms embedding for src/universalinit/templates/qwik/src/components/starter/next-steps/next-steps.tsx
2025-11-26 11:50:54,074 - Knowledge - INFO - process ingested knowledge for /app/data/T0015/270588/b1256qt/universalinit-270588/src/universalinit/templates/qwik/src/components/starter/next-steps/next-steps.tsx
2025-11-26 11:50:54,240 - Knowledge - INFO - Found code-base-name: https://github.com/kavia-common/universalinit-270588.git:kavia-Add-Lightningjs-Template
2025-11-26 11:50:54,438 - Knowledge - INFO - Found code_base: <app.utils.kg_build.knowledge.KnowledgeCodeBase object at 0x7fbc2776ea10>
2025-11-26 11:50:54,701 - Knowledge - INFO - Found code-base-name: https://github.com/kavia-common/universalinit-270588.git:kavia-Add-Lightningjs-Template
2025-11-26 11:50:54,916 - Knowledge - INFO - Found code_base: <app.utils.kg_build.knowledge.KnowledgeCodeBase object at 0x7fbc2776ea10>
2025-11-26 11:50:55,070 - Knowledge - INFO - persist ingested knowledge for /app/data/T0015/270588/b1256qt/universalinit-270588/src/universalinit/templates/astro/astro.config.mjs
2025-11-26 11:50:55,284 - Knowledge - INFO - [MONGODB_OP] Completed: persist, Collection: file_info, Duration: 86ms
2025-11-26 11:50:55,720 - Knowledge - INFO - [REDIS_OP] Completed: store_embedding, Key: src/universalinit/templates/astro/astro.config.mjs, Duration: 237ms
2025-11-26 11:50:55,935 - Knowledge - INFO - persist search terms embedding for src/universalinit/templates/astro/astro.config.mjs
2025-11-26 11:50:56,123 - Knowledge - INFO - process ingested knowledge for /app/data/T0015/270588/b1256qt/universalinit-270588/src/universalinit/templates/astro/astro.config.mjs
2025-11-26 11:50:56,337 - Knowledge - INFO - Found code-base-name: https://github.com/kavia-common/universalinit-270588.git:kavia-Add-Lightningjs-Template
2025-11-26 11:50:56,525 - Knowledge - INFO - Found code_base: <app.utils.kg_build.knowledge.KnowledgeCodeBase object at 0x7fbc2776ea10>
2025-11-26 11:50:56,786 - Knowledge - INFO - Found code-base-name: https://github.com/kavia-common/universalinit-270588.git:kavia-Add-Lightningjs-Template
2025-11-26 11:50:56,970 - Knowledge - INFO - Found code_base: <app.utils.kg_build.knowledge.KnowledgeCodeBase object at 0x7fbc2776ea10>
2025-11-26 11:50:57,131 - Knowledge - INFO - persist ingested knowledge for /app/data/T0015/270588/b1256qt/universalinit-270588/src/universalinit/templates/kotlin/build.gradle.kts
2025-11-26 11:50:57,452 - Knowledge - INFO - [MONGODB_OP] Completed: persist, Collection: file_info, Duration: 112ms
2025-11-26 11:50:57,831 - Knowledge - INFO - [REDIS_OP] Completed: store_embedding, Key: src/universalinit/templates/kotlin/build.gradle.kts, Duration: 203ms
2025-11-26 11:50:57,984 - Knowledge - INFO - persist search terms embedding for src/universalinit/templates/kotlin/build.gradle.kts
2025-11-26 11:50:58,201 - Knowledge - INFO - process ingested knowledge for /app/data/T0015/270588/b1256qt/universalinit-270588/src/universalinit/templates/kotlin/build.gradle.kts
2025-11-26 11:50:58,396 - Knowledge - INFO - Found code-base-name: https://github.com/kavia-common/universalinit-270588.git:kavia-Add-Lightningjs-Template
2025-11-26 11:50:58,584 - Knowledge - INFO - Found code_base: <app.utils.kg_build.knowledge.KnowledgeCodeBase object at 0x7fbc2776ea10>
2025-11-26 11:50:58,852 - Knowledge - INFO - Found code-base-name: https://github.com/kavia-common/universalinit-270588.git:kavia-Add-Lightningjs-Template
2025-11-26 11:50:59,037 - Knowledge - INFO - Found code_base: <app.utils.kg_build.knowledge.KnowledgeCodeBase object at 0x7fbc2776ea10>
2025-11-26 11:50:59,259 - Knowledge - INFO - persist ingested knowledge for /app/data/T0015/270588/b1256qt/universalinit-270588/src/universalinit/templates/kotlin/app/src/main/res/drawable/ic_launcher_background.xml
2025-11-26 11:50:59,564 - Knowledge - INFO - [MONGODB_OP] Completed: persist, Collection: file_info, Duration: 116ms
2025-11-26 11:51:00,129 - Knowledge - INFO - [REDIS_OP] Completed: store_embedding, Key: src/universalinit/templates/kotlin/app/src/main/res/drawable/ic_launcher_background.xml, Duration: 375ms
2025-11-26 11:51:00,357 - Knowledge - INFO - persist search terms embedding for src/universalinit/templates/kotlin/app/src/main/res/drawable/ic_launcher_background.xml
2025-11-26 11:51:00,519 - Knowledge - INFO - process ingested knowledge for /app/data/T0015/270588/b1256qt/universalinit-270588/src/universalinit/templates/kotlin/app/src/main/res/drawable/ic_launcher_background.xml
2025-11-26 11:51:00,679 - Knowledge - INFO - Found code-base-name: https://github.com/kavia-common/universalinit-270588.git:kavia-Add-Lightningjs-Template
2025-11-26 11:51:00,900 - Knowledge - INFO - Found code_base: <app.utils.kg_build.knowledge.KnowledgeCodeBase object at 0x7fbc2776ea10>
2025-11-26 11:51:01,169 - Knowledge - INFO - Found code-base-name: https://github.com/kavia-common/universalinit-270588.git:kavia-Add-Lightningjs-Template
2025-11-26 11:51:01,354 - Knowledge - INFO - Found code_base: <app.utils.kg_build.knowledge.KnowledgeCodeBase object at 0x7fbc2776ea10>
2025-11-26 11:51:01,557 - Knowledge - INFO - persist ingested knowledge for /app/data/T0015/270588/b1256qt/universalinit-270588/src/universalinit/templates/kotlin/app/src/main/res/menu/menu_main.xml
2025-11-26 11:51:01,836 - Knowledge - INFO - [MONGODB_OP] Completed: persist, Collection: file_info, Duration: 97ms
2025-11-26 11:51:02,276 - Knowledge - INFO - [REDIS_OP] Completed: store_embedding, Key: src/universalinit/templates/kotlin/app/src/main/res/menu/menu_main.xml, Duration: 252ms
2025-11-26 11:51:02,463 - Knowledge - INFO - persist search terms embedding for src/universalinit/templates/kotlin/app/src/main/res/menu/menu_main.xml
2025-11-26 11:51:02,648 - Knowledge - INFO - process ingested knowledge for /app/data/T0015/270588/b1256qt/universalinit-270588/src/universalinit/templates/kotlin/app/src/main/res/menu/menu_main.xml
2025-11-26 11:51:02,848 - Knowledge - INFO - Found code-base-name: https://github.com/kavia-common/universalinit-270588.git:kavia-Add-Lightningjs-Template
2025-11-26 11:51:03,001 - Knowledge - INFO - Found code_base: <app.utils.kg_build.knowledge.KnowledgeCodeBase object at 0x7fbc2776ea10>
2025-11-26 11:51:03,251 - Knowledge - INFO - Found code-base-name: https://github.com/kavia-common/universalinit-270588.git:kavia-Add-Lightningjs-Template
2025-11-26 11:51:03,429 - Knowledge - INFO - Found code_base: <app.utils.kg_build.knowledge.KnowledgeCodeBase object at 0x7fbc2776ea10>
2025-11-26 11:51:03,619 - Knowledge - INFO - persist ingested knowledge for /app/data/T0015/270588/b1256qt/universalinit-270588/src/universalinit/templates/kotlin/app/src/main/res/mipmap-anydpi-v26/ic_launcher.xml
2025-11-26 11:51:03,903 - Knowledge - INFO - [MONGODB_OP] Completed: persist, Collection: file_info, Duration: 93ms
2025-11-26 11:51:04,269 - Knowledge - INFO - [REDIS_OP] Completed: store_embedding, Key: src/universalinit/templates/kotlin/app/src/main/res/mipmap-anydpi-v26/ic_launcher.xml, Duration: 215ms
2025-11-26 11:51:04,479 - Knowledge - INFO - persist search terms embedding for src/universalinit/templates/kotlin/app/src/main/res/mipmap-anydpi-v26/ic_launcher.xml
2025-11-26 11:51:04,658 - Knowledge - INFO - process ingested knowledge for /app/data/T0015/270588/b1256qt/universalinit-270588/src/universalinit/templates/kotlin/app/src/main/res/mipmap-anydpi-v26/ic_launcher.xml
2025-11-26 11:51:04,844 - Knowledge - INFO - Found code-base-name: https://github.com/kavia-common/universalinit-270588.git:kavia-Add-Lightningjs-Template
2025-11-26 11:51:04,997 - Knowledge - INFO - Found code_base: <app.utils.kg_build.knowledge.KnowledgeCodeBase object at 0x7fbc2776ea10>
2025-11-26 11:51:05,212 - Knowledge - INFO - Found code-base-name: https://github.com/kavia-common/universalinit-270588.git:kavia-Add-Lightningjs-Template
2025-11-26 11:51:05,384 - Knowledge - INFO - Found code_base: <app.utils.kg_build.knowledge.KnowledgeCodeBase object at 0x7fbc2776ea10>
2025-11-26 11:51:05,553 - Knowledge - INFO - persist ingested knowledge for /app/data/T0015/270588/b1256qt/universalinit-270588/src/universalinit/templates/kotlin/app/src/main/res/values-w600dp/dimens.xml
2025-11-26 11:51:05,843 - Knowledge - INFO - [MONGODB_OP] Completed: persist, Collection: file_info, Duration: 91ms
2025-11-26 11:51:06,361 - Knowledge - INFO - [REDIS_OP] Completed: store_embedding, Key: src/universalinit/templates/kotlin/app/src/main/res/values-w600dp/dimens.xml, Duration: 331ms
2025-11-26 11:51:06,570 - Knowledge - INFO - persist search terms embedding for src/universalinit/templates/kotlin/app/src/main/res/values-w600dp/dimens.xml
2025-11-26 11:51:06,744 - Knowledge - INFO - process ingested knowledge for /app/data/T0015/270588/b1256qt/universalinit-270588/src/universalinit/templates/kotlin/app/src/main/res/values-w600dp/dimens.xml
2025-11-26 11:51:06,952 - Knowledge - INFO - Found code-base-name: https://github.com/kavia-common/universalinit-270588.git:kavia-Add-Lightningjs-Template
2025-11-26 11:51:07,104 - Knowledge - INFO - Found code_base: <app.utils.kg_build.knowledge.KnowledgeCodeBase object at 0x7fbc2776ea10>
2025-11-26 11:51:07,338 - Knowledge - INFO - Found code-base-name: https://github.com/kavia-common/universalinit-270588.git:kavia-Add-Lightningjs-Template
2025-11-26 11:51:07,549 - Knowledge - INFO - Found code_base: <app.utils.kg_build.knowledge.KnowledgeCodeBase object at 0x7fbc2776ea10>
2025-11-26 11:51:07,738 - Knowledge - INFO - persist ingested knowledge for /app/data/T0015/270588/b1256qt/universalinit-270588/test/test_lightningjs_template.py
2025-11-26 11:51:08,015 - Knowledge - INFO - [MONGODB_OP] Completed: persist, Collection: file_info, Duration: 95ms
2025-11-26 11:51:08,392 - Knowledge - INFO - [REDIS_OP] Completed: store_embedding, Key: test/test_lightningjs_template.py, Duration: 225ms
2025-11-26 11:51:08,549 - Knowledge - INFO - persist search terms embedding for test/test_lightningjs_template.py
2025-11-26 11:51:08,728 - Knowledge - INFO - process ingested knowledge for /app/data/T0015/270588/b1256qt/universalinit-270588/test/test_lightningjs_template.py
2025-11-26 11:51:08,909 - Knowledge - INFO - Found code-base-name: https://github.com/kavia-common/universalinit-270588.git:kavia-Add-Lightningjs-Template
2025-11-26 11:51:09,078 - Knowledge - INFO - Found code_base: <app.utils.kg_build.knowledge.KnowledgeCodeBase object at 0x7fbc2776ea10>
2025-11-26 11:51:09,333 - Knowledge - INFO - Found code-base-name: https://github.com/kavia-common/universalinit-270588.git:kavia-Add-Lightningjs-Template
2025-11-26 11:51:09,493 - Knowledge - INFO - Found code_base: <app.utils.kg_build.knowledge.KnowledgeCodeBase object at 0x7fbc2776ea10>
2025-11-26 11:51:09,678 - Knowledge - INFO - persist ingested knowledge for /app/data/T0015/270588/b1256qt/universalinit-270588/src/universalinit/templates/vue/vite.config.ts
2025-11-26 11:51:10,015 - Knowledge - INFO - [MONGODB_OP] Completed: persist, Collection: file_info, Duration: 121ms
2025-11-26 11:51:10,415 - Knowledge - INFO - [REDIS_OP] Completed: store_embedding, Key: src/universalinit/templates/vue/vite.config.ts, Duration: 240ms
2025-11-26 11:51:10,572 - Knowledge - INFO - persist search terms embedding for src/universalinit/templates/vue/vite.config.ts
2025-11-26 11:51:10,729 - Knowledge - INFO - process ingested knowledge for /app/data/T0015/270588/b1256qt/universalinit-270588/src/universalinit/templates/vue/vite.config.ts
2025-11-26 11:51:10,891 - Knowledge - INFO - Found code-base-name: https://github.com/kavia-common/universalinit-270588.git:kavia-Add-Lightningjs-Template
2025-11-26 11:51:11,100 - Knowledge - INFO - Found code_base: <app.utils.kg_build.knowledge.KnowledgeCodeBase object at 0x7fbc2776ea10>
2025-11-26 11:51:11,341 - Knowledge - INFO - Found code-base-name: https://github.com/kavia-common/universalinit-270588.git:kavia-Add-Lightningjs-Template
2025-11-26 11:51:11,485 - Knowledge - INFO - Found code_base: <app.utils.kg_build.knowledge.KnowledgeCodeBase object at 0x7fbc2776ea10>
2025-11-26 11:51:11,658 - Knowledge - INFO - persist ingested knowledge for /app/data/T0015/270588/b1256qt/universalinit-270588/test/test_android_template.py
2025-11-26 11:51:11,881 - Knowledge - INFO - [MONGODB_OP] Completed: persist, Collection: file_info, Duration: 86ms
2025-11-26 11:51:12,303 - Knowledge - INFO - [REDIS_OP] Completed: store_embedding, Key: test/test_android_template.py, Duration: 239ms
2025-11-26 11:51:12,486 - Knowledge - INFO - persist search terms embedding for test/test_android_template.py
2025-11-26 11:51:12,674 - Knowledge - INFO - process ingested knowledge for /app/data/T0015/270588/b1256qt/universalinit-270588/test/test_android_template.py
2025-11-26 11:51:12,874 - Knowledge - INFO - Found code-base-name: https://github.com/kavia-common/universalinit-270588.git:kavia-Add-Lightningjs-Template
2025-11-26 11:51:13,062 - Knowledge - INFO - Found code_base: <app.utils.kg_build.knowledge.KnowledgeCodeBase object at 0x7fbc2776ea10>
2025-11-26 11:51:13,296 - Knowledge - INFO - Found code-base-name: https://github.com/kavia-common/universalinit-270588.git:kavia-Add-Lightningjs-Template
2025-11-26 11:51:13,484 - Knowledge - INFO - Found code_base: <app.utils.kg_build.knowledge.KnowledgeCodeBase object at 0x7fbc2776ea10>
2025-11-26 11:51:13,652 - Knowledge - INFO - persist ingested knowledge for /app/data/T0015/270588/b1256qt/universalinit-270588/src/universalinit/templates/django/api/views.py
2025-11-26 11:51:13,946 - Knowledge - INFO - [MONGODB_OP] Completed: persist, Collection: file_info, Duration: 88ms
2025-11-26 11:51:14,401 - Knowledge - INFO - [REDIS_OP] Completed: store_embedding, Key: src/universalinit/templates/django/api/views.py, Duration: 289ms
2025-11-26 11:51:14,587 - Knowledge - INFO - persist search terms embedding for src/universalinit/templates/django/api/views.py
2025-11-26 11:51:14,760 - Knowledge - INFO - process ingested knowledge for /app/data/T0015/270588/b1256qt/universalinit-270588/src/universalinit/templates/django/api/views.py
2025-11-26 11:51:14,928 - Knowledge - INFO - Found code-base-name: https://github.com/kavia-common/universalinit-270588.git:kavia-Add-Lightningjs-Template
2025-11-26 11:51:15,112 - Knowledge - INFO - Found code_base: <app.utils.kg_build.knowledge.KnowledgeCodeBase object at 0x7fbc2776ea10>
2025-11-26 11:51:15,360 - Knowledge - INFO - Found code-base-name: https://github.com/kavia-common/universalinit-270588.git:kavia-Add-Lightningjs-Template
2025-11-26 11:51:15,539 - Knowledge - INFO - Found code_base: <app.utils.kg_build.knowledge.KnowledgeCodeBase object at 0x7fbc2776ea10>
2025-11-26 11:51:15,708 - Knowledge - INFO - persist ingested knowledge for /app/data/T0015/270588/b1256qt/universalinit-270588/src/universalinit/templates/kotlin/app/src/main/res/values-v23/themes.xml
2025-11-26 11:51:15,972 - Knowledge - INFO - [MONGODB_OP] Completed: persist, Collection: file_info, Duration: 91ms
2025-11-26 11:51:16,494 - Knowledge - INFO - [REDIS_OP] Completed: store_embedding, Key: src/universalinit/templates/kotlin/app/src/main/res/values-v23/themes.xml, Duration: 312ms
2025-11-26 11:51:16,655 - Knowledge - INFO - persist search terms embedding for src/universalinit/templates/kotlin/app/src/main/res/values-v23/themes.xml
2025-11-26 11:51:16,822 - Knowledge - INFO - process ingested knowledge for /app/data/T0015/270588/b1256qt/universalinit-270588/src/universalinit/templates/kotlin/app/src/main/res/values-v23/themes.xml
2025-11-26 11:51:16,996 - Knowledge - INFO - Found code-base-name: https://github.com/kavia-common/universalinit-270588.git:kavia-Add-Lightningjs-Template
2025-11-26 11:51:17,182 - Knowledge - INFO - Found code_base: <app.utils.kg_build.knowledge.KnowledgeCodeBase object at 0x7fbc2776ea10>
2025-11-26 11:51:17,432 - Knowledge - INFO - Found code-base-name: https://github.com/kavia-common/universalinit-270588.git:kavia-Add-Lightningjs-Template
2025-11-26 11:51:17,605 - Knowledge - INFO - Found code_base: <app.utils.kg_build.knowledge.KnowledgeCodeBase object at 0x7fbc2776ea10>
2025-11-26 11:51:17,743 - Knowledge - INFO - persist ingested knowledge for /app/data/T0015/270588/b1256qt/universalinit-270588/src/universalinit/templates/svelte/vitest-setup-client.ts
2025-11-26 11:51:17,989 - Knowledge - INFO - [MONGODB_OP] Completed: persist, Collection: file_info, Duration: 101ms
2025-11-26 11:51:18,442 - Knowledge - INFO - [REDIS_OP] Completed: store_embedding, Key: src/universalinit/templates/svelte/vitest-setup-client.ts, Duration: 318ms
2025-11-26 11:51:18,627 - Knowledge - INFO - persist search terms embedding for src/universalinit/templates/svelte/vitest-setup-client.ts
2025-11-26 11:51:18,793 - Knowledge - INFO - process ingested knowledge for /app/data/T0015/270588/b1256qt/universalinit-270588/src/universalinit/templates/svelte/vitest-setup-client.ts
2025-11-26 11:51:18,993 - Knowledge - INFO - Found code-base-name: https://github.com/kavia-common/universalinit-270588.git:kavia-Add-Lightningjs-Template
2025-11-26 11:51:19,182 - Knowledge - INFO - Found code_base: <app.utils.kg_build.knowledge.KnowledgeCodeBase object at 0x7fbc2776ea10>
2025-11-26 11:51:19,405 - Knowledge - INFO - Found code-base-name: https://github.com/kavia-common/universalinit-270588.git:kavia-Add-Lightningjs-Template
2025-11-26 11:51:19,587 - Knowledge - INFO - Found code_base: <app.utils.kg_build.knowledge.KnowledgeCodeBase object at 0x7fbc2776ea10>
2025-11-26 11:51:19,791 - Knowledge - INFO - persist ingested knowledge for /app/data/T0015/270588/b1256qt/universalinit-270588/test/test_kotlin_template.py
2025-11-26 11:51:20,077 - Knowledge - INFO - [MONGODB_OP] Completed: persist, Collection: file_info, Duration: 105ms
2025-11-26 11:51:20,553 - Knowledge - INFO - [REDIS_OP] Completed: store_embedding, Key: test/test_kotlin_template.py, Duration: 282ms
2025-11-26 11:51:20,764 - Knowledge - INFO - persist search terms embedding for test/test_kotlin_template.py
2025-11-26 11:51:20,931 - Knowledge - INFO - process ingested knowledge for /app/data/T0015/270588/b1256qt/universalinit-270588/test/test_kotlin_template.py
2025-11-26 11:51:21,114 - Knowledge - INFO - Found code-base-name: https://github.com/kavia-common/universalinit-270588.git:kavia-Add-Lightningjs-Template
2025-11-26 11:51:21,289 - Knowledge - INFO - Found code_base: <app.utils.kg_build.knowledge.KnowledgeCodeBase object at 0x7fbc2776ea10>
2025-11-26 11:51:21,536 - Knowledge - INFO - Found code-base-name: https://github.com/kavia-common/universalinit-270588.git:kavia-Add-Lightningjs-Template
2025-11-26 11:51:21,710 - Knowledge - INFO - Found code_base: <app.utils.kg_build.knowledge.KnowledgeCodeBase object at 0x7fbc2776ea10>
2025-11-26 11:51:21,902 - Knowledge - INFO - persist ingested knowledge for /app/data/T0015/270588/b1256qt/universalinit-270588/src/universalinit/templates/remotion/src/index.ts
2025-11-26 11:51:22,130 - Knowledge - INFO - [MONGODB_OP] Completed: persist, Collection: file_info, Duration: 91ms
2025-11-26 11:51:22,529 - Knowledge - INFO - [REDIS_OP] Completed: store_embedding, Key: src/universalinit/templates/remotion/src/index.ts, Duration: 191ms
2025-11-26 11:51:22,746 - Knowledge - INFO - persist search terms embedding for src/universalinit/templates/remotion/src/index.ts
2025-11-26 11:51:22,906 - Knowledge - INFO - process ingested knowledge for /app/data/T0015/270588/b1256qt/universalinit-270588/src/universalinit/templates/remotion/src/index.ts
2025-11-26 11:51:23,092 - Knowledge - INFO - Found code-base-name: https://github.com/kavia-common/universalinit-270588.git:kavia-Add-Lightningjs-Template
2025-11-26 11:51:23,244 - Knowledge - INFO - Found code_base: <app.utils.kg_build.knowledge.KnowledgeCodeBase object at 0x7fbc2776ea10>
2025-11-26 11:51:23,522 - Knowledge - INFO - Found code-base-name: https://github.com/kavia-common/universalinit-270588.git:kavia-Add-Lightningjs-Template
2025-11-26 11:51:23,686 - Knowledge - INFO - Found code_base: <app.utils.kg_build.knowledge.KnowledgeCodeBase object at 0x7fbc2776ea10>
2025-11-26 11:51:23,855 - Knowledge - INFO - persist ingested knowledge for /app/data/T0015/270588/b1256qt/universalinit-270588/src/universalinit/templates/vue/tsconfig.node.json
2025-11-26 11:51:24,169 - Knowledge - INFO - [MONGODB_OP] Completed: persist, Collection: file_info, Duration: 108ms
2025-11-26 11:51:24,531 - Knowledge - INFO - [REDIS_OP] Completed: store_embedding, Key: src/universalinit/templates/vue/tsconfig.node.json, Duration: 190ms
2025-11-26 11:51:24,699 - Knowledge - INFO - persist search terms embedding for src/universalinit/templates/vue/tsconfig.node.json
2025-11-26 11:51:24,859 - Knowledge - INFO - process ingested knowledge for /app/data/T0015/270588/b1256qt/universalinit-270588/src/universalinit/templates/vue/tsconfig.node.json
2025-11-26 11:51:25,087 - Knowledge - INFO - Found code-base-name: https://github.com/kavia-common/universalinit-270588.git:kavia-Add-Lightningjs-Template
2025-11-26 11:51:25,241 - Knowledge - INFO - Found code_base: <app.utils.kg_build.knowledge.KnowledgeCodeBase object at 0x7fbc2776ea10>
2025-11-26 11:51:25,461 - Knowledge - INFO - Found code-base-name: https://github.com/kavia-common/universalinit-270588.git:kavia-Add-Lightningjs-Template
2025-11-26 11:51:25,650 - Knowledge - INFO - Found code_base: <app.utils.kg_build.knowledge.KnowledgeCodeBase object at 0x7fbc2776ea10>
2025-11-26 11:51:25,816 - Knowledge - INFO - persist ingested knowledge for /app/data/T0015/270588/b1256qt/universalinit-270588/test/test_flask_template.py
2025-11-26 11:51:26,108 - Knowledge - INFO - [MONGODB_OP] Completed: persist, Collection: file_info, Duration: 101ms
2025-11-26 11:51:26,586 - Knowledge - INFO - [REDIS_OP] Completed: store_embedding, Key: test/test_flask_template.py, Duration: 304ms
2025-11-26 11:51:26,734 - Knowledge - INFO - persist search terms embedding for test/test_flask_template.py
2025-11-26 11:51:26,898 - Knowledge - INFO - process ingested knowledge for /app/data/T0015/270588/b1256qt/universalinit-270588/test/test_flask_template.py
2025-11-26 11:51:27,070 - Knowledge - INFO - Found code-base-name: https://github.com/kavia-common/universalinit-270588.git:kavia-Add-Lightningjs-Template
2025-11-26 11:51:27,266 - Knowledge - INFO - Found code_base: <app.utils.kg_build.knowledge.KnowledgeCodeBase object at 0x7fbc2776ea10>
2025-11-26 11:51:27,493 - Knowledge - INFO - Found code-base-name: https://github.com/kavia-common/universalinit-270588.git:kavia-Add-Lightningjs-Template
2025-11-26 11:51:27,675 - Knowledge - INFO - Found code_base: <app.utils.kg_build.knowledge.KnowledgeCodeBase object at 0x7fbc2776ea10>
2025-11-26 11:51:27,908 - Knowledge - INFO - persist ingested knowledge for /app/data/T0015/270588/b1256qt/universalinit-270588/src/universalinit/templates/qwik/public/manifest.json
2025-11-26 11:51:28,169 - Knowledge - INFO - [MONGODB_OP] Completed: persist, Collection: file_info, Duration: 93ms
2025-11-26 11:51:28,580 - Knowledge - INFO - [REDIS_OP] Completed: store_embedding, Key: src/universalinit/templates/qwik/public/manifest.json, Duration: 234ms
2025-11-26 11:51:28,754 - Knowledge - INFO - persist search terms embedding for src/universalinit/templates/qwik/public/manifest.json
2025-11-26 11:51:28,919 - Knowledge - INFO - process ingested knowledge for /app/data/T0015/270588/b1256qt/universalinit-270588/src/universalinit/templates/qwik/public/manifest.json
2025-11-26 11:51:29,063 - Knowledge - INFO - Found code-base-name: https://github.com/kavia-common/universalinit-270588.git:kavia-Add-Lightningjs-Template
2025-11-26 11:51:29,214 - Knowledge - INFO - Found code_base: <app.utils.kg_build.knowledge.KnowledgeCodeBase object at 0x7fbc2776ea10>
2025-11-26 11:51:29,431 - Knowledge - INFO - Found code-base-name: https://github.com/kavia-common/universalinit-270588.git:kavia-Add-Lightningjs-Template
2025-11-26 11:51:29,579 - Knowledge - INFO - Found code_base: <app.utils.kg_build.knowledge.KnowledgeCodeBase object at 0x7fbc2776ea10>
2025-11-26 11:51:29,748 - Knowledge - INFO - persist ingested knowledge for /app/data/T0015/270588/b1256qt/universalinit-270588/src/universalinit/templates/vue/src/main.ts
2025-11-26 11:51:30,084 - Knowledge - INFO - [MONGODB_OP] Completed: persist, Collection: file_info, Duration: 100ms
2025-11-26 11:51:30,454 - Knowledge - INFO - [REDIS_OP] Completed: store_embedding, Key: src/universalinit/templates/vue/src/main.ts, Duration: 214ms
2025-11-26 11:51:30,619 - Knowledge - INFO - persist search terms embedding for src/universalinit/templates/vue/src/main.ts
2025-11-26 11:51:30,818 - Knowledge - INFO - process ingested knowledge for /app/data/T0015/270588/b1256qt/universalinit-270588/src/universalinit/templates/vue/src/main.ts
2025-11-26 11:51:30,971 - Knowledge - INFO - Found code-base-name: https://github.com/kavia-common/universalinit-270588.git:kavia-Add-Lightningjs-Template
2025-11-26 11:51:31,167 - Knowledge - INFO - Found code_base: <app.utils.kg_build.knowledge.KnowledgeCodeBase object at 0x7fbc2776ea10>
2025-11-26 11:51:31,413 - Knowledge - INFO - Found code-base-name: https://github.com/kavia-common/universalinit-270588.git:kavia-Add-Lightningjs-Template
2025-11-26 11:51:31,604 - Knowledge - INFO - Found code_base: <app.utils.kg_build.knowledge.KnowledgeCodeBase object at 0x7fbc2776ea10>
2025-11-26 11:51:31,753 - Knowledge - INFO - persist ingested knowledge for /app/data/T0015/270588/b1256qt/universalinit-270588/src/universalinit/templates/qwik/src/routes/service-worker.ts
2025-11-26 11:51:32,013 - Knowledge - INFO - [MONGODB_OP] Completed: persist, Collection: file_info, Duration: 93ms
2025-11-26 11:51:32,393 - Knowledge - INFO - [REDIS_OP] Completed: store_embedding, Key: src/universalinit/templates/qwik/src/routes/service-worker.ts, Duration: 192ms
2025-11-26 11:51:32,566 - Knowledge - INFO - persist search terms embedding for src/universalinit/templates/qwik/src/routes/service-worker.ts
2025-11-26 11:51:32,751 - Knowledge - INFO - process ingested knowledge for /app/data/T0015/270588/b1256qt/universalinit-270588/src/universalinit/templates/qwik/src/routes/service-worker.ts
2025-11-26 11:51:32,904 - Knowledge - INFO - Found code-base-name: https://github.com/kavia-common/universalinit-270588.git:kavia-Add-Lightningjs-Template
2025-11-26 11:51:33,052 - Knowledge - INFO - Found code_base: <app.utils.kg_build.knowledge.KnowledgeCodeBase object at 0x7fbc2776ea10>
2025-11-26 11:51:33,324 - Knowledge - INFO - Found code-base-name: https://github.com/kavia-common/universalinit-270588.git:kavia-Add-Lightningjs-Template
2025-11-26 11:51:33,501 - Knowledge - INFO - Found code_base: <app.utils.kg_build.knowledge.KnowledgeCodeBase object at 0x7fbc2776ea10>
2025-11-26 11:51:33,697 - Knowledge - INFO - persist ingested knowledge for /app/data/T0015/270588/b1256qt/universalinit-270588/src/universalinit/templates/flutter/test/widget_test.dart
2025-11-26 11:51:33,989 - Knowledge - INFO - [MONGODB_OP] Completed: persist, Collection: file_info, Duration: 142ms
2025-11-26 11:51:34,448 - Knowledge - INFO - [REDIS_OP] Completed: store_embedding, Key: src/universalinit/templates/flutter/test/widget_test.dart, Duration: 249ms
2025-11-26 11:51:34,620 - Knowledge - INFO - persist search terms embedding for src/universalinit/templates/flutter/test/widget_test.dart
2025-11-26 11:51:34,821 - Knowledge - INFO - process ingested knowledge for /app/data/T0015/270588/b1256qt/universalinit-270588/src/universalinit/templates/flutter/test/widget_test.dart
2025-11-26 11:51:35,039 - Knowledge - INFO - Found code-base-name: https://github.com/kavia-common/universalinit-270588.git:kavia-Add-Lightningjs-Template
2025-11-26 11:51:35,198 - Knowledge - INFO - Found code_base: <app.utils.kg_build.knowledge.KnowledgeCodeBase object at 0x7fbc2776ea10>
2025-11-26 11:51:35,441 - Knowledge - INFO - Found code-base-name: https://github.com/kavia-common/universalinit-270588.git:kavia-Add-Lightningjs-Template
2025-11-26 11:51:35,619 - Knowledge - INFO - Found code_base: <app.utils.kg_build.knowledge.KnowledgeCodeBase object at 0x7fbc2776ea10>
2025-11-26 11:51:35,809 - Knowledge - INFO - persist ingested knowledge for /app/data/T0015/270588/b1256qt/universalinit-270588/src/universalinit/templates/remix/package.json
2025-11-26 11:51:36,138 - Knowledge - INFO - [MONGODB_OP] Completed: persist, Collection: file_info, Duration: 128ms
2025-11-26 11:51:36,687 - Knowledge - INFO - [REDIS_OP] Completed: store_embedding, Key: src/universalinit/templates/remix/package.json, Duration: 334ms
2025-11-26 11:51:36,872 - Knowledge - INFO - persist search terms embedding for src/universalinit/templates/remix/package.json
2025-11-26 11:51:37,099 - Knowledge - INFO - process ingested knowledge for /app/data/T0015/270588/b1256qt/universalinit-270588/src/universalinit/templates/remix/package.json
2025-11-26 11:51:37,262 - Knowledge - INFO - Found code-base-name: https://github.com/kavia-common/universalinit-270588.git:kavia-Add-Lightningjs-Template
2025-11-26 11:51:37,406 - Knowledge - INFO - Found code_base: <app.utils.kg_build.knowledge.KnowledgeCodeBase object at 0x7fbc2776ea10>
2025-11-26 11:51:37,666 - Knowledge - INFO - Found code-base-name: https://github.com/kavia-common/universalinit-270588.git:kavia-Add-Lightningjs-Template
2025-11-26 11:51:37,874 - Knowledge - INFO - Found code_base: <app.utils.kg_build.knowledge.KnowledgeCodeBase object at 0x7fbc2776ea10>
2025-11-26 11:51:38,046 - Knowledge - INFO - persist ingested knowledge for /app/data/T0015/270588/b1256qt/universalinit-270588/src/universalinit/templates/remix/app/entry.client.tsx
2025-11-26 11:51:38,312 - Knowledge - INFO - [MONGODB_OP] Completed: persist, Collection: file_info, Duration: 96ms
2025-11-26 11:51:38,775 - Knowledge - INFO - [REDIS_OP] Completed: store_embedding, Key: src/universalinit/templates/remix/app/entry.client.tsx, Duration: 285ms
2025-11-26 11:51:38,952 - Knowledge - INFO - persist search terms embedding for src/universalinit/templates/remix/app/entry.client.tsx
2025-11-26 11:51:39,184 - Knowledge - INFO - process ingested knowledge for /app/data/T0015/270588/b1256qt/universalinit-270588/src/universalinit/templates/remix/app/entry.client.tsx
2025-11-26 11:51:39,385 - Knowledge - INFO - Found code-base-name: https://github.com/kavia-common/universalinit-270588.git:kavia-Add-Lightningjs-Template
2025-11-26 11:51:39,557 - Knowledge - INFO - Found code_base: <app.utils.kg_build.knowledge.KnowledgeCodeBase object at 0x7fbc2776ea10>
2025-11-26 11:51:39,866 - Knowledge - INFO - Found code-base-name: https://github.com/kavia-common/universalinit-270588.git:kavia-Add-Lightningjs-Template
2025-11-26 11:51:40,062 - Knowledge - INFO - Found code_base: <app.utils.kg_build.knowledge.KnowledgeCodeBase object at 0x7fbc2776ea10>
2025-11-26 11:51:40,210 - Knowledge - INFO - persist ingested knowledge for /app/data/T0015/270588/b1256qt/universalinit-270588/src/universalinit/templates/angular/src/app/app.component.spec.ts
2025-11-26 11:51:40,489 - Knowledge - INFO - [MONGODB_OP] Completed: persist, Collection: file_info, Duration: 90ms
2025-11-26 11:51:40,985 - Knowledge - INFO - [REDIS_OP] Completed: store_embedding, Key: src/universalinit/templates/angular/src/app/app.component.spec.ts, Duration: 260ms
2025-11-26 11:51:41,169 - Knowledge - INFO - persist search terms embedding for src/universalinit/templates/angular/src/app/app.component.spec.ts
2025-11-26 11:51:41,339 - Knowledge - INFO - process ingested knowledge for /app/data/T0015/270588/b1256qt/universalinit-270588/src/universalinit/templates/angular/src/app/app.component.spec.ts
2025-11-26 11:51:41,520 - Knowledge - INFO - Found code-base-name: https://github.com/kavia-common/universalinit-270588.git:kavia-Add-Lightningjs-Template
2025-11-26 11:51:41,719 - Knowledge - INFO - Found code_base: <app.utils.kg_build.knowledge.KnowledgeCodeBase object at 0x7fbc2776ea10>
2025-11-26 11:51:41,993 - Knowledge - INFO - Found code-base-name: https://github.com/kavia-common/universalinit-270588.git:kavia-Add-Lightningjs-Template
2025-11-26 11:51:42,180 - Knowledge - INFO - Found code_base: <app.utils.kg_build.knowledge.KnowledgeCodeBase object at 0x7fbc2776ea10>
2025-11-26 11:51:42,326 - Knowledge - INFO - persist ingested knowledge for /app/data/T0015/270588/b1256qt/universalinit-270588/src/universalinit/templates/nativescript/App_Resources/Android/src/main/res/drawable/ic_launcher_foreground.xml
2025-11-26 11:51:42,664 - Knowledge - INFO - [MONGODB_OP] Completed: persist, Collection: file_info, Duration: 104ms
2025-11-26 11:51:43,057 - Knowledge - INFO - [REDIS_OP] Completed: store_embedding, Key: src/universalinit/templates/nativescript/App_Resources/Android/src/main/res/drawable/ic_launcher_foreground.xml, Duration: 244ms
2025-11-26 11:51:43,201 - Knowledge - INFO - persist search terms embedding for src/universalinit/templates/nativescript/App_Resources/Android/src/main/res/drawable/ic_launcher_foreground.xml
2025-11-26 11:51:43,406 - Knowledge - INFO - process ingested knowledge for /app/data/T0015/270588/b1256qt/universalinit-270588/src/universalinit/templates/nativescript/App_Resources/Android/src/main/res/drawable/ic_launcher_foreground.xml
2025-11-26 11:51:43,603 - Knowledge - INFO - Found code-base-name: https://github.com/kavia-common/universalinit-270588.git:kavia-Add-Lightningjs-Template
2025-11-26 11:51:43,781 - Knowledge - INFO - Found code_base: <app.utils.kg_build.knowledge.KnowledgeCodeBase object at 0x7fbc2776ea10>
2025-11-26 11:51:44,022 - Knowledge - INFO - Found code-base-name: https://github.com/kavia-common/universalinit-270588.git:kavia-Add-Lightningjs-Template
2025-11-26 11:51:44,230 - Knowledge - INFO - Found code_base: <app.utils.kg_build.knowledge.KnowledgeCodeBase object at 0x7fbc2776ea10>
2025-11-26 11:51:44,418 - Knowledge - INFO - persist ingested knowledge for /app/data/T0015/270588/b1256qt/universalinit-270588/src/universalinit/templates/express/src/middleware/index.js
2025-11-26 11:51:44,694 - Knowledge - INFO - [MONGODB_OP] Completed: persist, Collection: file_info, Duration: 104ms
2025-11-26 11:51:45,136 - Knowledge - INFO - [REDIS_OP] Completed: store_embedding, Key: src/universalinit/templates/express/src/middleware/index.js, Duration: 280ms
2025-11-26 11:51:45,326 - Knowledge - INFO - persist search terms embedding for src/universalinit/templates/express/src/middleware/index.js
2025-11-26 11:51:45,544 - Knowledge - INFO - process ingested knowledge for /app/data/T0015/270588/b1256qt/universalinit-270588/src/universalinit/templates/express/src/middleware/index.js
2025-11-26 11:51:45,736 - Knowledge - INFO - Found code-base-name: https://github.com/kavia-common/universalinit-270588.git:kavia-Add-Lightningjs-Template
2025-11-26 11:51:45,887 - Knowledge - INFO - Found code_base: <app.utils.kg_build.knowledge.KnowledgeCodeBase object at 0x7fbc2776ea10>
2025-11-26 11:51:46,171 - Knowledge - INFO - Found code-base-name: https://github.com/kavia-common/universalinit-270588.git:kavia-Add-Lightningjs-Template
2025-11-26 11:51:46,356 - Knowledge - INFO - Found code_base: <app.utils.kg_build.knowledge.KnowledgeCodeBase object at 0x7fbc2776ea10>
2025-11-26 11:51:46,514 - Knowledge - INFO - persist ingested knowledge for /app/data/T0015/270588/b1256qt/universalinit-270588/src/universalinit/templates/remotion/src/HelloWorld/constants.ts
2025-11-26 11:51:46,791 - Knowledge - INFO - [MONGODB_OP] Completed: persist, Collection: file_info, Duration: 94ms
2025-11-26 11:51:47,220 - Knowledge - INFO - [REDIS_OP] Completed: store_embedding, Key: src/universalinit/templates/remotion/src/HelloWorld/constants.ts, Duration: 242ms
2025-11-26 11:51:47,426 - Knowledge - INFO - persist search terms embedding for src/universalinit/templates/remotion/src/HelloWorld/constants.ts
2025-11-26 11:51:47,569 - Knowledge - INFO - process ingested knowledge for /app/data/T0015/270588/b1256qt/universalinit-270588/src/universalinit/templates/remotion/src/HelloWorld/constants.ts
2025-11-26 11:51:47,799 - Knowledge - INFO - Found code-base-name: https://github.com/kavia-common/universalinit-270588.git:kavia-Add-Lightningjs-Template
2025-11-26 11:51:47,954 - Knowledge - INFO - Found code_base: <app.utils.kg_build.knowledge.KnowledgeCodeBase object at 0x7fbc2776ea10>
2025-11-26 11:51:48,264 - Knowledge - INFO - Found code-base-name: https://github.com/kavia-common/universalinit-270588.git:kavia-Add-Lightningjs-Template
2025-11-26 11:51:48,412 - Knowledge - INFO - Found code_base: <app.utils.kg_build.knowledge.KnowledgeCodeBase object at 0x7fbc2776ea10>
2025-11-26 11:51:48,594 - Knowledge - INFO - persist ingested knowledge for /app/data/T0015/270588/b1256qt/universalinit-270588/src/universalinit/templates/svelte/eslint.config.js
2025-11-26 11:51:48,856 - Knowledge - INFO - [MONGODB_OP] Completed: persist, Collection: file_info, Duration: 114ms
2025-11-26 11:51:49,253 - Knowledge - INFO - [REDIS_OP] Completed: store_embedding, Key: src/universalinit/templates/svelte/eslint.config.js, Duration: 218ms
2025-11-26 11:51:49,426 - Knowledge - INFO - persist search terms embedding for src/universalinit/templates/svelte/eslint.config.js
2025-11-26 11:51:49,605 - Knowledge - INFO - process ingested knowledge for /app/data/T0015/270588/b1256qt/universalinit-270588/src/universalinit/templates/svelte/eslint.config.js
2025-11-26 11:51:49,782 - Knowledge - INFO - Found code-base-name: https://github.com/kavia-common/universalinit-270588.git:kavia-Add-Lightningjs-Template
2025-11-26 11:51:49,963 - Knowledge - INFO - Found code_base: <app.utils.kg_build.knowledge.KnowledgeCodeBase object at 0x7fbc2776ea10>
2025-11-26 11:51:50,246 - Knowledge - INFO - Found code-base-name: https://github.com/kavia-common/universalinit-270588.git:kavia-Add-Lightningjs-Template
2025-11-26 11:51:50,392 - Knowledge - INFO - Found code_base: <app.utils.kg_build.knowledge.KnowledgeCodeBase object at 0x7fbc2776ea10>
2025-11-26 11:51:50,560 - Knowledge - INFO - persist ingested knowledge for /app/data/T0015/270588/b1256qt/universalinit-270588/src/universalinit/templates/nativescript/nativescript.config.ts
2025-11-26 11:51:50,865 - Knowledge - INFO - [MONGODB_OP] Completed: persist, Collection: file_info, Duration: 108ms
2025-11-26 11:51:51,335 - Knowledge - INFO - [REDIS_OP] Completed: store_embedding, Key: src/universalinit/templates/nativescript/nativescript.config.ts, Duration: 272ms
2025-11-26 11:51:51,492 - Knowledge - INFO - persist search terms embedding for src/universalinit/templates/nativescript/nativescript.config.ts
2025-11-26 11:51:51,666 - Knowledge - INFO - process ingested knowledge for /app/data/T0015/270588/b1256qt/universalinit-270588/src/universalinit/templates/nativescript/nativescript.config.ts
2025-11-26 11:51:51,858 - Knowledge - INFO - Found code-base-name: https://github.com/kavia-common/universalinit-270588.git:kavia-Add-Lightningjs-Template
2025-11-26 11:51:52,058 - Knowledge - INFO - Found code_base: <app.utils.kg_build.knowledge.KnowledgeCodeBase object at 0x7fbc2776ea10>
2025-11-26 11:51:52,341 - Knowledge - INFO - Found code-base-name: https://github.com/kavia-common/universalinit-270588.git:kavia-Add-Lightningjs-Template
2025-11-26 11:51:52,542 - Knowledge - INFO - Found code_base: <app.utils.kg_build.knowledge.KnowledgeCodeBase object at 0x7fbc2776ea10>
2025-11-26 11:51:52,766 - Knowledge - INFO - persist ingested knowledge for /app/data/T0015/270588/b1256qt/universalinit-270588/test/test_astro_template.py
2025-11-26 11:51:53,025 - Knowledge - INFO - [MONGODB_OP] Completed: persist, Collection: file_info, Duration: 92ms
2025-11-26 11:51:53,473 - Knowledge - INFO - [REDIS_OP] Completed: store_embedding, Key: test/test_astro_template.py, Duration: 271ms
2025-11-26 11:51:53,637 - Knowledge - INFO - persist search terms embedding for test/test_astro_template.py
2025-11-26 11:51:53,803 - Knowledge - INFO - process ingested knowledge for /app/data/T0015/270588/b1256qt/universalinit-270588/test/test_astro_template.py
2025-11-26 11:51:53,969 - Knowledge - INFO - Found code-base-name: https://github.com/kavia-common/universalinit-270588.git:kavia-Add-Lightningjs-Template
2025-11-26 11:51:54,182 - Knowledge - INFO - Found code_base: <app.utils.kg_build.knowledge.KnowledgeCodeBase object at 0x7fbc2776ea10>
2025-11-26 11:51:54,435 - Knowledge - INFO - Found code-base-name: https://github.com/kavia-common/universalinit-270588.git:kavia-Add-Lightningjs-Template
2025-11-26 11:51:54,651 - Knowledge - INFO - Found code_base: <app.utils.kg_build.knowledge.KnowledgeCodeBase object at 0x7fbc2776ea10>
2025-11-26 11:51:54,798 - Knowledge - INFO - persist ingested knowledge for /app/data/T0015/270588/b1256qt/universalinit-270588/src/universalinit/templates/kotlin/app/src/main/res/values/themes.xml
2025-11-26 11:51:55,094 - Knowledge - INFO - [MONGODB_OP] Completed: persist, Collection: file_info, Duration: 93ms
2025-11-26 11:51:55,555 - Knowledge - INFO - [REDIS_OP] Completed: store_embedding, Key: src/universalinit/templates/kotlin/app/src/main/res/values/themes.xml, Duration: 279ms
2025-11-26 11:51:55,703 - Knowledge - INFO - persist search terms embedding for src/universalinit/templates/kotlin/app/src/main/res/values/themes.xml
2025-11-26 11:51:55,945 - Knowledge - INFO - process ingested knowledge for /app/data/T0015/270588/b1256qt/universalinit-270588/src/universalinit/templates/kotlin/app/src/main/res/values/themes.xml
2025-11-26 11:51:56,183 - Knowledge - INFO - Found code-base-name: https://github.com/kavia-common/universalinit-270588.git:kavia-Add-Lightningjs-Template
2025-11-26 11:51:56,376 - Knowledge - INFO - Found code_base: <app.utils.kg_build.knowledge.KnowledgeCodeBase object at 0x7fbc2776ea10>
2025-11-26 11:51:56,640 - Knowledge - INFO - Found code-base-name: https://github.com/kavia-common/universalinit-270588.git:kavia-Add-Lightningjs-Template
2025-11-26 11:51:56,792 - Knowledge - INFO - Found code_base: <app.utils.kg_build.knowledge.KnowledgeCodeBase object at 0x7fbc2776ea10>
2025-11-26 11:51:57,017 - Knowledge - INFO - persist ingested knowledge for /app/data/T0015/270588/b1256qt/universalinit-270588/src/universalinit/templates/svelte/config.yml
2025-11-26 11:51:57,344 - Knowledge - INFO - [MONGODB_OP] Completed: persist, Collection: file_info, Duration: 107ms
2025-11-26 11:51:57,795 - Knowledge - INFO - [REDIS_OP] Completed: store_embedding, Key: src/universalinit/templates/svelte/config.yml, Duration: 238ms
2025-11-26 11:51:57,929 - Knowledge - INFO - persist search terms embedding for src/universalinit/templates/svelte/config.yml
2025-11-26 11:51:58,074 - Knowledge - INFO - process ingested knowledge for /app/data/T0015/270588/b1256qt/universalinit-270588/src/universalinit/templates/svelte/config.yml
2025-11-26 11:51:58,248 - Knowledge - INFO - Found code-base-name: https://github.com/kavia-common/universalinit-270588.git:kavia-Add-Lightningjs-Template
2025-11-26 11:51:58,404 - Knowledge - INFO - Found code_base: <app.utils.kg_build.knowledge.KnowledgeCodeBase object at 0x7fbc2776ea10>
2025-11-26 11:51:58,663 - Knowledge - INFO - Found code-base-name: https://github.com/kavia-common/universalinit-270588.git:kavia-Add-Lightningjs-Template
2025-11-26 11:51:58,839 - Knowledge - INFO - Found code_base: <app.utils.kg_build.knowledge.KnowledgeCodeBase object at 0x7fbc2776ea10>
2025-11-26 11:51:58,998 - Knowledge - INFO - persist ingested knowledge for /app/data/T0015/270588/b1256qt/universalinit-270588/src/universalinit/templates/remix/app/entry.server.tsx
2025-11-26 11:51:59,298 - Knowledge - INFO - [MONGODB_OP] Completed: persist, Collection: file_info, Duration: 104ms
2025-11-26 11:51:59,722 - Knowledge - INFO - [REDIS_OP] Completed: store_embedding, Key: src/universalinit/templates/remix/app/entry.server.tsx, Duration: 243ms
2025-11-26 11:51:59,902 - Knowledge - INFO - persist search terms embedding for src/universalinit/templates/remix/app/entry.server.tsx
2025-11-26 11:52:00,076 - Knowledge - INFO - process ingested knowledge for /app/data/T0015/270588/b1256qt/universalinit-270588/src/universalinit/templates/remix/app/entry.server.tsx
2025-11-26 11:52:00,212 - Knowledge - INFO - Found code-base-name: https://github.com/kavia-common/universalinit-270588.git:kavia-Add-Lightningjs-Template
2025-11-26 11:52:00,378 - Knowledge - INFO - Found code_base: <app.utils.kg_build.knowledge.KnowledgeCodeBase object at 0x7fbc2776ea10>
2025-11-26 11:52:00,611 - Knowledge - INFO - Found code-base-name: https://github.com/kavia-common/universalinit-270588.git:kavia-Add-Lightningjs-Template
2025-11-26 11:52:00,786 - Knowledge - INFO - Found code_base: <app.utils.kg_build.knowledge.KnowledgeCodeBase object at 0x7fbc2776ea10>
2025-11-26 11:52:00,940 - Knowledge - INFO - persist ingested knowledge for /app/data/T0015/270588/b1256qt/universalinit-270588/src/universalinit/templates/remotion/package.json
2025-11-26 11:52:01,261 - Knowledge - INFO - [MONGODB_OP] Completed: persist, Collection: file_info, Duration: 94ms
2025-11-26 11:52:01,735 - Knowledge - INFO - [REDIS_OP] Completed: store_embedding, Key: src/universalinit/templates/remotion/package.json, Duration: 306ms
2025-11-26 11:52:01,886 - Knowledge - INFO - persist search terms embedding for src/universalinit/templates/remotion/package.json
2025-11-26 11:52:02,056 - Knowledge - INFO - process ingested knowledge for /app/data/T0015/270588/b1256qt/universalinit-270588/src/universalinit/templates/remotion/package.json
2025-11-26 11:52:02,259 - Knowledge - INFO - Found code-base-name: https://github.com/kavia-common/universalinit-270588.git:kavia-Add-Lightningjs-Template
2025-11-26 11:52:02,439 - Knowledge - INFO - Found code_base: <app.utils.kg_build.knowledge.KnowledgeCodeBase object at 0x7fbc2776ea10>
2025-11-26 11:52:02,696 - Knowledge - INFO - Found code-base-name: https://github.com/kavia-common/universalinit-270588.git:kavia-Add-Lightningjs-Template
2025-11-26 11:52:02,887 - Knowledge - INFO - Found code_base: <app.utils.kg_build.knowledge.KnowledgeCodeBase object at 0x7fbc2776ea10>
2025-11-26 11:52:03,094 - Knowledge - INFO - persist ingested knowledge for /app/data/T0015/270588/b1256qt/universalinit-270588/src/universalinit/templates.py
2025-11-26 11:52:03,359 - Knowledge - INFO - [MONGODB_OP] Completed: persist, Collection: file_info, Duration: 93ms
2025-11-26 11:52:03,797 - Knowledge - INFO - [REDIS_OP] Completed: store_embedding, Key: src/universalinit/templates.py, Duration: 280ms
2025-11-26 11:52:03,948 - Knowledge - INFO - persist search terms embedding for src/universalinit/templates.py
2025-11-26 11:52:04,139 - Knowledge - INFO - process ingested knowledge for /app/data/T0015/270588/b1256qt/universalinit-270588/src/universalinit/templates.py
2025-11-26 11:52:04,333 - Knowledge - INFO - Found code-base-name: https://github.com/kavia-common/universalinit-270588.git:kavia-Add-Lightningjs-Template
2025-11-26 11:52:04,532 - Knowledge - INFO - Found code_base: <app.utils.kg_build.knowledge.KnowledgeCodeBase object at 0x7fbc2776ea10>
2025-11-26 11:52:04,808 - Knowledge - INFO - Found code-base-name: https://github.com/kavia-common/universalinit-270588.git:kavia-Add-Lightningjs-Template
2025-11-26 11:52:04,992 - Knowledge - INFO - Found code_base: <app.utils.kg_build.knowledge.KnowledgeCodeBase object at 0x7fbc2776ea10>
2025-11-26 11:52:05,176 - Knowledge - INFO - persist ingested knowledge for /app/data/T0015/270588/b1256qt/universalinit-270588/src/universalinit/templates/django/config.yml
2025-11-26 11:52:05,412 - Knowledge - INFO - [MONGODB_OP] Completed: persist, Collection: file_info, Duration: 92ms
2025-11-26 11:52:05,908 - Knowledge - INFO - [REDIS_OP] Completed: store_embedding, Key: src/universalinit/templates/django/config.yml, Duration: 304ms
2025-11-26 11:52:06,118 - Knowledge - INFO - persist search terms embedding for src/universalinit/templates/django/config.yml
2025-11-26 11:52:06,337 - Knowledge - INFO - process ingested knowledge for /app/data/T0015/270588/b1256qt/universalinit-270588/src/universalinit/templates/django/config.yml
2025-11-26 11:52:06,550 - Knowledge - INFO - Found code-base-name: https://github.com/kavia-common/universalinit-270588.git:kavia-Add-Lightningjs-Template
2025-11-26 11:52:06,725 - Knowledge - INFO - Found code_base: <app.utils.kg_build.knowledge.KnowledgeCodeBase object at 0x7fbc2776ea10>
2025-11-26 11:52:06,996 - Knowledge - INFO - Found code-base-name: https://github.com/kavia-common/universalinit-270588.git:kavia-Add-Lightningjs-Template
2025-11-26 11:52:07,169 - Knowledge - INFO - Found code_base: <app.utils.kg_build.knowledge.KnowledgeCodeBase object at 0x7fbc2776ea10>
2025-11-26 11:52:07,362 - Knowledge - INFO - persist ingested knowledge for /app/data/T0015/270588/b1256qt/universalinit-270588/src/universalinit/templates/react/src/index.js
2025-11-26 11:52:07,634 - Knowledge - INFO - [MONGODB_OP] Completed: persist, Collection: file_info, Duration: 90ms
2025-11-26 11:52:08,027 - Knowledge - INFO - [REDIS_OP] Completed: store_embedding, Key: src/universalinit/templates/react/src/index.js, Duration: 243ms
2025-11-26 11:52:08,198 - Knowledge - INFO - persist search terms embedding for src/universalinit/templates/react/src/index.js
2025-11-26 11:52:08,364 - Knowledge - INFO - process ingested knowledge for /app/data/T0015/270588/b1256qt/universalinit-270588/src/universalinit/templates/react/src/index.js
2025-11-26 11:52:08,523 - Knowledge - INFO - Found code-base-name: https://github.com/kavia-common/universalinit-270588.git:kavia-Add-Lightningjs-Template
2025-11-26 11:52:08,690 - Knowledge - INFO - Found code_base: <app.utils.kg_build.knowledge.KnowledgeCodeBase object at 0x7fbc2776ea10>
2025-11-26 11:52:08,949 - Knowledge - INFO - Found code-base-name: https://github.com/kavia-common/universalinit-270588.git:kavia-Add-Lightningjs-Template
2025-11-26 11:52:09,144 - Knowledge - INFO - Found code_base: <app.utils.kg_build.knowledge.KnowledgeCodeBase object at 0x7fbc2776ea10>
2025-11-26 11:52:09,345 - Knowledge - INFO - persist ingested knowledge for /app/data/T0015/270588/b1256qt/universalinit-270588/src/universalinit/templates/lightningjs/src/components/Loader.ts
2025-11-26 11:52:09,654 - Knowledge - INFO - [MONGODB_OP] Completed: persist, Collection: file_info, Duration: 101ms
2025-11-26 11:52:10,065 - Knowledge - INFO - [REDIS_OP] Completed: store_embedding, Key: src/universalinit/templates/lightningjs/src/components/Loader.ts, Duration: 216ms
2025-11-26 11:52:10,273 - Knowledge - INFO - persist search terms embedding for src/universalinit/templates/lightningjs/src/components/Loader.ts
2025-11-26 11:52:10,484 - Knowledge - INFO - process ingested knowledge for /app/data/T0015/270588/b1256qt/universalinit-270588/src/universalinit/templates/lightningjs/src/components/Loader.ts
2025-11-26 11:52:10,660 - Knowledge - INFO - Found code-base-name: https://github.com/kavia-common/universalinit-270588.git:kavia-Add-Lightningjs-Template
2025-11-26 11:52:10,860 - Knowledge - INFO - Found code_base: <app.utils.kg_build.knowledge.KnowledgeCodeBase object at 0x7fbc2776ea10>
2025-11-26 11:52:11,190 - Knowledge - INFO - Found code-base-name: https://github.com/kavia-common/universalinit-270588.git:kavia-Add-Lightningjs-Template
2025-11-26 11:52:11,383 - Knowledge - INFO - Found code_base: <app.utils.kg_build.knowledge.KnowledgeCodeBase object at 0x7fbc2776ea10>
2025-11-26 11:52:11,591 - Knowledge - INFO - persist ingested knowledge for /app/data/T0015/270588/b1256qt/universalinit-270588/src/universalinit/templates/django/api/urls.py
2025-11-26 11:52:11,832 - Knowledge - INFO - [MONGODB_OP] Completed: persist, Collection: file_info, Duration: 93ms
2025-11-26 11:52:12,522 - Knowledge - INFO - [REDIS_OP] Completed: store_embedding, Key: src/universalinit/templates/django/api/urls.py, Duration: 534ms
2025-11-26 11:52:12,725 - Knowledge - INFO - persist search terms embedding for src/universalinit/templates/django/api/urls.py
2025-11-26 11:52:12,882 - Knowledge - INFO - process ingested knowledge for /app/data/T0015/270588/b1256qt/universalinit-270588/src/universalinit/templates/django/api/urls.py
2025-11-26 11:52:13,068 - Knowledge - INFO - Found code-base-name: https://github.com/kavia-common/universalinit-270588.git:kavia-Add-Lightningjs-Template
2025-11-26 11:52:13,259 - Knowledge - INFO - Found code_base: <app.utils.kg_build.knowledge.KnowledgeCodeBase object at 0x7fbc2776ea10>
 2025-11-26 11:52:13,534 - Knowledge - INFO - Found code-base-name: https://github.com/kavia-common/universalinit-270588.git:kavia-Add-Lightningjs-Template
2025-11-26 11:52:13,740 - Knowledge - INFO - Found code_base: <app.utils.kg_build.knowledge.KnowledgeCodeBase object at 0x7fbc2776ea10>
2025-11-26 11:52:13,921 - Knowledge - INFO - persist ingested knowledge for /app/data/T0015/270588/b1256qt/universalinit-270588/src/universalinit/templates/kotlin/app/src/main/res/navigation/nav_graph.xml
2025-11-26 11:52:14,168 - Knowledge - INFO - [MONGODB_OP] Completed: persist, Collection: file_info, Duration: 82ms
2025-11-26 11:52:14,611 - Knowledge - INFO - [REDIS_OP] Completed: store_embedding, Key: src/universalinit/templates/kotlin/app/src/main/res/navigation/nav_graph.xml, Duration: 254ms
2025-11-26 11:52:14,819 - Knowledge - INFO - persist search terms embedding for src/universalinit/templates/kotlin/app/src/main/res/navigation/nav_graph.xml
2025-11-26 11:52:14,995 - Knowledge - INFO - process ingested knowledge for /app/data/T0015/270588/b1256qt/universalinit-270588/src/universalinit/templates/kotlin/app/src/main/res/navigation/nav_graph.xml
2025-11-26 11:52:15,154 - Knowledge - INFO - Found code-base-name: https://github.com/kavia-common/universalinit-270588.git:kavia-Add-Lightningjs-Template
2025-11-26 11:52:15,344 - Knowledge - INFO - Found code_base: <app.utils.kg_build.knowledge.KnowledgeCodeBase object at 0x7fbc2776ea10>
2025-11-26 11:52:15,573 - Knowledge - INFO - Found code-base-name: https://github.com/kavia-common/universalinit-270588.git:kavia-Add-Lightningjs-Template
2025-11-26 11:52:15,755 - Knowledge - INFO - Found code_base: <app.utils.kg_build.knowledge.KnowledgeCodeBase object at 0x7fbc2776ea10>
2025-11-26 11:52:15,946 - Knowledge - INFO - persist ingested knowledge for /app/data/T0015/270588/b1256qt/universalinit-270588/src/universalinit/templates/nativescript/App_Resources/iOS/Assets.xcassets/AppIcon.appiconset/Contents.json
2025-11-26 11:52:16,258 - Knowledge - INFO - [MONGODB_OP] Completed: persist, Collection: file_info, Duration: 109ms
2025-11-26 11:52:16,782 - Knowledge - INFO - [REDIS_OP] Completed: store_embedding, Key: src/universalinit/templates/nativescript/App_Resources/iOS/Assets.xcassets/AppIcon.appiconset/Contents.json, Duration: 338ms
2025-11-26 11:52:16,967 - Knowledge - INFO - persist search terms embedding for src/universalinit/templates/nativescript/App_Resources/iOS/Assets.xcassets/AppIcon.appiconset/Contents.json
2025-11-26 11:52:17,160 - Knowledge - INFO - process ingested knowledge for /app/data/T0015/270588/b1256qt/universalinit-270588/src/universalinit/templates/nativescript/App_Resources/iOS/Assets.xcassets/AppIcon.appiconset/Contents.json
2025-11-26 11:52:17,345 - Knowledge - INFO - Found code-base-name: https://github.com/kavia-common/universalinit-270588.git:kavia-Add-Lightningjs-Template
2025-11-26 11:52:17,503 - Knowledge - INFO - Found code_base: <app.utils.kg_build.knowledge.KnowledgeCodeBase object at 0x7fbc2776ea10>
2025-11-26 11:52:17,774 - Knowledge - INFO - Found code-base-name: https://github.com/kavia-common/universalinit-270588.git:kavia-Add-Lightningjs-Template
2025-11-26 11:52:17,922 - Knowledge - INFO - Found code_base: <app.utils.kg_build.knowledge.KnowledgeCodeBase object at 0x7fbc2776ea10>
2025-11-26 11:52:18,086 - Knowledge - INFO - persist ingested knowledge for /app/data/T0015/270588/b1256qt/universalinit-270588/src/universalinit/templates/nextjs/tsconfig.json
2025-11-26 11:52:18,329 - Knowledge - INFO - [MONGODB_OP] Completed: persist, Collection: file_info, Duration: 98ms
2025-11-26 11:52:18,755 - Knowledge - INFO - [REDIS_OP] Completed: store_embedding, Key: src/universalinit/templates/nextjs/tsconfig.json, Duration: 267ms
2025-11-26 11:52:18,954 - Knowledge - INFO - persist search terms embedding for src/universalinit/templates/nextjs/tsconfig.json
2025-11-26 11:52:19,146 - Knowledge - INFO - process ingested knowledge for /app/data/T0015/270588/b1256qt/universalinit-270588/src/universalinit/templates/nextjs/tsconfig.json
2025-11-26 11:52:19,309 - Knowledge - INFO - Found code-base-name: https://github.com/kavia-common/universalinit-270588.git:kavia-Add-Lightningjs-Template
2025-11-26 11:52:19,479 - Knowledge - INFO - Found code_base: <app.utils.kg_build.knowledge.KnowledgeCodeBase object at 0x7fbc2776ea10>
2025-11-26 11:52:19,705 - Knowledge - INFO - Found code-base-name: https://github.com/kavia-common/universalinit-270588.git:kavia-Add-Lightningjs-Template
2025-11-26 11:52:19,876 - Knowledge - INFO - Found code_base: <app.utils.kg_build.knowledge.KnowledgeCodeBase object at 0x7fbc2776ea10>
2025-11-26 11:52:20,046 - Knowledge - INFO - persist ingested knowledge for /app/data/T0015/270588/b1256qt/universalinit-270588/src/universalinit/templates/django/config/wsgi.py
2025-11-26 11:52:20,327 - Knowledge - INFO - [MONGODB_OP] Completed: persist, Collection: file_info, Duration: 91ms
2025-11-26 11:52:20,692 - Knowledge - INFO - [REDIS_OP] Completed: store_embedding, Key: src/universalinit/templates/django/config/wsgi.py, Duration: 215ms
2025-11-26 11:52:20,868 - Knowledge - INFO - persist search terms embedding for src/universalinit/templates/django/config/wsgi.py
2025-11-26 11:52:21,074 - Knowledge - INFO - process ingested knowledge for /app/data/T0015/270588/b1256qt/universalinit-270588/src/universalinit/templates/django/config/wsgi.py
2025-11-26 11:52:21,224 - Knowledge - INFO - Found code-base-name: https://github.com/kavia-common/universalinit-270588.git:kavia-Add-Lightningjs-Template
2025-11-26 11:52:21,385 - Knowledge - INFO - Found code_base: <app.utils.kg_build.knowledge.KnowledgeCodeBase object at 0x7fbc2776ea10>
2025-11-26 11:52:21,627 - Knowledge - INFO - Found code-base-name: https://github.com/kavia-common/universalinit-270588.git:kavia-Add-Lightningjs-Template
2025-11-26 11:52:21,797 - Knowledge - INFO - Found code_base: <app.utils.kg_build.knowledge.KnowledgeCodeBase object at 0x7fbc2776ea10>
2025-11-26 11:52:21,987 - Knowledge - INFO - persist ingested knowledge for /app/data/T0015/270588/b1256qt/universalinit-270588/src/universalinit/templates/qwik/README.md
2025-11-26 11:52:22,238 - Knowledge - INFO - [MONGODB_OP] Completed: persist, Collection: file_info, Duration: 97ms
2025-11-26 11:52:22,758 - Knowledge - INFO - [REDIS_OP] Completed: store_embedding, Key: src/universalinit/templates/qwik/README.md, Duration: 327ms
2025-11-26 11:52:22,959 - Knowledge - INFO - persist search terms embedding for src/universalinit/templates/qwik/README.md
2025-11-26 11:52:23,113 - Knowledge - INFO - process ingested knowledge for /app/data/T0015/270588/b1256qt/universalinit-270588/src/universalinit/templates/qwik/README.md
2025-11-26 11:52:23,271 - Knowledge - INFO - Found code-base-name: https://github.com/kavia-common/universalinit-270588.git:kavia-Add-Lightningjs-Template
2025-11-26 11:52:23,451 - Knowledge - INFO - Found code_base: <app.utils.kg_build.knowledge.KnowledgeCodeBase object at 0x7fbc2776ea10>
2025-11-26 11:52:23,732 - Knowledge - INFO - Found code-base-name: https://github.com/kavia-common/universalinit-270588.git:kavia-Add-Lightningjs-Template
2025-11-26 11:52:23,901 - Knowledge - INFO - Found code_base: <app.utils.kg_build.knowledge.KnowledgeCodeBase object at 0x7fbc2776ea10>
2025-11-26 11:52:24,059 - Knowledge - INFO - persist ingested knowledge for /app/data/T0015/270588/b1256qt/universalinit-270588/test/test_integration.py
2025-11-26 11:52:24,337 - Knowledge - INFO - [MONGODB_OP] Completed: persist, Collection: file_info, Duration: 85ms
2025-11-26 11:52:24,750 - Knowledge - INFO - [REDIS_OP] Completed: store_embedding, Key: test/test_integration.py, Duration: 267ms
2025-11-26 11:52:24,895 - Knowledge - INFO - persist search terms embedding for test/test_integration.py
2025-11-26 11:52:25,108 - Knowledge - INFO - process ingested knowledge for /app/data/T0015/270588/b1256qt/universalinit-270588/test/test_integration.py
2025-11-26 11:52:25,286 - Knowledge - INFO - Found code-base-name: https://github.com/kavia-common/universalinit-270588.git:kavia-Add-Lightningjs-Template
2025-11-26 11:52:25,477 - Knowledge - INFO - Found code_base: <app.utils.kg_build.knowledge.KnowledgeCodeBase object at 0x7fbc2776ea10>
2025-11-26 11:52:25,734 - Knowledge - INFO - Found code-base-name: https://github.com/kavia-common/universalinit-270588.git:kavia-Add-Lightningjs-Template
2025-11-26 11:52:25,871 - Knowledge - INFO - Found code_base: <app.utils.kg_build.knowledge.KnowledgeCodeBase object at 0x7fbc2776ea10>
2025-11-26 11:52:26,037 - Knowledge - INFO - persist ingested knowledge for /app/data/T0015/270588/b1256qt/universalinit-270588/src/universalinit/templates/qwik/tsconfig.json
2025-11-26 11:52:26,284 - Knowledge - INFO - [MONGODB_OP] Completed: persist, Collection: file_info, Duration: 100ms
2025-11-26 11:52:26,673 - Knowledge - INFO - [REDIS_OP] Completed: store_embedding, Key: src/universalinit/templates/qwik/tsconfig.json, Duration: 205ms
2025-11-26 11:52:26,833 - Knowledge - INFO - persist search terms embedding for src/universalinit/templates/qwik/tsconfig.json
2025-11-26 11:52:26,997 - Knowledge - INFO - process ingested knowledge for /app/data/T0015/270588/b1256qt/universalinit-270588/src/universalinit/templates/qwik/tsconfig.json
2025-11-26 11:52:27,187 - Knowledge - INFO - Found code-base-name: https://github.com/kavia-common/universalinit-270588.git:kavia-Add-Lightningjs-Template
2025-11-26 11:52:27,399 - Knowledge - INFO - Found code_base: <app.utils.kg_build.knowledge.KnowledgeCodeBase object at 0x7fbc2776ea10>
2025-11-26 11:52:27,628 - Knowledge - INFO - Found code-base-name: https://github.com/kavia-common/universalinit-270588.git:kavia-Add-Lightningjs-Template
2025-11-26 11:52:27,841 - Knowledge - INFO - Found code_base: <app.utils.kg_build.knowledge.KnowledgeCodeBase object at 0x7fbc2776ea10>
2025-11-26 11:52:27,990 - Knowledge - INFO - persist ingested knowledge for /app/data/T0015/270588/b1256qt/universalinit-270588/src/universalinit/templates/qwik/src/components/starter/gauge/index.tsx
2025-11-26 11:52:28,264 - Knowledge - INFO - [MONGODB_OP] Completed: persist, Collection: file_info, Duration: 96ms
2025-11-26 11:52:28,679 - Knowledge - INFO - [REDIS_OP] Completed: store_embedding, Key: src/universalinit/templates/qwik/src/components/starter/gauge/index.tsx, Duration: 234ms
2025-11-26 11:52:28,913 - Knowledge - INFO - persist search terms embedding for src/universalinit/templates/qwik/src/components/starter/gauge/index.tsx
2025-11-26 11:52:29,059 - Knowledge - INFO - process ingested knowledge for /app/data/T0015/270588/b1256qt/universalinit-270588/src/universalinit/templates/qwik/src/components/starter/gauge/index.tsx
2025-11-26 11:52:29,212 - Knowledge - INFO - Found code-base-name: https://github.com/kavia-common/universalinit-270588.git:kavia-Add-Lightningjs-Template
2025-11-26 11:52:29,446 - Knowledge - INFO - Found code_base: <app.utils.kg_build.knowledge.KnowledgeCodeBase object at 0x7fbc2776ea10>
2025-11-26 11:52:29,705 - Knowledge - INFO - Found code-base-name: https://github.com/kavia-common/universalinit-270588.git:kavia-Add-Lightningjs-Template
2025-11-26 11:52:29,862 - Knowledge - INFO - Found code_base: <app.utils.kg_build.knowledge.KnowledgeCodeBase object at 0x7fbc2776ea10>
2025-11-26 11:52:30,011 - Knowledge - INFO - persist ingested knowledge for /app/data/T0015/270588/b1256qt/universalinit-270588/src/universalinit/templates/nextjs/README.md
2025-11-26 11:52:30,308 - Knowledge - INFO - [MONGODB_OP] Completed: persist, Collection: file_info, Duration: 119ms
2025-11-26 11:52:30,767 - Knowledge - INFO - [REDIS_OP] Completed: store_embedding, Key: src/universalinit/templates/nextjs/README.md, Duration: 267ms
2025-11-26 11:52:30,936 - Knowledge - INFO - persist search terms embedding for src/universalinit/templates/nextjs/README.md
2025-11-26 11:52:31,133 - Knowledge - INFO - process ingested knowledge for /app/data/T0015/270588/b1256qt/universalinit-270588/src/universalinit/templates/nextjs/README.md
2025-11-26 11:52:31,328 - Knowledge - INFO - Found code-base-name: https://github.com/kavia-common/universalinit-270588.git:kavia-Add-Lightningjs-Template
2025-11-26 11:52:31,481 - Knowledge - INFO - Found code_base: <app.utils.kg_build.knowledge.KnowledgeCodeBase object at 0x7fbc2776ea10>
2025-11-26 11:52:31,751 - Knowledge - INFO - Found code-base-name: https://github.com/kavia-common/universalinit-270588.git:kavia-Add-Lightningjs-Template
2025-11-26 11:52:31,938 - Knowledge - INFO - Found code_base: <app.utils.kg_build.knowledge.KnowledgeCodeBase object at 0x7fbc2776ea10>
2025-11-26 11:52:32,090 - Knowledge - INFO - persist ingested knowledge for /app/data/T0015/270588/b1256qt/universalinit-270588/src/universalinit/templates/qwik/src/routes/index.tsx
2025-11-26 11:52:32,367 - Knowledge - INFO - [MONGODB_OP] Completed: persist, Collection: file_info, Duration: 86ms
2025-11-26 11:52:32,834 - Knowledge - INFO - [REDIS_OP] Completed: store_embedding, Key: src/universalinit/templates/qwik/src/routes/index.tsx, Duration: 267ms
2025-11-26 11:52:32,975 - Knowledge - INFO - persist search terms embedding for src/universalinit/templates/qwik/src/routes/index.tsx
2025-11-26 11:52:33,126 - Knowledge - INFO - process ingested knowledge for /app/data/T0015/270588/b1256qt/universalinit-270588/src/universalinit/templates/qwik/src/routes/index.tsx
2025-11-26 11:52:33,309 - Knowledge - INFO - Found code-base-name: https://github.com/kavia-common/universalinit-270588.git:kavia-Add-Lightningjs-Template
2025-11-26 11:52:33,534 - Knowledge - INFO - Found code_base: <app.utils.kg_build.knowledge.KnowledgeCodeBase object at 0x7fbc2776ea10>
2025-11-26 11:52:33,778 - Knowledge - INFO - Found code-base-name: https://github.com/kavia-common/universalinit-270588.git:kavia-Add-Lightningjs-Template
2025-11-26 11:52:33,961 - Knowledge - INFO - Found code_base: <app.utils.kg_build.knowledge.KnowledgeCodeBase object at 0x7fbc2776ea10>
2025-11-26 11:52:34,153 - Knowledge - INFO - persist ingested knowledge for /app/data/T0015/270588/b1256qt/universalinit-270588/src/universalinit/templates/express/src/services/health.js
2025-11-26 11:52:34,386 - Knowledge - INFO - [MONGODB_OP] Completed: persist, Collection: file_info, Duration: 92ms
2025-11-26 11:52:34,763 - Knowledge - INFO - [REDIS_OP] Completed: store_embedding, Key: src/universalinit/templates/express/src/services/health.js, Duration: 233ms
2025-11-26 11:52:34,910 - Knowledge - INFO - persist search terms embedding for src/universalinit/templates/express/src/services/health.js
2025-11-26 11:52:35,071 - Knowledge - INFO - process ingested knowledge for /app/data/T0015/270588/b1256qt/universalinit-270588/src/universalinit/templates/express/src/services/health.js
2025-11-26 11:52:35,243 - Knowledge - INFO - Found code-base-name: https://github.com/kavia-common/universalinit-270588.git:kavia-Add-Lightningjs-Template
2025-11-26 11:52:35,408 - Knowledge - INFO - Found code_base: <app.utils.kg_build.knowledge.KnowledgeCodeBase object at 0x7fbc2776ea10>
2025-11-26 11:52:35,652 - Knowledge - INFO - Found code-base-name: https://github.com/kavia-common/universalinit-270588.git:kavia-Add-Lightningjs-Template
2025-11-26 11:52:35,792 - Knowledge - INFO - Found code_base: <app.utils.kg_build.knowledge.KnowledgeCodeBase object at 0x7fbc2776ea10>
2025-11-26 11:52:36,009 - Knowledge - INFO - persist ingested knowledge for /app/data/T0015/270588/b1256qt/universalinit-270588/src/universalinit/templates/svelte/svelte.config.js
2025-11-26 11:52:36,360 - Knowledge - INFO - [MONGODB_OP] Completed: persist, Collection: file_info, Duration: 134ms
2025-11-26 11:52:36,829 - Knowledge - INFO - [REDIS_OP] Completed: store_embedding, Key: src/universalinit/templates/svelte/svelte.config.js, Duration: 259ms
2025-11-26 11:52:36,997 - Knowledge - INFO - persist search terms embedding for src/universalinit/templates/svelte/svelte.config.js
2025-11-26 11:52:37,152 - Knowledge - INFO - process ingested knowledge for /app/data/T0015/270588/b1256qt/universalinit-270588/src/universalinit/templates/svelte/svelte.config.js
2025-11-26 11:52:37,327 - Knowledge - INFO - Found code-base-name: https://github.com/kavia-common/universalinit-270588.git:kavia-Add-Lightningjs-Template
2025-11-26 11:52:37,496 - Knowledge - INFO - Found code_base: <app.utils.kg_build.knowledge.KnowledgeCodeBase object at 0x7fbc2776ea10>
2025-11-26 11:52:37,755 - Knowledge - INFO - Found code-base-name: https://github.com/kavia-common/universalinit-270588.git:kavia-Add-Lightningjs-Template
2025-11-26 11:52:37,917 - Knowledge - INFO - Found code_base: <app.utils.kg_build.knowledge.KnowledgeCodeBase object at 0x7fbc2776ea10>
2025-11-26 11:52:38,083 - Knowledge - INFO - persist ingested knowledge for /app/data/T0015/270588/b1256qt/universalinit-270588/src/universalinit/templates/react/src/index.css
2025-11-26 11:52:38,328 - Knowledge - INFO - [MONGODB_OP] Completed: persist, Collection: file_info, Duration: 96ms
2025-11-26 11:52:38,701 - Knowledge - INFO - [REDIS_OP] Completed: store_embedding, Key: src/universalinit/templates/react/src/index.css, Duration: 222ms
2025-11-26 11:52:38,855 - Knowledge - INFO - persist search terms embedding for src/universalinit/templates/react/src/index.css
2025-11-26 11:52:39,033 - Knowledge - INFO - process ingested knowledge for /app/data/T0015/270588/b1256qt/universalinit-270588/src/universalinit/templates/react/src/index.css
2025-11-26 11:52:39,244 - Knowledge - INFO - Found code-base-name: https://github.com/kavia-common/universalinit-270588.git:kavia-Add-Lightningjs-Template
2025-11-26 11:52:39,411 - Knowledge - INFO - Found code_base: <app.utils.kg_build.knowledge.KnowledgeCodeBase object at 0x7fbc2776ea10>
2025-11-26 11:52:39,652 - Knowledge - INFO - Found code-base-name: https://github.com/kavia-common/universalinit-270588.git:kavia-Add-Lightningjs-Template
2025-11-26 11:52:39,814 - Knowledge - INFO - Found code_base: <app.utils.kg_build.knowledge.KnowledgeCodeBase object at 0x7fbc2776ea10>
2025-11-26 11:52:39,997 - Knowledge - INFO - persist ingested knowledge for /app/data/T0015/270588/b1256qt/universalinit-270588/src/universalinit/templates/kotlin/app/src/main/java/com/example/kotlin/MainActivity.kt
2025-11-26 11:52:40,273 - Knowledge - INFO - [MONGODB_OP] Completed: persist, Collection: file_info, Duration: 88ms
2025-11-26 11:52:40,619 - Knowledge - INFO - [REDIS_OP] Completed: store_embedding, Key: src/universalinit/templates/kotlin/app/src/main/java/com/example/kotlin/MainActivity.kt, Duration: 193ms
2025-11-26 11:52:40,781 - Knowledge - INFO - persist search terms embedding for src/universalinit/templates/kotlin/app/src/main/java/com/example/kotlin/MainActivity.kt
2025-11-26 11:52:41,030 - Knowledge - INFO - process ingested knowledge for /app/data/T0015/270588/b1256qt/universalinit-270588/src/universalinit/templates/kotlin/app/src/main/java/com/example/kotlin/MainActivity.kt
2025-11-26 11:52:41,243 - Knowledge - INFO - Found code-base-name: https://github.com/kavia-common/universalinit-270588.git:kavia-Add-Lightningjs-Template
2025-11-26 11:52:41,431 - Knowledge - INFO - Found code_base: <app.utils.kg_build.knowledge.KnowledgeCodeBase object at 0x7fbc2776ea10>
2025-11-26 11:52:41,728 - Knowledge - INFO - Found code-base-name: https://github.com/kavia-common/universalinit-270588.git:kavia-Add-Lightningjs-Template
2025-11-26 11:52:41,916 - Knowledge - INFO - Found code_base: <app.utils.kg_build.knowledge.KnowledgeCodeBase object at 0x7fbc2776ea10>
2025-11-26 11:52:42,066 - Knowledge - INFO - persist ingested knowledge for /app/data/T0015/270588/b1256qt/universalinit-270588/src/universalinit/templates/nuxt/config.yml
2025-11-26 11:52:42,344 - Knowledge - INFO - [MONGODB_OP] Completed: persist, Collection: file_info, Duration: 105ms
2025-11-26 11:52:42,768 - Knowledge - INFO - [REDIS_OP] Completed: store_embedding, Key: src/universalinit/templates/nuxt/config.yml, Duration: 265ms
2025-11-26 11:52:42,974 - Knowledge - INFO - persist search terms embedding for src/universalinit/templates/nuxt/config.yml
2025-11-26 11:52:43,135 - Knowledge - INFO - process ingested knowledge for /app/data/T0015/270588/b1256qt/universalinit-270588/src/universalinit/templates/nuxt/config.yml
2025-11-26 11:52:43,322 - Knowledge - INFO - Found code-base-name: https://github.com/kavia-common/universalinit-270588.git:kavia-Add-Lightningjs-Template
2025-11-26 11:52:43,455 - Knowledge - INFO - Found code_base: <app.utils.kg_build.knowledge.KnowledgeCodeBase object at 0x7fbc2776ea10>
2025-11-26 11:52:43,720 - Knowledge - INFO - Found code-base-name: https://github.com/kavia-common/universalinit-270588.git:kavia-Add-Lightningjs-Template
2025-11-26 11:52:43,880 - Knowledge - INFO - Found code_base: <app.utils.kg_build.knowledge.KnowledgeCodeBase object at 0x7fbc2776ea10>
2025-11-26 11:52:44,071 - Knowledge - INFO - persist ingested knowledge for /app/data/T0015/270588/b1256qt/universalinit-270588/src/universalinit/templates/react/src/setupTests.js
2025-11-26 11:52:44,328 - Knowledge - INFO - [MONGODB_OP] Completed: persist, Collection: file_info, Duration: 100ms
2025-11-26 11:52:44,721 - Knowledge - INFO - [REDIS_OP] Completed: store_embedding, Key: src/universalinit/templates/react/src/setupTests.js, Duration: 232ms
2025-11-26 11:52:44,896 - Knowledge - INFO - persist search terms embedding for src/universalinit/templates/react/src/setupTests.js
2025-11-26 11:52:45,066 - Knowledge - INFO - process ingested knowledge for /app/data/T0015/270588/b1256qt/universalinit-270588/src/universalinit/templates/react/src/setupTests.js
2025-11-26 11:52:45,245 - Knowledge - INFO - Found code-base-name: https://github.com/kavia-common/universalinit-270588.git:kavia-Add-Lightningjs-Template
2025-11-26 11:52:45,452 - Knowledge - INFO - Found code_base: <app.utils.kg_build.knowledge.KnowledgeCodeBase object at 0x7fbc2776ea10>
2025-11-26 11:52:45,711 - Knowledge - INFO - Found code-base-name: https://github.com/kavia-common/universalinit-270588.git:kavia-Add-Lightningjs-Template
2025-11-26 11:52:45,935 - Knowledge - INFO - Found code_base: <app.utils.kg_build.knowledge.KnowledgeCodeBase object at 0x7fbc2776ea10>
2025-11-26 11:52:46,104 - Knowledge - INFO - persist ingested knowledge for /app/data/T0015/270588/b1256qt/universalinit-270588/src/universalinit/templates/kotlin/app/src/main/res/values/colors.xml
2025-11-26 11:52:46,415 - Knowledge - INFO - [MONGODB_OP] Completed: persist, Collection: file_info, Duration: 85ms
2025-11-26 11:52:46,863 - Knowledge - INFO - [REDIS_OP] Completed: store_embedding, Key: src/universalinit/templates/kotlin/app/src/main/res/values/colors.xml, Duration: 287ms
2025-11-26 11:52:47,072 - Knowledge - INFO - persist search terms embedding for src/universalinit/templates/kotlin/app/src/main/res/values/colors.xml
2025-11-26 11:52:47,294 - Knowledge - INFO - process ingested knowledge for /app/data/T0015/270588/b1256qt/universalinit-270588/src/universalinit/templates/kotlin/app/src/main/res/values/colors.xml
2025-11-26 11:52:47,499 - Knowledge - INFO - Found code-base-name: https://github.com/kavia-common/universalinit-270588.git:kavia-Add-Lightningjs-Template
2025-11-26 11:52:47,674 - Knowledge - INFO - Found code_base: <app.utils.kg_build.knowledge.KnowledgeCodeBase object at 0x7fbc2776ea10>
2025-11-26 11:52:47,948 - Knowledge - INFO - Found code-base-name: https://github.com/kavia-common/universalinit-270588.git:kavia-Add-Lightningjs-Template
2025-11-26 11:52:48,129 - Knowledge - INFO - Found code_base: <app.utils.kg_build.knowledge.KnowledgeCodeBase object at 0x7fbc2776ea10>
2025-11-26 11:52:48,273 - Knowledge - INFO - persist ingested knowledge for /app/data/T0015/270588/b1256qt/universalinit-270588/src/universalinit/templates/astro/package.json
2025-11-26 11:52:48,546 - Knowledge - INFO - [MONGODB_OP] Completed: persist, Collection: file_info, Duration: 116ms
2025-11-26 11:52:49,076 - Knowledge - INFO - [REDIS_OP] Completed: store_embedding, Key: src/universalinit/templates/astro/package.json, Duration: 327ms
2025-11-26 11:52:49,246 - Knowledge - INFO - persist search terms embedding for src/universalinit/templates/astro/package.json
2025-11-26 11:52:49,483 - Knowledge - INFO - process ingested knowledge for /app/data/T0015/270588/b1256qt/universalinit-270588/src/universalinit/templates/astro/package.json
2025-11-26 11:52:49,711 - Knowledge - INFO - Found code-base-name: https://github.com/kavia-common/universalinit-270588.git:kavia-Add-Lightningjs-Template
2025-11-26 11:52:49,890 - Knowledge - INFO - Found code_base: <app.utils.kg_build.knowledge.KnowledgeCodeBase object at 0x7fbc2776ea10>
2025-11-26 11:52:50,182 - Knowledge - INFO - Found code-base-name: https://github.com/kavia-common/universalinit-270588.git:kavia-Add-Lightningjs-Template
2025-11-26 11:52:50,342 - Knowledge - INFO - Found code_base: <app.utils.kg_build.knowledge.KnowledgeCodeBase object at 0x7fbc2776ea10>
2025-11-26 11:52:50,506 - Knowledge - INFO - persist ingested knowledge for /app/data/T0015/270588/b1256qt/universalinit-270588/src/universalinit/templates/angular/eslint.config.mjs
2025-11-26 11:52:50,795 - Knowledge - INFO - [MONGODB_OP] Completed: persist, Collection: file_info, Duration: 101ms
2025-11-26 11:52:51,278 - Knowledge - INFO - [REDIS_OP] Completed: store_embedding, Key: src/universalinit/templates/angular/eslint.config.mjs, Duration: 308ms
2025-11-26 11:52:51,471 - Knowledge - INFO - persist search terms embedding for src/universalinit/templates/angular/eslint.config.mjs
2025-11-26 11:52:51,661 - Knowledge - INFO - process ingested knowledge for /app/data/T0015/270588/b1256qt/universalinit-270588/src/universalinit/templates/angular/eslint.config.mjs
2025-11-26 11:52:51,849 - Knowledge - INFO - Found code-base-name: https://github.com/kavia-common/universalinit-270588.git:kavia-Add-Lightningjs-Template
2025-11-26 11:52:52,028 - Knowledge - INFO - Found code_base: <app.utils.kg_build.knowledge.KnowledgeCodeBase object at 0x7fbc2776ea10>
                                                                                                                                           2025-11-26 11:52:52,281 - Knowledge - INFO - Found code-base-name: https://github.com/kavia-common/universalinit-270588.git:kavia-Add-Lightningjs-Template
2025-11-26 11:52:52,414 - Knowledge - INFO - Found code_base: <app.utils.kg_build.knowledge.KnowledgeCodeBase object at 0x7fbc2776ea10>
2025-11-26 11:52:52,602 - Knowledge - INFO - persist ingested knowledge for /app/data/T0015/270588/b1256qt/universalinit-270588/src/universalinit/templates/vue/src/assets/main.css
2025-11-26 11:52:52,873 - Knowledge - INFO - [MONGODB_OP] Completed: persist, Collection: file_info, Duration: 96ms
2025-11-26 11:52:53,326 - Knowledge - INFO - [REDIS_OP] Completed: store_embedding, Key: src/universalinit/templates/vue/src/assets/main.css, Duration: 300ms
2025-11-26 11:52:53,479 - Knowledge - INFO - persist search terms embedding for src/universalinit/templates/vue/src/assets/main.css
2025-11-26 11:52:53,671 - Knowledge - INFO - process ingested knowledge for /app/data/T0015/270588/b1256qt/universalinit-270588/src/universalinit/templates/vue/src/assets/main.css
2025-11-26 11:52:53,835 - Knowledge - INFO - Found code-base-name: https://github.com/kavia-common/universalinit-270588.git:kavia-Add-Lightningjs-Template
2025-11-26 11:52:54,015 - Knowledge - INFO - Found code_base: <app.utils.kg_build.knowledge.KnowledgeCodeBase object at 0x7fbc2776ea10>
       2025-11-26 11:52:54,297 - Knowledge - INFO - Found code-base-name: https://github.com/kavia-common/universalinit-270588.git:kavia-Add-Lightningjs-Template
2025-11-26 11:52:54,476 - Knowledge - INFO - Found code_base: <app.utils.kg_build.knowledge.KnowledgeCodeBase object at 0x7fbc2776ea10>
2025-11-26 11:52:54,663 - Knowledge - INFO - persist ingested knowledge for /app/data/T0015/270588/b1256qt/universalinit-270588/src/universalinit/templates/react/config.yml
2025-11-26 11:52:54,985 - Knowledge - INFO - [MONGODB_OP] Completed: persist, Collection: file_info, Duration: 116ms
2025-11-26 11:52:55,537 - Knowledge - INFO - [REDIS_OP] Completed: store_embedding, Key: src/universalinit/templates/react/config.yml, Duration: 392ms
2025-11-26 11:52:55,722 - Knowledge - INFO - persist search terms embedding for src/universalinit/templates/react/config.yml
2025-11-26 11:52:55,886 - Knowledge - INFO - process ingested knowledge for /app/data/T0015/270588/b1256qt/universalinit-270588/src/universalinit/templates/react/config.yml
2025-11-26 11:52:56,105 - Knowledge - INFO - Found code-base-name: https://github.com/kavia-common/universalinit-270588.git:kavia-Add-Lightningjs-Template
2025-11-26 11:52:56,283 - Knowledge - INFO - Found code_base: <app.utils.kg_build.knowledge.KnowledgeCodeBase object at 0x7fbc2776ea10>
                     2025-11-26 11:52:56,544 - Knowledge - INFO - Found code-base-name: https://github.com/kavia-common/universalinit-270588.git:kavia-Add-Lightningjs-Template
2025-11-26 11:52:56,740 - Knowledge - INFO - Found code_base: <app.utils.kg_build.knowledge.KnowledgeCodeBase object at 0x7fbc2776ea10>
2025-11-26 11:52:56,882 - Knowledge - INFO - persist ingested knowledge for /app/data/T0015/270588/b1256qt/universalinit-270588/src/universalinit/templates/express/swagger.js
2025-11-26 11:52:57,162 - Knowledge - INFO - [MONGODB_OP] Completed: persist, Collection: file_info, Duration: 94ms
2025-11-26 11:52:57,823 - Knowledge - INFO - [REDIS_OP] Completed: store_embedding, Key: src/universalinit/templates/express/swagger.js, Duration: 423ms
2025-11-26 11:52:58,034 - Knowledge - INFO - persist search terms embedding for src/universalinit/templates/express/swagger.js
2025-11-26 11:52:58,190 - Knowledge - INFO - process ingested knowledge for /app/data/T0015/270588/b1256qt/universalinit-270588/src/universalinit/templates/express/swagger.js
2025-11-26 11:52:58,357 - Knowledge - INFO - Found code-base-name: https://github.com/kavia-common/universalinit-270588.git:kavia-Add-Lightningjs-Template
2025-11-26 11:52:58,528 - Knowledge - INFO - Found code_base: <app.utils.kg_build.knowledge.KnowledgeCodeBase object at 0x7fbc2776ea10>
2025-11-26 11:52:58,779 - Knowledge - INFO - Found code-base-name: https://github.com/kavia-common/universalinit-270588.git:kavia-Add-Lightningjs-Template
2025-11-26 11:52:58,981 - Knowledge - INFO - Found code_base: <app.utils.kg_build.knowledge.KnowledgeCodeBase object at 0x7fbc2776ea10>
2025-11-26 11:52:59,161 - Knowledge - INFO - persist ingested knowledge for /app/data/T0015/270588/b1256qt/universalinit-270588/src/universalinit/templates/vite/tsconfig.json
2025-11-26 11:52:59,421 - Knowledge - INFO - [MONGODB_OP] Completed: persist, Collection: file_info, Duration: 91ms
2025-11-26 11:52:59,974 - Knowledge - INFO - [REDIS_OP] Completed: store_embedding, Key: src/universalinit/templates/vite/tsconfig.json, Duration: 347ms
2025-11-26 11:53:00,202 - Knowledge - INFO - persist search terms embedding for src/universalinit/templates/vite/tsconfig.json
2025-11-26 11:53:00,365 - Knowledge - INFO - process ingested knowledge for /app/data/T0015/270588/b1256qt/universalinit-270588/src/universalinit/templates/vite/tsconfig.json
2025-11-26 11:53:00,572 - Knowledge - INFO - Found code-base-name: https://github.com/kavia-common/universalinit-270588.git:kavia-Add-Lightningjs-Template
2025-11-26 11:53:00,749 - Knowledge - INFO - Found code_base: <app.utils.kg_build.knowledge.KnowledgeCodeBase object at 0x7fbc2776ea10>
2025-11-26 11:53:01,042 - Knowledge - INFO - Found code-base-name: https://github.com/kavia-common/universalinit-270588.git:kavia-Add-Lightningjs-Template
2025-11-26 11:53:01,265 - Knowledge - INFO - Found code_base: <app.utils.kg_build.knowledge.KnowledgeCodeBase object at 0x7fbc2776ea10>
2025-11-26 11:53:01,447 - Knowledge - INFO - persist ingested knowledge for /app/data/T0015/270588/b1256qt/universalinit-270588/src/universalinit/templates/express/src/routes/index.js
2025-11-26 11:53:01,766 - Knowledge - INFO - [MONGODB_OP] Completed: persist, Collection: file_info, Duration: 133ms
2025-11-26 11:53:02,176 - Knowledge - INFO - [REDIS_OP] Completed: store_embedding, Key: src/universalinit/templates/express/src/routes/index.js, Duration: 252ms
2025-11-26 11:53:02,378 - Knowledge - INFO - persist search terms embedding for src/universalinit/templates/express/src/routes/index.js
2025-11-26 11:53:02,564 - Knowledge - INFO - process ingested knowledge for /app/data/T0015/270588/b1256qt/universalinit-270588/src/universalinit/templates/express/src/routes/index.js
2025-11-26 11:53:02,721 - Knowledge - INFO - Found code-base-name: https://github.com/kavia-common/universalinit-270588.git:kavia-Add-Lightningjs-Template
2025-11-26 11:53:02,904 - Knowledge - INFO - Found code_base: <app.utils.kg_build.knowledge.KnowledgeCodeBase object at 0x7fbc2776ea10>
2025-11-26 11:53:03,174 - Knowledge - INFO - Found code-base-name: https://github.com/kavia-common/universalinit-270588.git:kavia-Add-Lightningjs-Template
2025-11-26 11:53:03,359 - Knowledge - INFO - Found code_base: <app.utils.kg_build.knowledge.KnowledgeCodeBase object at 0x7fbc2776ea10>
2025-11-26 11:53:03,540 - Knowledge - INFO - persist ingested knowledge for /app/data/T0015/270588/b1256qt/universalinit-270588/src/universalinit/templates/nativescript/App_Resources/Android/before-plugins.gradle
2025-11-26 11:53:03,820 - Knowledge - INFO - [MONGODB_OP] Completed: persist, Collection: file_info, Duration: 96ms
2025-11-26 11:53:04,323 - Knowledge - INFO - [REDIS_OP] Completed: store_embedding, Key: src/universalinit/templates/nativescript/App_Resources/Android/before-plugins.gradle, Duration: 277ms
2025-11-26 11:53:04,498 - Knowledge - INFO - persist search terms embedding for src/universalinit/templates/nativescript/App_Resources/Android/before-plugins.gradle
2025-11-26 11:53:04,702 - Knowledge - INFO - process ingested knowledge for /app/data/T0015/270588/b1256qt/universalinit-270588/src/universalinit/templates/nativescript/App_Resources/Android/before-plugins.gradle
2025-11-26 11:53:04,888 - Knowledge - INFO - Found code-base-name: https://github.com/kavia-common/universalinit-270588.git:kavia-Add-Lightningjs-Template
2025-11-26 11:53:05,084 - Knowledge - INFO - Found code_base: <app.utils.kg_build.knowledge.KnowledgeCodeBase object at 0x7fbc2776ea10>
2025-11-26 11:53:05,346 - Knowledge - INFO - Found code-base-name: https://github.com/kavia-common/universalinit-270588.git:kavia-Add-Lightningjs-Template
2025-11-26 11:53:05,571 - Knowledge - INFO - Found code_base: <app.utils.kg_build.knowledge.KnowledgeCodeBase object at 0x7fbc2776ea10>
2025-11-26 11:53:05,741 - Knowledge - INFO - persist ingested knowledge for /app/data/T0015/270588/b1256qt/universalinit-270588/test/test_remix_template.py
2025-11-26 11:53:06,042 - Knowledge - INFO - [MONGODB_OP] Completed: persist, Collection: file_info, Duration: 118ms
2025-11-26 11:53:06,476 - Knowledge - INFO - [REDIS_OP] Completed: store_embedding, Key: test/test_remix_template.py, Duration: 256ms
2025-11-26 11:53:06,631 - Knowledge - INFO - persist search terms embedding for test/test_remix_template.py
2025-11-26 11:53:06,815 - Knowledge - INFO - process ingested knowledge for /app/data/T0015/270588/b1256qt/universalinit-270588/test/test_remix_template.py
2025-11-26 11:53:06,981 - Knowledge - INFO - Found code-base-name: https://github.com/kavia-common/universalinit-270588.git:kavia-Add-Lightningjs-Template
2025-11-26 11:53:07,157 - Knowledge - INFO - Found code_base: <app.utils.kg_build.knowledge.KnowledgeCodeBase object at 0x7fbc2776ea10>
2025-11-26 11:53:07,405 - Knowledge - INFO - Found code-base-name: https://github.com/kavia-common/universalinit-270588.git:kavia-Add-Lightningjs-Template
2025-11-26 11:53:07,570 - Knowledge - INFO - Found code_base: <app.utils.kg_build.knowledge.KnowledgeCodeBase object at 0x7fbc2776ea10>
2025-11-26 11:53:07,741 - Knowledge - INFO - persist ingested knowledge for /app/data/T0015/270588/b1256qt/universalinit-270588/src/universalinit/templates/remotion/src/Root.tsx
2025-11-26 11:53:08,004 - Knowledge - INFO - [MONGODB_OP] Completed: persist, Collection: file_info, Duration: 108ms
2025-11-26 11:53:08,410 - Knowledge - INFO - [REDIS_OP] Completed: store_embedding, Key: src/universalinit/templates/remotion/src/Root.tsx, Duration: 259ms
2025-11-26 11:53:08,562 - Knowledge - INFO - persist search terms embedding for src/universalinit/templates/remotion/src/Root.tsx
2025-11-26 11:53:08,772 - Knowledge - INFO - process ingested knowledge for /app/data/T0015/270588/b1256qt/universalinit-270588/src/universalinit/templates/remotion/src/Root.tsx
2025-11-26 11:53:08,935 - Knowledge - INFO - Found code-base-name: https://github.com/kavia-common/universalinit-270588.git:kavia-Add-Lightningjs-Template
2025-11-26 11:53:09,133 - Knowledge - INFO - Found code_base: <app.utils.kg_build.knowledge.KnowledgeCodeBase object at 0x7fbc2776ea10>
2025-11-26 11:53:09,363 - Knowledge - INFO - Found code-base-name: https://github.com/kavia-common/universalinit-270588.git:kavia-Add-Lightningjs-Template
2025-11-26 11:53:09,552 - Knowledge - INFO - Found code_base: <app.utils.kg_build.knowledge.KnowledgeCodeBase object at 0x7fbc2776ea10>
2025-11-26 11:53:09,710 - Knowledge - INFO - persist ingested knowledge for /app/data/T0015/270588/b1256qt/universalinit-270588/src/universalinit/templates/django/config/urls.py
2025-11-26 11:53:10,034 - Knowledge - INFO - [MONGODB_OP] Completed: persist, Collection: file_info, Duration: 107ms
2025-11-26 11:53:10,446 - Knowledge - INFO - [REDIS_OP] Completed: store_embedding, Key: src/universalinit/templates/django/config/urls.py, Duration: 223ms
2025-11-26 11:53:10,619 - Knowledge - INFO - persist search terms embedding for src/universalinit/templates/django/config/urls.py
2025-11-26 11:53:10,776 - Knowledge - INFO - process ingested knowledge for /app/data/T0015/270588/b1256qt/universalinit-270588/src/universalinit/templates/django/config/urls.py
2025-11-26 11:53:10,937 - Knowledge - INFO - Found code-base-name: https://github.com/kavia-common/universalinit-270588.git:kavia-Add-Lightningjs-Template
2025-11-26 11:53:11,108 - Knowledge - INFO - Found code_base: <app.utils.kg_build.knowledge.KnowledgeCodeBase object at 0x7fbc2776ea10>
2025-11-26 11:53:11,376 - Knowledge - INFO - Found code-base-name: https://github.com/kavia-common/universalinit-270588.git:kavia-Add-Lightningjs-Template
2025-11-26 11:53:11,556 - Knowledge - INFO - Found code_base: <app.utils.kg_build.knowledge.KnowledgeCodeBase object at 0x7fbc2776ea10>
2025-11-26 11:53:11,697 - Knowledge - INFO - persist ingested knowledge for /app/data/T0015/270588/b1256qt/universalinit-270588/src/universalinit/templates/lightningjs/src/index.ts
2025-11-26 11:53:11,988 - Knowledge - INFO - [MONGODB_OP] Completed: persist, Collection: file_info, Duration: 98ms
2025-11-26 11:53:12,475 - Knowledge - INFO - [REDIS_OP] Completed: store_embedding, Key: src/universalinit/templates/lightningjs/src/index.ts, Duration: 319ms
2025-11-26 11:53:12,659 - Knowledge - INFO - persist search terms embedding for src/universalinit/templates/lightningjs/src/index.ts
2025-11-26 11:53:12,827 - Knowledge - INFO - process ingested knowledge for /app/data/T0015/270588/b1256qt/universalinit-270588/src/universalinit/templates/lightningjs/src/index.ts
2025-11-26 11:53:13,038 - Knowledge - INFO - Found code-base-name: https://github.com/kavia-common/universalinit-270588.git:kavia-Add-Lightningjs-Template
2025-11-26 11:53:13,211 - Knowledge - INFO - Found code_base: <app.utils.kg_build.knowledge.KnowledgeCodeBase object at 0x7fbc2776ea10>
2025-11-26 11:53:13,470 - Knowledge - INFO - Found code-base-name: https://github.com/kavia-common/universalinit-270588.git:kavia-Add-Lightningjs-Template
2025-11-26 11:53:13,660 - Knowledge - INFO - Found code_base: <app.utils.kg_build.knowledge.KnowledgeCodeBase object at 0x7fbc2776ea10>
2025-11-26 11:53:13,842 - Knowledge - INFO - persist ingested knowledge for /app/data/T0015/270588/b1256qt/universalinit-270588/src/universalinit/templates/django/requirements.txt
2025-11-26 11:53:14,094 - Knowledge - INFO - [MONGODB_OP] Completed: persist, Collection: file_info, Duration: 102ms
2025-11-26 11:53:14,757 - Knowledge - INFO - [REDIS_OP] Completed: store_embedding, Key: src/universalinit/templates/django/requirements.txt, Duration: 512ms
2025-11-26 11:53:14,970 - Knowledge - INFO - persist search terms embedding for src/universalinit/templates/django/requirements.txt
2025-11-26 11:53:15,121 - Knowledge - INFO - process ingested knowledge for /app/data/T0015/270588/b1256qt/universalinit-270588/src/universalinit/templates/django/requirements.txt
2025-11-26 11:53:15,267 - Knowledge - INFO - Found code-base-name: https://github.com/kavia-common/universalinit-270588.git:kavia-Add-Lightningjs-Template
2025-11-26 11:53:15,464 - Knowledge - INFO - Found code_base: <app.utils.kg_build.knowledge.KnowledgeCodeBase object at 0x7fbc2776ea10>
2025-11-26 11:53:15,738 - Knowledge - INFO - Found code-base-name: https://github.com/kavia-common/universalinit-270588.git:kavia-Add-Lightningjs-Template
2025-11-26 11:53:15,934 - Knowledge - INFO - Found code_base: <app.utils.kg_build.knowledge.KnowledgeCodeBase object at 0x7fbc2776ea10>
2025-11-26 11:53:16,102 - Knowledge - INFO - persist ingested knowledge for /app/data/T0015/270588/b1256qt/universalinit-270588/src/universalinit/templates/lightningjs/src/pages/Home.ts
2025-11-26 11:53:16,402 - Knowledge - INFO - [MONGODB_OP] Completed: persist, Collection: file_info, Duration: 139ms
2025-11-26 11:53:16,867 - Knowledge - INFO - [REDIS_OP] Completed: store_embedding, Key: src/universalinit/templates/lightningjs/src/pages/Home.ts, Duration: 275ms
2025-11-26 11:53:17,002 - Knowledge - INFO - persist search terms embedding for src/universalinit/templates/lightningjs/src/pages/Home.ts
2025-11-26 11:53:17,190 - Knowledge - INFO - process ingested knowledge for /app/data/T0015/270588/b1256qt/universalinit-270588/src/universalinit/templates/lightningjs/src/pages/Home.ts
2025-11-26 11:53:17,409 - Knowledge - INFO - Found code-base-name: https://github.com/kavia-common/universalinit-270588.git:kavia-Add-Lightningjs-Template
2025-11-26 11:53:17,605 - Knowledge - INFO - Found code_base: <app.utils.kg_build.knowledge.KnowledgeCodeBase object at 0x7fbc2776ea10>
2025-11-26 11:53:17,840 - Knowledge - INFO - Found code-base-name: https://github.com/kavia-common/universalinit-270588.git:kavia-Add-Lightningjs-Template
2025-11-26 11:53:18,016 - Knowledge - INFO - Found code_base: <app.utils.kg_build.knowledge.KnowledgeCodeBase object at 0x7fbc2776ea10>
2025-11-26 11:53:18,217 - Knowledge - INFO - persist ingested knowledge for /app/data/T0015/270588/b1256qt/universalinit-270588/README.md
2025-11-26 11:53:18,490 - Knowledge - INFO - [MONGODB_OP] Completed: persist, Collection: file_info, Duration: 92ms
2025-11-26 11:53:18,958 - Knowledge - INFO - [REDIS_OP] Completed: store_embedding, Key: README.md, Duration: 282ms
2025-11-26 11:53:19,137 - Knowledge - INFO - persist search terms embedding for README.md
2025-11-26 11:53:19,332 - Knowledge - INFO - process ingested knowledge for /app/data/T0015/270588/b1256qt/universalinit-270588/README.md
2025-11-26 11:53:19,499 - Knowledge - INFO - Found code-base-name: https://github.com/kavia-common/universalinit-270588.git:kavia-Add-Lightningjs-Template
2025-11-26 11:53:19,656 - Knowledge - INFO - Found code_base: <app.utils.kg_build.knowledge.KnowledgeCodeBase object at 0x7fbc2776ea10>
2025-11-26 11:53:19,924 - Knowledge - INFO - Found code-base-name: https://github.com/kavia-common/universalinit-270588.git:kavia-Add-Lightningjs-Template
2025-11-26 11:53:20,132 - Knowledge - INFO - Found code_base: <app.utils.kg_build.knowledge.KnowledgeCodeBase object at 0x7fbc2776ea10>
2025-11-26 11:53:20,328 - Knowledge - INFO - persist ingested knowledge for /app/data/T0015/270588/b1256qt/universalinit-270588/src/universalinit/templates/flask/run.py
2025-11-26 11:53:20,637 - Knowledge - INFO - [MONGODB_OP] Completed: persist, Collection: file_info, Duration: 91ms
2025-11-26 11:53:21,117 - Knowledge - INFO - [REDIS_OP] Completed: store_embedding, Key: src/universalinit/templates/flask/run.py, Duration: 288ms
2025-11-26 11:53:21,302 - Knowledge - INFO - persist search terms embedding for src/universalinit/templates/flask/run.py
2025-11-26 11:53:21,478 - Knowledge - INFO - process ingested knowledge for /app/data/T0015/270588/b1256qt/universalinit-270588/src/universalinit/templates/flask/run.py
2025-11-26 11:53:21,638 - Knowledge - INFO - Found code-base-name: https://github.com/kavia-common/universalinit-270588.git:kavia-Add-Lightningjs-Template
2025-11-26 11:53:21,789 - Knowledge - INFO - Found code_base: <app.utils.kg_build.knowledge.KnowledgeCodeBase object at 0x7fbc2776ea10>
2025-11-26 11:53:22,029 - Knowledge - INFO - Found code-base-name: https://github.com/kavia-common/universalinit-270588.git:kavia-Add-Lightningjs-Template
2025-11-26 11:53:22,228 - Knowledge - INFO - Found code_base: <app.utils.kg_build.knowledge.KnowledgeCodeBase object at 0x7fbc2776ea10>
2025-11-26 11:53:22,427 - Knowledge - INFO - persist ingested knowledge for /app/data/T0015/270588/b1256qt/universalinit-270588/src/universalinit/templates/angular/src/server.ts
2025-11-26 11:53:22,725 - Knowledge - INFO - [MONGODB_OP] Completed: persist, Collection: file_info, Duration: 116ms
2025-11-26 11:53:23,238 - Knowledge - INFO - [REDIS_OP] Completed: store_embedding, Key: src/universalinit/templates/angular/src/server.ts, Duration: 349ms
2025-11-26 11:53:23,454 - Knowledge - INFO - persist search terms embedding for src/universalinit/templates/angular/src/server.ts
2025-11-26 11:53:23,644 - Knowledge - INFO - process ingested knowledge for /app/data/T0015/270588/b1256qt/universalinit-270588/src/universalinit/templates/angular/src/server.ts
2025-11-26 11:53:23,833 - Knowledge - INFO - Found code-base-name: https://github.com/kavia-common/universalinit-270588.git:kavia-Add-Lightningjs-Template
2025-11-26 11:53:23,986 - Knowledge - INFO - Found code_base: <app.utils.kg_build.knowledge.KnowledgeCodeBase object at 0x7fbc2776ea10>
2025-11-26 11:53:24,223 - Knowledge - INFO - Found code-base-name: https://github.com/kavia-common/universalinit-270588.git:kavia-Add-Lightningjs-Template
2025-11-26 11:53:24,411 - Knowledge - INFO - Found code_base: <app.utils.kg_build.knowledge.KnowledgeCodeBase object at 0x7fbc2776ea10>
2025-11-26 11:53:24,570 - Knowledge - INFO - persist ingested knowledge for /app/data/T0015/270588/b1256qt/universalinit-270588/src/universalinit/templates/slidev/config.yml
2025-11-26 11:53:24,872 - Knowledge - INFO - [MONGODB_OP] Completed: persist, Collection: file_info, Duration: 127ms
2025-11-26 11:53:25,298 - Knowledge - INFO - [REDIS_OP] Completed: store_embedding, Key: src/universalinit/templates/slidev/config.yml, Duration: 249ms
2025-11-26 11:53:25,455 - Knowledge - INFO - persist search terms embedding for src/universalinit/templates/slidev/config.yml
2025-11-26 11:53:25,624 - Knowledge - INFO - process ingested knowledge for /app/data/T0015/270588/b1256qt/universalinit-270588/src/universalinit/templates/slidev/config.yml
2025-11-26 11:53:25,775 - Knowledge - INFO - Found code-base-name: https://github.com/kavia-common/universalinit-270588.git:kavia-Add-Lightningjs-Template
2025-11-26 11:53:25,952 - Knowledge - INFO - Found code_base: <app.utils.kg_build.knowledge.KnowledgeCodeBase object at 0x7fbc2776ea10>
2025-11-26 11:53:26,191 - Knowledge - INFO - Found code-base-name: https://github.com/kavia-common/universalinit-270588.git:kavia-Add-Lightningjs-Template
2025-11-26 11:53:26,390 - Knowledge - INFO - Found code_base: <app.utils.kg_build.knowledge.KnowledgeCodeBase object at 0x7fbc2776ea10>
2025-11-26 11:53:26,601 - Knowledge - INFO - persist ingested knowledge for /app/data/T0015/270588/b1256qt/universalinit-270588/src/universalinit/templates/vue/README.md
2025-11-26 11:53:26,866 - Knowledge - INFO - [MONGODB_OP] Completed: persist, Collection: file_info, Duration: 92ms
2025-11-26 11:53:27,329 - Knowledge - INFO - [REDIS_OP] Completed: store_embedding, Key: src/universalinit/templates/vue/README.md, Duration: 270ms
2025-11-26 11:53:27,487 - Knowledge - INFO - persist search terms embedding for src/universalinit/templates/vue/README.md
2025-11-26 11:53:27,657 - Knowledge - INFO - process ingested knowledge for /app/data/T0015/270588/b1256qt/universalinit-270588/src/universalinit/templates/vue/README.md
2025-11-26 11:53:27,838 - Knowledge - INFO - Found code-base-name: https://github.com/kavia-common/universalinit-270588.git:kavia-Add-Lightningjs-Template
2025-11-26 11:53:28,034 - Knowledge - INFO - Found code_base: <app.utils.kg_build.knowledge.KnowledgeCodeBase object at 0x7fbc2776ea10>
2025-11-26 11:53:28,249 - Knowledge - INFO - Found code-base-name: https://github.com/kavia-common/universalinit-270588.git:kavia-Add-Lightningjs-Template
2025-11-26 11:53:28,404 - Knowledge - INFO - Found code_base: <app.utils.kg_build.knowledge.KnowledgeCodeBase object at 0x7fbc2776ea10>
2025-11-26 11:53:28,585 - Knowledge - INFO - persist ingested knowledge for /app/data/T0015/270588/b1256qt/universalinit-270588/src/universalinit/templates/kotlin/app/src/main/res/values/strings.xml
2025-11-26 11:53:28,863 - Knowledge - INFO - [MONGODB_OP] Completed: persist, Collection: file_info, Duration: 88ms
2025-11-26 11:53:29,244 - Knowledge - INFO - [REDIS_OP] Completed: store_embedding, Key: src/universalinit/templates/kotlin/app/src/main/res/values/strings.xml, Duration: 201ms
2025-11-26 11:53:29,430 - Knowledge - INFO - persist search terms embedding for src/universalinit/templates/kotlin/app/src/main/res/values/strings.xml
2025-11-26 11:53:29,614 - Knowledge - INFO - process ingested knowledge for /app/data/T0015/270588/b1256qt/universalinit-270588/src/universalinit/templates/kotlin/app/src/main/res/values/strings.xml
2025-11-26 11:53:29,782 - Knowledge - INFO - Found code-base-name: https://github.com/kavia-common/universalinit-270588.git:kavia-Add-Lightningjs-Template
2025-11-26 11:53:29,940 - Knowledge - INFO - Found code_base: <app.utils.kg_build.knowledge.KnowledgeCodeBase object at 0x7fbc2776ea10>
2025-11-26 11:53:30,203 - Knowledge - INFO - Found code-base-name: https://github.com/kavia-common/universalinit-270588.git:kavia-Add-Lightningjs-Template
2025-11-26 11:53:30,345 - Knowledge - INFO - Found code_base: <app.utils.kg_build.knowledge.KnowledgeCodeBase object at 0x7fbc2776ea10>
2025-11-26 11:53:30,502 - Knowledge - INFO - persist ingested knowledge for /app/data/T0015/270588/b1256qt/universalinit-270588/src/universalinit/templates/express/src/app.js
2025-11-26 11:53:30,787 - Knowledge - INFO - [MONGODB_OP] Completed: persist, Collection: file_info, Duration: 92ms
2025-11-26 11:53:31,258 - Knowledge - INFO - [REDIS_OP] Completed: store_embedding, Key: src/universalinit/templates/express/src/app.js, Duration: 332ms
2025-11-26 11:53:31,446 - Knowledge - INFO - persist search terms embedding for src/universalinit/templates/express/src/app.js
2025-11-26 11:53:31,679 - Knowledge - INFO - process ingested knowledge for /app/data/T0015/270588/b1256qt/universalinit-270588/src/universalinit/templates/express/src/app.js
2025-11-26 11:53:31,854 - Knowledge - INFO - Found code-base-name: https://github.com/kavia-common/universalinit-270588.git:kavia-Add-Lightningjs-Template
2025-11-26 11:53:32,050 - Knowledge - INFO - Found code_base: <app.utils.kg_build.knowledge.KnowledgeCodeBase object at 0x7fbc2776ea10>
2025-11-26 11:53:32,271 - Knowledge - INFO - Found code-base-name: https://github.com/kavia-common/universalinit-270588.git:kavia-Add-Lightningjs-Template
2025-11-26 11:53:32,440 - Knowledge - INFO - Found code_base: <app.utils.kg_build.knowledge.KnowledgeCodeBase object at 0x7fbc2776ea10>
2025-11-26 11:53:32,623 - Knowledge - INFO - persist ingested knowledge for /app/data/T0015/270588/b1256qt/universalinit-270588/src/universalinit/templates/remotion/src/HelloWorld/Atom.tsx
2025-11-26 11:53:32,897 - Knowledge - INFO - [MONGODB_OP] Completed: persist, Collection: file_info, Duration: 93ms
2025-11-26 11:53:33,320 - Knowledge - INFO - [REDIS_OP] Completed: store_embedding, Key: src/universalinit/templates/remotion/src/HelloWorld/Atom.tsx, Duration: 248ms
2025-11-26 11:53:33,502 - Knowledge - INFO - persist search terms embedding for src/universalinit/templates/remotion/src/HelloWorld/Atom.tsx
2025-11-26 11:53:33,668 - Knowledge - INFO - process ingested knowledge for /app/data/T0015/270588/b1256qt/universalinit-270588/src/universalinit/templates/remotion/src/HelloWorld/Atom.tsx
2025-11-26 11:53:33,878 - Knowledge - INFO - Found code-base-name: https://github.com/kavia-common/universalinit-270588.git:kavia-Add-Lightningjs-Template
2025-11-26 11:53:34,065 - Knowledge - INFO - Found code_base: <app.utils.kg_build.knowledge.KnowledgeCodeBase object at 0x7fbc2776ea10>
2025-11-26 11:53:34,287 - Knowledge - INFO - Found code-base-name: https://github.com/kavia-common/universalinit-270588.git:kavia-Add-Lightningjs-Template
2025-11-26 11:53:34,453 - Knowledge - INFO - Found code_base: <app.utils.kg_build.knowledge.KnowledgeCodeBase object at 0x7fbc2776ea10>
2025-11-26 11:53:34,652 - Knowledge - INFO - persist ingested knowledge for /app/data/T0015/270588/b1256qt/universalinit-270588/src/universalinit/templates/qwik/vite.config.ts
2025-11-26 11:53:34,896 - Knowledge - INFO - [MONGODB_OP] Completed: persist, Collection: file_info, Duration: 97ms
2025-11-26 11:53:35,327 - Knowledge - INFO - [REDIS_OP] Completed: store_embedding, Key: src/universalinit/templates/qwik/vite.config.ts, Duration: 267ms
2025-11-26 11:53:35,504 - Knowledge - INFO - persist search terms embedding for src/universalinit/templates/qwik/vite.config.ts
2025-11-26 11:53:35,672 - Knowledge - INFO - process ingested knowledge for /app/data/T0015/270588/b1256qt/universalinit-270588/src/universalinit/templates/qwik/vite.config.ts
2025-11-26 11:53:35,854 - Knowledge - INFO - Found code-base-name: https://github.com/kavia-common/universalinit-270588.git:kavia-Add-Lightningjs-Template
2025-11-26 11:53:35,997 - Knowledge - INFO - Found code_base: <app.utils.kg_build.knowledge.KnowledgeCodeBase object at 0x7fbc2776ea10>
2025-11-26 11:53:36,363 - Knowledge - INFO - Found code-base-name: https://github.com/kavia-common/universalinit-270588.git:kavia-Add-Lightningjs-Template
2025-11-26 11:53:36,531 - Knowledge - INFO - Found code_base: <app.utils.kg_build.knowledge.KnowledgeCodeBase object at 0x7fbc2776ea10>
2025-11-26 11:53:36,673 - Knowledge - INFO - persist ingested knowledge for /app/data/T0015/270588/b1256qt/universalinit-270588/src/universalinit/templates/vue/tsconfig.json
2025-11-26 11:53:36,968 - Knowledge - INFO - [MONGODB_OP] Completed: persist, Collection: file_info, Duration: 114ms
2025-11-26 11:53:37,358 - Knowledge - INFO - [REDIS_OP] Completed: store_embedding, Key: src/universalinit/templates/vue/tsconfig.json, Duration: 243ms
2025-11-26 11:53:37,539 - Knowledge - INFO - persist search terms embedding for src/universalinit/templates/vue/tsconfig.json
2025-11-26 11:53:37,716 - Knowledge - INFO - process ingested knowledge for /app/data/T0015/270588/b1256qt/universalinit-270588/src/universalinit/templates/vue/tsconfig.json
2025-11-26 11:53:37,864 - Knowledge - INFO - Found code-base-name: https://github.com/kavia-common/universalinit-270588.git:kavia-Add-Lightningjs-Template
2025-11-26 11:53:38,026 - Knowledge - INFO - Found code_base: <app.utils.kg_build.knowledge.KnowledgeCodeBase object at 0x7fbc2776ea10>
2025-11-26 11:53:38,260 - Knowledge - INFO - Found code-base-name: https://github.com/kavia-common/universalinit-270588.git:kavia-Add-Lightningjs-Template
2025-11-26 11:53:38,419 - Knowledge - INFO - Found code_base: <app.utils.kg_build.knowledge.KnowledgeCodeBase object at 0x7fbc2776ea10>
2025-11-26 11:53:38,586 - Knowledge - INFO - persist ingested knowledge for /app/data/T0015/270588/b1256qt/universalinit-270588/src/universalinit/templates/kotlin/app/src/androidTest/java/com/example/kotlin/ExampleInstrumentedTest.kt
2025-11-26 11:53:38,872 - Knowledge - INFO - [MONGODB_OP] Completed: persist, Collection: file_info, Duration: 86ms
2025-11-26 11:53:39,318 - Knowledge - INFO - [REDIS_OP] Completed: store_embedding, Key: src/universalinit/templates/kotlin/app/src/androidTest/java/com/example/kotlin/ExampleInstrumentedTest.kt, Duration: 256ms
2025-11-26 11:53:39,536 - Knowledge - INFO - persist search terms embedding for src/universalinit/templates/kotlin/app/src/androidTest/java/com/example/kotlin/ExampleInstrumentedTest.kt
2025-11-26 11:53:39,742 - Knowledge - INFO - process ingested knowledge for /app/data/T0015/270588/b1256qt/universalinit-270588/src/universalinit/templates/kotlin/app/src/androidTest/java/com/example/kotlin/ExampleInstrumentedTest.kt
2025-11-26 11:53:39,924 - Knowledge - INFO - Found code-base-name: https://github.com/kavia-common/universalinit-270588.git:kavia-Add-Lightningjs-Template
2025-11-26 11:53:40,139 - Knowledge - INFO - Found code_base: <app.utils.kg_build.knowledge.KnowledgeCodeBase object at 0x7fbc2776ea10>
2025-11-26 11:53:40,417 - Knowledge - INFO - Found code-base-name: https://github.com/kavia-common/universalinit-270588.git:kavia-Add-Lightningjs-Template
2025-11-26 11:53:40,588 - Knowledge - INFO - Found code_base: <app.utils.kg_build.knowledge.KnowledgeCodeBase object at 0x7fbc2776ea10>
2025-11-26 11:53:40,763 - Knowledge - INFO - persist ingested knowledge for /app/data/T0015/270588/b1256qt/universalinit-270588/src/universalinit/templates/lightningjs/package.json
2025-11-26 11:53:41,020 - Knowledge - INFO - [MONGODB_OP] Completed: persist, Collection: file_info, Duration: 88ms
2025-11-26 11:53:41,514 - Knowledge - INFO - [REDIS_OP] Completed: store_embedding, Key: src/universalinit/templates/lightningjs/package.json, Duration: 308ms
2025-11-26 11:53:41,722 - Knowledge - INFO - persist search terms embedding for src/universalinit/templates/lightningjs/package.json
2025-11-26 11:53:41,887 - Knowledge - INFO - process ingested knowledge for /app/data/T0015/270588/b1256qt/universalinit-270588/src/universalinit/templates/lightningjs/package.json
2025-11-26 11:53:42,110 - Knowledge - INFO - Found code-base-name: https://github.com/kavia-common/universalinit-270588.git:kavia-Add-Lightningjs-Template
2025-11-26 11:53:42,255 - Knowledge - INFO - Found code_base: <app.utils.kg_build.knowledge.KnowledgeCodeBase object at 0x7fbc2776ea10>
2025-11-26 11:53:42,514 - Knowledge - INFO - Found code-base-name: https://github.com/kavia-common/universalinit-270588.git:kavia-Add-Lightningjs-Template
2025-11-26 11:53:42,694 - Knowledge - INFO - Found code_base: <app.utils.kg_build.knowledge.KnowledgeCodeBase object at 0x7fbc2776ea10>
2025-11-26 11:53:42,875 - Knowledge - INFO - persist ingested knowledge for /app/data/T0015/270588/b1256qt/universalinit-270588/src/universalinit/templates/nativescript/app/app-root.xml
2025-11-26 11:53:43,175 - Knowledge - INFO - [MONGODB_OP] Completed: persist, Collection: file_info, Duration: 108ms
2025-11-26 11:53:43,590 - Knowledge - INFO - [REDIS_OP] Completed: store_embedding, Key: src/universalinit/templates/nativescript/app/app-root.xml, Duration: 248ms
2025-11-26 11:53:43,793 - Knowledge - INFO - persist search terms embedding for src/universalinit/templates/nativescript/app/app-root.xml
2025-11-26 11:53:44,023 - Knowledge - INFO - process ingested knowledge for /app/data/T0015/270588/b1256qt/universalinit-270588/src/universalinit/templates/nativescript/app/app-root.xml
2025-11-26 11:53:44,230 - Knowledge - INFO - Found code-base-name: https://github.com/kavia-common/universalinit-270588.git:kavia-Add-Lightningjs-Template
2025-11-26 11:53:44,399 - Knowledge - INFO - Found code_base: <app.utils.kg_build.knowledge.KnowledgeCodeBase object at 0x7fbc2776ea10>
2025-11-26 11:53:44,635 - Knowledge - INFO - Found code-base-name: https://github.com/kavia-common/universalinit-270588.git:kavia-Add-Lightningjs-Template
2025-11-26 11:53:44,826 - Knowledge - INFO - Found code_base: <app.utils.kg_build.knowledge.KnowledgeCodeBase object at 0x7fbc2776ea10>
2025-11-26 11:53:44,978 - Knowledge - INFO - persist ingested knowledge for /app/data/T0015/270588/b1256qt/universalinit-270588/src/universalinit/templates/svelte/src/lib/index.ts
2025-11-26 11:53:45,222 - Knowledge - INFO - [MONGODB_OP] Completed: persist, Collection: file_info, Duration: 98ms
2025-11-26 11:53:45,646 - Knowledge - INFO - [REDIS_OP] Completed: store_embedding, Key: src/universalinit/templates/svelte/src/lib/index.ts, Duration: 251ms
2025-11-26 11:53:45,818 - Knowledge - INFO - persist search terms embedding for src/universalinit/templates/svelte/src/lib/index.ts
2025-11-26 11:53:45,990 - Knowledge - INFO - process ingested knowledge for /app/data/T0015/270588/b1256qt/universalinit-270588/src/universalinit/templates/svelte/src/lib/index.ts
2025-11-26 11:53:46,196 - Knowledge - INFO - Found code-base-name: https://github.com/kavia-common/universalinit-270588.git:kavia-Add-Lightningjs-Template
2025-11-26 11:53:46,366 - Knowledge - INFO - Found code_base: <app.utils.kg_build.knowledge.KnowledgeCodeBase object at 0x7fbc2776ea10>
2025-11-26 11:53:46,650 - Knowledge - INFO - Found code-base-name: https://github.com/kavia-common/universalinit-270588.git:kavia-Add-Lightningjs-Template
2025-11-26 11:53:46,802 - Knowledge - INFO - Found code_base: <app.utils.kg_build.knowledge.KnowledgeCodeBase object at 0x7fbc2776ea10>
2025-11-26 11:53:46,989 - Knowledge - INFO - persist ingested knowledge for /app/data/T0015/270588/b1256qt/universalinit-270588/src/universalinit/templates/remotion/src/HelloWorld/Logo.tsx
2025-11-26 11:53:47,230 - Knowledge - INFO - [MONGODB_OP] Completed: persist, Collection: file_info, Duration: 95ms
2025-11-26 11:53:47,671 - Knowledge - INFO - [REDIS_OP] Completed: store_embedding, Key: src/universalinit/templates/remotion/src/HelloWorld/Logo.tsx, Duration: 218ms
2025-11-26 11:53:47,885 - Knowledge - INFO - persist search terms embedding for src/universalinit/templates/remotion/src/HelloWorld/Logo.tsx
2025-11-26 11:53:48,029 - Knowledge - INFO - process ingested knowledge for /app/data/T0015/270588/b1256qt/universalinit-270588/src/universalinit/templates/remotion/src/HelloWorld/Logo.tsx
2025-11-26 11:53:48,208 - Knowledge - INFO - Found code-base-name: https://github.com/kavia-common/universalinit-270588.git:kavia-Add-Lightningjs-Template
2025-11-26 11:53:48,382 - Knowledge - INFO - Found code_base: <app.utils.kg_build.knowledge.KnowledgeCodeBase object at 0x7fbc2776ea10>
2025-11-26 11:53:48,631 - Knowledge - INFO - Found code-base-name: https://github.com/kavia-common/universalinit-270588.git:kavia-Add-Lightningjs-Template
2025-11-26 11:53:48,810 - Knowledge - INFO - Found code_base: <app.utils.kg_build.knowledge.KnowledgeCodeBase object at 0x7fbc2776ea10>
2025-11-26 11:53:48,985 - Knowledge - INFO - persist ingested knowledge for /app/data/T0015/270588/b1256qt/universalinit-270588/test/test_remotion_template.py
2025-11-26 11:53:49,286 - Knowledge - INFO - [MONGODB_OP] Completed: persist, Collection: file_info, Duration: 99ms
2025-11-26 11:53:50,092 - Knowledge - INFO - [REDIS_OP] Completed: store_embedding, Key: test/test_remotion_template.py, Duration: 620ms
2025-11-26 11:53:50,260 - Knowledge - INFO - persist search terms embedding for test/test_remotion_template.py
2025-11-26 11:53:50,418 - Knowledge - INFO - process ingested knowledge for /app/data/T0015/270588/b1256qt/universalinit-270588/test/test_remotion_template.py
2025-11-26 11:53:50,627 - Knowledge - INFO - Found code-base-name: https://github.com/kavia-common/universalinit-270588.git:kavia-Add-Lightningjs-Template
2025-11-26 11:53:50,800 - Knowledge - INFO - Found code_base: <app.utils.kg_build.knowledge.KnowledgeCodeBase object at 0x7fbc2776ea10>
2025-11-26 11:53:51,100 - Knowledge - INFO - Found code-base-name: https://github.com/kavia-common/universalinit-270588.git:kavia-Add-Lightningjs-Template
2025-11-26 11:53:51,297 - Knowledge - INFO - Found code_base: <app.utils.kg_build.knowledge.KnowledgeCodeBase object at 0x7fbc2776ea10>
2025-11-26 11:53:51,466 - Knowledge - INFO - persist ingested knowledge for /app/data/T0015/270588/b1256qt/universalinit-270588/src/universalinit/templates/remotion/src/HelloWorld.tsx
2025-11-26 11:53:51,746 - Knowledge - INFO - [MONGODB_OP] Completed: persist, Collection: file_info, Duration: 106ms
2025-11-26 11:53:52,098 - Knowledge - INFO - [REDIS_OP] Completed: store_embedding, Key: src/universalinit/templates/remotion/src/HelloWorld.tsx, Duration: 194ms
2025-11-26 11:53:52,257 - Knowledge - INFO - persist search terms embedding for src/universalinit/templates/remotion/src/HelloWorld.tsx
2025-11-26 11:53:52,420 - Knowledge - INFO - process ingested knowledge for /app/data/T0015/270588/b1256qt/universalinit-270588/src/universalinit/templates/remotion/src/HelloWorld.tsx
2025-11-26 11:53:52,593 - Knowledge - INFO - Found code-base-name: https://github.com/kavia-common/universalinit-270588.git:kavia-Add-Lightningjs-Template
2025-11-26 11:53:52,809 - Knowledge - INFO - Found code_base: <app.utils.kg_build.knowledge.KnowledgeCodeBase object at 0x7fbc2776ea10>
2025-11-26 11:53:53,080 - Knowledge - INFO - Found code-base-name: https://github.com/kavia-common/universalinit-270588.git:kavia-Add-Lightningjs-Template
2025-11-26 11:53:53,252 - Knowledge - INFO - Found code_base: <app.utils.kg_build.knowledge.KnowledgeCodeBase object at 0x7fbc2776ea10>
2025-11-26 11:53:53,389 - Knowledge - INFO - persist ingested knowledge for /app/data/T0015/270588/b1256qt/universalinit-270588/src/universalinit/templates/typescript/config.yml
2025-11-26 11:53:53,670 - Knowledge - INFO - [MONGODB_OP] Completed: persist, Collection: file_info, Duration: 90ms
2025-11-26 11:53:54,079 - Knowledge - INFO - [REDIS_OP] Completed: store_embedding, Key: src/universalinit/templates/typescript/config.yml, Duration: 247ms
2025-11-26 11:53:54,256 - Knowledge - INFO - persist search terms embedding for src/universalinit/templates/typescript/config.yml
2025-11-26 11:53:54,448 - Knowledge - INFO - process ingested knowledge for /app/data/T0015/270588/b1256qt/universalinit-270588/src/universalinit/templates/typescript/config.yml
2025-11-26 11:53:54,612 - Knowledge - INFO - Found code-base-name: https://github.com/kavia-common/universalinit-270588.git:kavia-Add-Lightningjs-Template
2025-11-26 11:53:54,756 - Knowledge - INFO - Found code_base: <app.utils.kg_build.knowledge.KnowledgeCodeBase object at 0x7fbc2776ea10>
2025-11-26 11:53:55,003 - Knowledge - INFO - Found code-base-name: https://github.com/kavia-common/universalinit-270588.git:kavia-Add-Lightningjs-Template
2025-11-26 11:53:55,138 - Knowledge - INFO - Found code_base: <app.utils.kg_build.knowledge.KnowledgeCodeBase object at 0x7fbc2776ea10>
2025-11-26 11:53:55,338 - Knowledge - INFO - persist ingested knowledge for /app/data/T0015/270588/b1256qt/universalinit-270588/src/universalinit/templates/svelte/src/demo.spec.ts
2025-11-26 11:53:55,668 - Knowledge - INFO - [MONGODB_OP] Completed: persist, Collection: file_info, Duration: 129ms
2025-11-26 11:53:56,184 - Knowledge - INFO - [REDIS_OP] Completed: store_embedding, Key: src/universalinit/templates/svelte/src/demo.spec.ts, Duration: 330ms
2025-11-26 11:53:56,370 - Knowledge - INFO - persist search terms embedding for src/universalinit/templates/svelte/src/demo.spec.ts
2025-11-26 11:53:56,539 - Knowledge - INFO - process ingested knowledge for /app/data/T0015/270588/b1256qt/universalinit-270588/src/universalinit/templates/svelte/src/demo.spec.ts
2025-11-26 11:53:56,699 - Knowledge - INFO - Found code-base-name: https://github.com/kavia-common/universalinit-270588.git:kavia-Add-Lightningjs-Template
2025-11-26 11:53:56,848 - Knowledge - INFO - Found code_base: <app.utils.kg_build.knowledge.KnowledgeCodeBase object at 0x7fbc2776ea10>
2025-11-26 11:53:57,167 - Knowledge - INFO - Found code-base-name: https://github.com/kavia-common/universalinit-270588.git:kavia-Add-Lightningjs-Template
2025-11-26 11:53:57,359 - Knowledge - INFO - Found code_base: <app.utils.kg_build.knowledge.KnowledgeCodeBase object at 0x7fbc2776ea10>
2025-11-26 11:53:57,701 - Knowledge - INFO - persist ingested knowledge for /app/data/T0015/270588/b1256qt/universalinit-270588/src/universalinit/templates/nextjs/src/app/page.tsx
2025-11-26 11:53:57,965 - Knowledge - INFO - [MONGODB_OP] Completed: persist, Collection: file_info, Duration: 99ms
2025-11-26 11:53:58,414 - Knowledge - INFO - [REDIS_OP] Completed: store_embedding, Key: src/universalinit/templates/nextjs/src/app/page.tsx, Duration: 250ms
2025-11-26 11:53:58,600 - Knowledge - INFO - persist search terms embedding for src/universalinit/templates/nextjs/src/app/page.tsx
2025-11-26 11:53:58,802 - Knowledge - INFO - process ingested knowledge for /app/data/T0015/270588/b1256qt/universalinit-270588/src/universalinit/templates/nextjs/src/app/page.tsx
2025-11-26 11:53:58,958 - Knowledge - INFO - Found code-base-name: https://github.com/kavia-common/universalinit-270588.git:kavia-Add-Lightningjs-Template
2025-11-26 11:53:59,115 - Knowledge - INFO - Found code_base: <app.utils.kg_build.knowledge.KnowledgeCodeBase object at 0x7fbc2776ea10>
2025-11-26 11:53:59,384 - Knowledge - INFO - Found code-base-name: https://github.com/kavia-common/universalinit-270588.git:kavia-Add-Lightningjs-Template
2025-11-26 11:53:59,544 - Knowledge - INFO - Found code_base: <app.utils.kg_build.knowledge.KnowledgeCodeBase object at 0x7fbc2776ea10>
2025-11-26 11:53:59,710 - Knowledge - INFO - persist ingested knowledge for /app/data/T0015/270588/b1256qt/universalinit-270588/src/universalinit/templates/django/manage.py
2025-11-26 11:54:00,021 - Knowledge - INFO - [MONGODB_OP] Completed: persist, Collection: file_info, Duration: 102ms
2025-11-26 11:54:00,504 - Knowledge - INFO - [REDIS_OP] Completed: store_embedding, Key: src/universalinit/templates/django/manage.py, Duration: 296ms
2025-11-26 11:54:00,690 - Knowledge - INFO - persist search terms embedding for src/universalinit/templates/django/manage.py
2025-11-26 11:54:00,875 - Knowledge - INFO - process ingested knowledge for /app/data/T0015/270588/b1256qt/universalinit-270588/src/universalinit/templates/django/manage.py
2025-11-26 11:54:01,050 - Knowledge - INFO - Found code-base-name: https://github.com/kavia-common/universalinit-270588.git:kavia-Add-Lightningjs-Template
2025-11-26 11:54:01,202 - Knowledge - INFO - Found code_base: <app.utils.kg_build.knowledge.KnowledgeCodeBase object at 0x7fbc2776ea10>
2025-11-26 11:54:01,482 - Knowledge - INFO - Found code-base-name: https://github.com/kavia-common/universalinit-270588.git:kavia-Add-Lightningjs-Template
2025-11-26 11:54:01,655 - Knowledge - INFO - Found code_base: <app.utils.kg_build.knowledge.KnowledgeCodeBase object at 0x7fbc2776ea10>
2025-11-26 11:54:01,838 - Knowledge - INFO - persist ingested knowledge for /app/data/T0015/270588/b1256qt/universalinit-270588/src/universalinit/templates/typescript/package.json
2025-11-26 11:54:02,106 - Knowledge - INFO - [MONGODB_OP] Completed: persist, Collection: file_info, Duration: 105ms
2025-11-26 11:54:02,498 - Knowledge - INFO - [REDIS_OP] Completed: store_embedding, Key: src/universalinit/templates/typescript/package.json, Duration: 218ms
2025-11-26 11:54:02,691 - Knowledge - INFO - persist search terms embedding for src/universalinit/templates/typescript/package.json
2025-11-26 11:54:02,858 - Knowledge - INFO - process ingested knowledge for /app/data/T0015/270588/b1256qt/universalinit-270588/src/universalinit/templates/typescript/package.json
2025-11-26 11:54:03,019 - Knowledge - INFO - Found code-base-name: https://github.com/kavia-common/universalinit-270588.git:kavia-Add-Lightningjs-Template
2025-11-26 11:54:03,195 - Knowledge - INFO - Found code_base: <app.utils.kg_build.knowledge.KnowledgeCodeBase object at 0x7fbc2776ea10>
2025-11-26 11:54:03,468 - Knowledge - INFO - Found code-base-name: https://github.com/kavia-common/universalinit-270588.git:kavia-Add-Lightningjs-Template
2025-11-26 11:54:03,664 - Knowledge - INFO - Found code_base: <app.utils.kg_build.knowledge.KnowledgeCodeBase object at 0x7fbc2776ea10>
2025-11-26 11:54:03,875 - Knowledge - INFO - persist ingested knowledge for /app/data/T0015/270588/b1256qt/universalinit-270588/src/universalinit/templates/kotlin/app/src/main/AndroidManifest.xml
2025-11-26 11:54:04,179 - Knowledge - INFO - [MONGODB_OP] Completed: persist, Collection: file_info, Duration: 121ms
2025-11-26 11:54:04,710 - Knowledge - INFO - [REDIS_OP] Completed: store_embedding, Key: src/universalinit/templates/kotlin/app/src/main/AndroidManifest.xml, Duration: 297ms
2025-11-26 11:54:04,865 - Knowledge - INFO - persist search terms embedding for src/universalinit/templates/kotlin/app/src/main/AndroidManifest.xml
2025-11-26 11:54:05,062 - Knowledge - INFO - process ingested knowledge for /app/data/T0015/270588/b1256qt/universalinit-270588/src/universalinit/templates/kotlin/app/src/main/AndroidManifest.xml
2025-11-26 11:54:05,244 - Knowledge - INFO - Found code-base-name: https://github.com/kavia-common/universalinit-270588.git:kavia-Add-Lightningjs-Template
2025-11-26 11:54:05,460 - Knowledge - INFO - Found code_base: <app.utils.kg_build.knowledge.KnowledgeCodeBase object at 0x7fbc2776ea10>
2025-11-26 11:54:05,717 - Knowledge - INFO - Found code-base-name: https://github.com/kavia-common/universalinit-270588.git:kavia-Add-Lightningjs-Template
2025-11-26 11:54:05,870 - Knowledge - INFO - Found code_base: <app.utils.kg_build.knowledge.KnowledgeCodeBase object at 0x7fbc2776ea10>
2025-11-26 11:54:06,022 - Knowledge - INFO - persist ingested knowledge for /app/data/T0015/270588/b1256qt/universalinit-270588/src/universalinit/templates/vite/eslint.config.mjs
2025-11-26 11:54:06,388 - Knowledge - INFO - [MONGODB_OP] Completed: persist, Collection: file_info, Duration: 173ms
2025-11-26 11:54:06,843 - Knowledge - INFO - [REDIS_OP] Completed: store_embedding, Key: src/universalinit/templates/vite/eslint.config.mjs, Duration: 279ms
2025-11-26 11:54:07,007 - Knowledge - INFO - persist search terms embedding for src/universalinit/templates/vite/eslint.config.mjs
2025-11-26 11:54:07,222 - Knowledge - INFO - process ingested knowledge for /app/data/T0015/270588/b1256qt/universalinit-270588/src/universalinit/templates/vite/eslint.config.mjs
2025-11-26 11:54:07,386 - Knowledge - INFO - Found code-base-name: https://github.com/kavia-common/universalinit-270588.git:kavia-Add-Lightningjs-Template
2025-11-26 11:54:07,535 - Knowledge - INFO - Found code_base: <app.utils.kg_build.knowledge.KnowledgeCodeBase object at 0x7fbc2776ea10>
2025-11-26 11:54:07,818 - Knowledge - INFO - Found code-base-name: https://github.com/kavia-common/universalinit-270588.git:kavia-Add-Lightningjs-Template
2025-11-26 11:54:08,011 - Knowledge - INFO - Found code_base: <app.utils.kg_build.knowledge.KnowledgeCodeBase object at 0x7fbc2776ea10>
2025-11-26 11:54:08,182 - Knowledge - INFO - persist ingested knowledge for /app/data/T0015/270588/b1256qt/universalinit-270588/test/test_svelte_template.py
2025-11-26 11:54:08,484 - Knowledge - INFO - [MONGODB_OP] Completed: persist, Collection: file_info, Duration: 91ms
2025-11-26 11:54:08,930 - Knowledge - INFO - [REDIS_OP] Completed: store_embedding, Key: test/test_svelte_template.py, Duration: 254ms
2025-11-26 11:54:09,090 - Knowledge - INFO - persist search terms embedding for test/test_svelte_template.py
2025-11-26 11:54:09,278 - Knowledge - INFO - process ingested knowledge for /app/data/T0015/270588/b1256qt/universalinit-270588/test/test_svelte_template.py
2025-11-26 11:54:09,480 - Knowledge - INFO - Found code-base-name: https://github.com/kavia-common/universalinit-270588.git:kavia-Add-Lightningjs-Template
2025-11-26 11:54:09,650 - Knowledge - INFO - Found code_base: <app.utils.kg_build.knowledge.KnowledgeCodeBase object at 0x7fbc2776ea10>
2025-11-26 11:54:09,944 - Knowledge - INFO - Found code-base-name: https://github.com/kavia-common/universalinit-270588.git:kavia-Add-Lightningjs-Template
2025-11-26 11:54:10,083 - Knowledge - INFO - Found code_base: <app.utils.kg_build.knowledge.KnowledgeCodeBase object at 0x7fbc2776ea10>
2025-11-26 11:54:10,263 - Knowledge - INFO - persist ingested knowledge for /app/data/T0015/270588/b1256qt/universalinit-270588/src/universalinit/templates/django/config/asgi.py
2025-11-26 11:54:10,521 - Knowledge - INFO - [MONGODB_OP] Completed: persist, Collection: file_info, Duration: 91ms
2025-11-26 11:54:10,968 - Knowledge - INFO - [REDIS_OP] Completed: store_embedding, Key: src/universalinit/templates/django/config/asgi.py, Duration: 245ms
2025-11-26 11:54:11,153 - Knowledge - INFO - persist search terms embedding for src/universalinit/templates/django/config/asgi.py
2025-11-26 11:54:11,359 - Knowledge - INFO - process ingested knowledge for /app/data/T0015/270588/b1256qt/universalinit-270588/src/universalinit/templates/django/config/asgi.py
2025-11-26 11:54:11,567 - Knowledge - INFO - Found code-base-name: https://github.com/kavia-common/universalinit-270588.git:kavia-Add-Lightningjs-Template
2025-11-26 11:54:11,743 - Knowledge - INFO - Found code_base: <app.utils.kg_build.knowledge.KnowledgeCodeBase object at 0x7fbc2776ea10>
2025-11-26 11:54:12,009 - Knowledge - INFO - Found code-base-name: https://github.com/kavia-common/universalinit-270588.git:kavia-Add-Lightningjs-Template
2025-11-26 11:54:12,169 - Knowledge - INFO - Found code_base: <app.utils.kg_build.knowledge.KnowledgeCodeBase object at 0x7fbc2776ea10>
2025-11-26 11:54:12,328 - Knowledge - INFO - persist ingested knowledge for /app/data/T0015/270588/b1256qt/universalinit-270588/src/universalinit/templates/remotion/remotion.config.ts
2025-11-26 11:54:12,636 - Knowledge - INFO - [MONGODB_OP] Completed: persist, Collection: file_info, Duration: 89ms
2025-11-26 11:54:13,059 - Knowledge - INFO - [REDIS_OP] Completed: store_embedding, Key: src/universalinit/templates/remotion/remotion.config.ts, Duration: 260ms
2025-11-26 11:54:13,207 - Knowledge - INFO - persist search terms embedding for src/universalinit/templates/remotion/remotion.config.ts
2025-11-26 11:54:13,376 - Knowledge - INFO - process ingested knowledge for /app/data/T0015/270588/b1256qt/universalinit-270588/src/universalinit/templates/remotion/remotion.config.ts
2025-11-26 11:54:13,573 - Knowledge - INFO - Found code-base-name: https://github.com/kavia-common/universalinit-270588.git:kavia-Add-Lightningjs-Template
2025-11-26 11:54:13,777 - Knowledge - INFO - Found code_base: <app.utils.kg_build.knowledge.KnowledgeCodeBase object at 0x7fbc2776ea10>
2025-11-26 11:54:14,039 - Knowledge - INFO - Found code-base-name: https://github.com/kavia-common/universalinit-270588.git:kavia-Add-Lightningjs-Template
2025-11-26 11:54:14,197 - Knowledge - INFO - Found code_base: <app.utils.kg_build.knowledge.KnowledgeCodeBase object at 0x7fbc2776ea10>
2025-11-26 11:54:14,363 - Knowledge - INFO - persist ingested knowledge for /app/data/T0015/270588/b1256qt/universalinit-270588/src/universalinit/templates/typescript/src/vite-env.d.ts
2025-11-26 11:54:14,641 - Knowledge - INFO - [MONGODB_OP] Completed: persist, Collection: file_info, Duration: 88ms
2025-11-26 11:54:15,071 - Knowledge - INFO - [REDIS_OP] Completed: store_embedding, Key: src/universalinit/templates/typescript/src/vite-env.d.ts, Duration: 264ms
2025-11-26 11:54:15,254 - Knowledge - INFO - persist search terms embedding for src/universalinit/templates/typescript/src/vite-env.d.ts
2025-11-26 11:54:15,439 - Knowledge - INFO - process ingested knowledge for /app/data/T0015/270588/b1256qt/universalinit-270588/src/universalinit/templates/typescript/src/vite-env.d.ts
2025-11-26 11:54:15,605 - Knowledge - INFO - Found code-base-name: https://github.com/kavia-common/universalinit-270588.git:kavia-Add-Lightningjs-Template
2025-11-26 11:54:15,748 - Knowledge - INFO - Found code_base: <app.utils.kg_build.knowledge.KnowledgeCodeBase object at 0x7fbc2776ea10>
2025-11-26 11:54:15,971 - Knowledge - INFO - Found code-base-name: https://github.com/kavia-common/universalinit-270588.git:kavia-Add-Lightningjs-Template
2025-11-26 11:54:16,121 - Knowledge - INFO - Found code_base: <app.utils.kg_build.knowledge.KnowledgeCodeBase object at 0x7fbc2776ea10>
2025-11-26 11:54:16,275 - Knowledge - INFO - persist ingested knowledge for /app/data/T0015/270588/b1256qt/universalinit-270588/src/universalinit/templates/remotion/config.yml
2025-11-26 11:54:16,534 - Knowledge - INFO - [MONGODB_OP] Completed: persist, Collection: file_info, Duration: 110ms
2025-11-26 11:54:17,069 - Knowledge - INFO - [REDIS_OP] Completed: store_embedding, Key: src/universalinit/templates/remotion/config.yml, Duration: 388ms
2025-11-26 11:54:17,238 - Knowledge - INFO - persist search terms embedding for src/universalinit/templates/remotion/config.yml
2025-11-26 11:54:17,400 - Knowledge - INFO - process ingested knowledge for /app/data/T0015/270588/b1256qt/universalinit-270588/src/universalinit/templates/remotion/config.yml
2025-11-26 11:54:17,596 - Knowledge - INFO - Found code-base-name: https://github.com/kavia-common/universalinit-270588.git:kavia-Add-Lightningjs-Template
2025-11-26 11:54:17,790 - Knowledge - INFO - Found code_base: <app.utils.kg_build.knowledge.KnowledgeCodeBase object at 0x7fbc2776ea10>
2025-11-26 11:54:18,039 - Knowledge - INFO - Found code-base-name: https://github.com/kavia-common/universalinit-270588.git:kavia-Add-Lightningjs-Template
2025-11-26 11:54:18,207 - Knowledge - INFO - Found code_base: <app.utils.kg_build.knowledge.KnowledgeCodeBase object at 0x7fbc2776ea10>
2025-11-26 11:54:18,370 - Knowledge - INFO - persist ingested knowledge for /app/data/T0015/270588/b1256qt/universalinit-270588/test/test_django_template.py
2025-11-26 11:54:18,647 - Knowledge - INFO - [MONGODB_OP] Completed: persist, Collection: file_info, Duration: 95ms
2025-11-26 11:54:19,036 - Knowledge - INFO - [REDIS_OP] Completed: store_embedding, Key: test/test_django_template.py, Duration: 250ms
2025-11-26 11:54:19,227 - Knowledge - INFO - persist search terms embedding for test/test_django_template.py
2025-11-26 11:54:19,381 - Knowledge - INFO - process ingested knowledge for /app/data/T0015/270588/b1256qt/universalinit-270588/test/test_django_template.py
2025-11-26 11:54:19,603 - Knowledge - INFO - Found code-base-name: https://github.com/kavia-common/universalinit-270588.git:kavia-Add-Lightningjs-Template
2025-11-26 11:54:19,775 - Knowledge - INFO - Found code_base: <app.utils.kg_build.knowledge.KnowledgeCodeBase object at 0x7fbc2776ea10>
2025-11-26 11:54:20,032 - Knowledge - INFO - Found code-base-name: https://github.com/kavia-common/universalinit-270588.git:kavia-Add-Lightningjs-Template
2025-11-26 11:54:20,193 - Knowledge - INFO - Found code_base: <app.utils.kg_build.knowledge.KnowledgeCodeBase object at 0x7fbc2776ea10>
2025-11-26 11:54:20,391 - Knowledge - INFO - persist ingested knowledge for /app/data/T0015/270588/b1256qt/universalinit-270588/src/universalinit/templates/slidev/package.json
2025-11-26 11:54:20,665 - Knowledge - INFO - [MONGODB_OP] Completed: persist, Collection: file_info, Duration: 94ms
2025-11-26 11:54:21,121 - Knowledge - INFO - [REDIS_OP] Completed: store_embedding, Key: src/universalinit/templates/slidev/package.json, Duration: 311ms
2025-11-26 11:54:21,302 - Knowledge - INFO - persist search terms embedding for src/universalinit/templates/slidev/package.json
2025-11-26 11:54:21,488 - Knowledge - INFO - process ingested knowledge for /app/data/T0015/270588/b1256qt/universalinit-270588/src/universalinit/templates/slidev/package.json
2025-11-26 11:54:21,668 - Knowledge - INFO - Found code-base-name: https://github.com/kavia-common/universalinit-270588.git:kavia-Add-Lightningjs-Template
2025-11-26 11:54:21,859 - Knowledge - INFO - Found code_base: <app.utils.kg_build.knowledge.KnowledgeCodeBase object at 0x7fbc2776ea10>
2025-11-26 11:54:22,098 - Knowledge - INFO - Found code-base-name: https://github.com/kavia-common/universalinit-270588.git:kavia-Add-Lightningjs-Template
2025-11-26 11:54:22,298 - Knowledge - INFO - Found code_base: <app.utils.kg_build.knowledge.KnowledgeCodeBase object at 0x7fbc2776ea10>
2025-11-26 11:54:22,508 - Knowledge - INFO - persist ingested knowledge for /app/data/T0015/270588/b1256qt/universalinit-270588/src/universalinit/templates/express/src/server.js
2025-11-26 11:54:22,836 - Knowledge - INFO - [MONGODB_OP] Completed: persist, Collection: file_info, Duration: 136ms
2025-11-26 11:54:23,344 - Knowledge - INFO - [REDIS_OP] Completed: store_embedding, Key: src/universalinit/templates/express/src/server.js, Duration: 350ms
2025-11-26 11:54:23,518 - Knowledge - INFO - persist search terms embedding for src/universalinit/templates/express/src/server.js
2025-11-26 11:54:23,707 - Knowledge - INFO - process ingested knowledge for /app/data/T0015/270588/b1256qt/universalinit-270588/src/universalinit/templates/express/src/server.js
2025-11-26 11:54:23,872 - Knowledge - INFO - Found code-base-name: https://github.com/kavia-common/universalinit-270588.git:kavia-Add-Lightningjs-Template
2025-11-26 11:54:24,036 - Knowledge - INFO - Found code_base: <app.utils.kg_build.knowledge.KnowledgeCodeBase object at 0x7fbc2776ea10>
2025-11-26 11:54:24,315 - Knowledge - INFO - Found code-base-name: https://github.com/kavia-common/universalinit-270588.git:kavia-Add-Lightningjs-Template
2025-11-26 11:54:24,480 - Knowledge - INFO - Found code_base: <app.utils.kg_build.knowledge.KnowledgeCodeBase object at 0x7fbc2776ea10>
2025-11-26 11:54:24,672 - Knowledge - INFO - persist ingested knowledge for /app/data/T0015/270588/b1256qt/universalinit-270588/src/universalinit/templates/flask/requirements.txt
2025-11-26 11:54:24,916 - Knowledge - INFO - [MONGODB_OP] Completed: persist, Collection: file_info, Duration: 93ms
2025-11-26 11:54:25,403 - Knowledge - INFO - [REDIS_OP] Completed: store_embedding, Key: src/universalinit/templates/flask/requirements.txt, Duration: 284ms
2025-11-26 11:54:25,592 - Knowledge - INFO - persist search terms embedding for src/universalinit/templates/flask/requirements.txt
2025-11-26 11:54:25,776 - Knowledge - INFO - process ingested knowledge for /app/data/T0015/270588/b1256qt/universalinit-270588/src/universalinit/templates/flask/requirements.txt
2025-11-26 11:54:25,928 - Knowledge - INFO - Found code-base-name: https://github.com/kavia-common/universalinit-270588.git:kavia-Add-Lightningjs-Template
2025-11-26 11:54:26,125 - Knowledge - INFO - Found code_base: <app.utils.kg_build.knowledge.KnowledgeCodeBase object at 0x7fbc2776ea10>
2025-11-26 11:54:26,374 - Knowledge - INFO - Found code-base-name: https://github.com/kavia-common/universalinit-270588.git:kavia-Add-Lightningjs-Template
2025-11-26 11:54:26,578 - Knowledge - INFO - Found code_base: <app.utils.kg_build.knowledge.KnowledgeCodeBase object at 0x7fbc2776ea10>
2025-11-26 11:54:26,720 - Knowledge - INFO - persist ingested knowledge for /app/data/T0015/270588/b1256qt/universalinit-270588/src/universalinit/templates/kotlin/app/src/main/java/com/example/kotlin/SecondFragment.kt
2025-11-26 11:54:26,965 - Knowledge - INFO - [MONGODB_OP] Completed: persist, Collection: file_info, Duration: 90ms
2025-11-26 11:54:27,343 - Knowledge - INFO - [REDIS_OP] Completed: store_embedding, Key: src/universalinit/templates/kotlin/app/src/main/java/com/example/kotlin/SecondFragment.kt, Duration: 232ms
2025-11-26 11:54:27,503 - Knowledge - INFO - persist search terms embedding for src/universalinit/templates/kotlin/app/src/main/java/com/example/kotlin/SecondFragment.kt
2025-11-26 11:54:27,718 - Knowledge - INFO - process ingested knowledge for /app/data/T0015/270588/b1256qt/universalinit-270588/src/universalinit/templates/kotlin/app/src/main/java/com/example/kotlin/SecondFragment.kt
2025-11-26 11:54:27,928 - Knowledge - INFO - Found code-base-name: https://github.com/kavia-common/universalinit-270588.git:kavia-Add-Lightningjs-Template
2025-11-26 11:54:28,103 - Knowledge - INFO - Found code_base: <app.utils.kg_build.knowledge.KnowledgeCodeBase object at 0x7fbc2776ea10>
2025-11-26 11:54:28,356 - Knowledge - INFO - Found code-base-name: https://github.com/kavia-common/universalinit-270588.git:kavia-Add-Lightningjs-Template
2025-11-26 11:54:28,510 - Knowledge - INFO - Found code_base: <app.utils.kg_build.knowledge.KnowledgeCodeBase object at 0x7fbc2776ea10>
2025-11-26 11:54:28,714 - Knowledge - INFO - persist ingested knowledge for /app/data/T0015/270588/b1256qt/universalinit-270588/src/universalinit/templates/remix/postcss.config.js
2025-11-26 11:54:29,014 - Knowledge - INFO - [MONGODB_OP] Completed: persist, Collection: file_info, Duration: 94ms
2025-11-26 11:54:29,480 - Knowledge - INFO - [REDIS_OP] Completed: store_embedding, Key: src/universalinit/templates/remix/postcss.config.js, Duration: 266ms
2025-11-26 11:54:29,698 - Knowledge - INFO - persist search terms embedding for src/universalinit/templates/remix/postcss.config.js
2025-11-26 11:54:29,876 - Knowledge - INFO - process ingested knowledge for /app/data/T0015/270588/b1256qt/universalinit-270588/src/universalinit/templates/remix/postcss.config.js
2025-11-26 11:54:30,061 - Knowledge - INFO - Found code-base-name: https://github.com/kavia-common/universalinit-270588.git:kavia-Add-Lightningjs-Template
2025-11-26 11:54:30,221 - Knowledge - INFO - Found code_base: <app.utils.kg_build.knowledge.KnowledgeCodeBase object at 0x7fbc2776ea10>
2025-11-26 11:54:30,510 - Knowledge - INFO - Found code-base-name: https://github.com/kavia-common/universalinit-270588.git:kavia-Add-Lightningjs-Template
2025-11-26 11:54:30,734 - Knowledge - INFO - Found code_base: <app.utils.kg_build.knowledge.KnowledgeCodeBase object at 0x7fbc2776ea10>
2025-11-26 11:54:30,876 - Knowledge - INFO - persist ingested knowledge for /app/data/T0015/270588/b1256qt/universalinit-270588/src/universalinit/templates/kotlin/app/src/main/res/values/dimens.xml
2025-11-26 11:54:31,207 - Knowledge - INFO - [MONGODB_OP] Completed: persist, Collection: file_info, Duration: 115ms
2025-11-26 11:54:31,678 - Knowledge - INFO - [REDIS_OP] Completed: store_embedding, Key: src/universalinit/templates/kotlin/app/src/main/res/values/dimens.xml, Duration: 326ms
2025-11-26 11:54:31,837 - Knowledge - INFO - persist search terms embedding for src/universalinit/templates/kotlin/app/src/main/res/values/dimens.xml
2025-11-26 11:54:31,988 - Knowledge - INFO - process ingested knowledge for /app/data/T0015/270588/b1256qt/universalinit-270588/src/universalinit/templates/kotlin/app/src/main/res/values/dimens.xml
2025-11-26 11:54:32,193 - Knowledge - INFO - Found code-base-name: https://github.com/kavia-common/universalinit-270588.git:kavia-Add-Lightningjs-Template
2025-11-26 11:54:32,376 - Knowledge - INFO - Found code_base: <app.utils.kg_build.knowledge.KnowledgeCodeBase object at 0x7fbc2776ea10>
2025-11-26 11:54:32,635 - Knowledge - INFO - Found code-base-name: https://github.com/kavia-common/universalinit-270588.git:kavia-Add-Lightningjs-Template
2025-11-26 11:54:32,854 - Knowledge - INFO - Found code_base: <app.utils.kg_build.knowledge.KnowledgeCodeBase object at 0x7fbc2776ea10>
2025-11-26 11:54:33,053 - Knowledge - INFO - persist ingested knowledge for /app/data/T0015/270588/b1256qt/universalinit-270588/src/universalinit/templates/vite/index.html
2025-11-26 11:54:33,327 - Knowledge - INFO - [MONGODB_OP] Completed: persist, Collection: file_info, Duration: 96ms
2025-11-26 11:54:33,745 - Knowledge - INFO - [REDIS_OP] Completed: store_embedding, Key: src/universalinit/templates/vite/index.html, Duration: 268ms
2025-11-26 11:54:33,935 - Knowledge - INFO - persist search terms embedding for src/universalinit/templates/vite/index.html
2025-11-26 11:54:34,101 - Knowledge - INFO - process ingested knowledge for /app/data/T0015/270588/b1256qt/universalinit-270588/src/universalinit/templates/vite/index.html
2025-11-26 11:54:34,328 - Knowledge - INFO - Found code-base-name: https://github.com/kavia-common/universalinit-270588.git:kavia-Add-Lightningjs-Template
2025-11-26 11:54:34,471 - Knowledge - INFO - Found code_base: <app.utils.kg_build.knowledge.KnowledgeCodeBase object at 0x7fbc2776ea10>
2025-11-26 11:54:34,739 - Knowledge - INFO - Found code-base-name: https://github.com/kavia-common/universalinit-270588.git:kavia-Add-Lightningjs-Template
2025-11-26 11:54:34,926 - Knowledge - INFO - Found code_base: <app.utils.kg_build.knowledge.KnowledgeCodeBase object at 0x7fbc2776ea10>
2025-11-26 11:54:35,102 - Knowledge - INFO - persist ingested knowledge for /app/data/T0015/270588/b1256qt/universalinit-270588/src/universalinit/templates/typescript/src/counter.ts
2025-11-26 11:54:35,371 - Knowledge - INFO - [MONGODB_OP] Completed: persist, Collection: file_info, Duration: 113ms
2025-11-26 11:54:35,846 - Knowledge - INFO - [REDIS_OP] Completed: store_embedding, Key: src/universalinit/templates/typescript/src/counter.ts, Duration: 327ms
2025-11-26 11:54:36,048 - Knowledge - INFO - persist search terms embedding for src/universalinit/templates/typescript/src/counter.ts
2025-11-26 11:54:36,189 - Knowledge - INFO - process ingested knowledge for /app/data/T0015/270588/b1256qt/universalinit-270588/src/universalinit/templates/typescript/src/counter.ts
2025-11-26 11:54:36,389 - Knowledge - INFO - Found code-base-name: https://github.com/kavia-common/universalinit-270588.git:kavia-Add-Lightningjs-Template
2025-11-26 11:54:36,549 - Knowledge - INFO - Found code_base: <app.utils.kg_build.knowledge.KnowledgeCodeBase object at 0x7fbc2776ea10>
2025-11-26 11:54:36,825 - Knowledge - INFO - Found code-base-name: https://github.com/kavia-common/universalinit-270588.git:kavia-Add-Lightningjs-Template
2025-11-26 11:54:36,993 - Knowledge - INFO - Found code_base: <app.utils.kg_build.knowledge.KnowledgeCodeBase object at 0x7fbc2776ea10>
2025-11-26 11:54:37,203 - Knowledge - INFO - persist ingested knowledge for /app/data/T0015/270588/b1256qt/universalinit-270588/src/universalinit/templates/nuxt/package.json
2025-11-26 11:54:37,468 - Knowledge - INFO - [MONGODB_OP] Completed: persist, Collection: file_info, Duration: 94ms
2025-11-26 11:54:37,928 - Knowledge - INFO - [REDIS_OP] Completed: store_embedding, Key: src/universalinit/templates/nuxt/package.json, Duration: 295ms
2025-11-26 11:54:38,072 - Knowledge - INFO - persist search terms embedding for src/universalinit/templates/nuxt/package.json
2025-11-26 11:54:38,212 - Knowledge - INFO - process ingested knowledge for /app/data/T0015/270588/b1256qt/universalinit-270588/src/universalinit/templates/nuxt/package.json
2025-11-26 11:54:38,404 - Knowledge - INFO - Found code-base-name: https://github.com/kavia-common/universalinit-270588.git:kavia-Add-Lightningjs-Template
2025-11-26 11:54:38,594 - Knowledge - INFO - Found code_base: <app.utils.kg_build.knowledge.KnowledgeCodeBase object at 0x7fbc2776ea10>
2025-11-26 11:54:38,877 - Knowledge - INFO - Found code-base-name: https://github.com/kavia-common/universalinit-270588.git:kavia-Add-Lightningjs-Template
2025-11-26 11:54:39,048 - Knowledge - INFO - Found code_base: <app.utils.kg_build.knowledge.KnowledgeCodeBase object at 0x7fbc2776ea10>
2025-11-26 11:54:39,236 - Knowledge - INFO - persist ingested knowledge for /app/data/T0015/270588/b1256qt/universalinit-270588/src/universalinit/templates/qwik/src/global.css
2025-11-26 11:54:39,510 - Knowledge - INFO - [MONGODB_OP] Completed: persist, Collection: file_info, Duration: 107ms
2025-11-26 11:54:40,249 - Knowledge - INFO - [REDIS_OP] Completed: store_embedding, Key: src/universalinit/templates/qwik/src/global.css, Duration: 533ms
2025-11-26 11:54:40,384 - Knowledge - INFO - persist search terms embedding for src/universalinit/templates/qwik/src/global.css
2025-11-26 11:54:40,605 - Knowledge - INFO - process ingested knowledge for /app/data/T0015/270588/b1256qt/universalinit-270588/src/universalinit/templates/qwik/src/global.css
2025-11-26 11:54:40,762 - Knowledge - INFO - Found code-base-name: https://github.com/kavia-common/universalinit-270588.git:kavia-Add-Lightningjs-Template
2025-11-26 11:54:40,925 - Knowledge - INFO - Found code_base: <app.utils.kg_build.knowledge.KnowledgeCodeBase object at 0x7fbc2776ea10>
                                                                                                 2025-11-26 11:54:41,202 - Knowledge - INFO - Found code-base-name: https://github.com/kavia-common/universalinit-270588.git:kavia-Add-Lightningjs-Template
2025-11-26 11:54:41,361 - Knowledge - INFO - Found code_base: <app.utils.kg_build.knowledge.KnowledgeCodeBase object at 0x7fbc2776ea10>
2025-11-26 11:54:41,510 - Knowledge - INFO - persist ingested knowledge for /app/data/T0015/270588/b1256qt/universalinit-270588/src/universalinit/templates/vue/index.html
2025-11-26 11:54:41,808 - Knowledge - INFO - [MONGODB_OP] Completed: persist, Collection: file_info, Duration: 93ms
2025-11-26 11:54:42,210 - Knowledge - INFO - [REDIS_OP] Completed: store_embedding, Key: src/universalinit/templates/vue/index.html, Duration: 229ms
2025-11-26 11:54:42,405 - Knowledge - INFO - persist search terms embedding for src/universalinit/templates/vue/index.html
2025-11-26 11:54:42,580 - Knowledge - INFO - process ingested knowledge for /app/data/T0015/270588/b1256qt/universalinit-270588/src/universalinit/templates/vue/index.html
2025-11-26 11:54:42,787 - Knowledge - INFO - Found code-base-name: https://github.com/kavia-common/universalinit-270588.git:kavia-Add-Lightningjs-Template
2025-11-26 11:54:42,954 - Knowledge - INFO - Found code_base: <app.utils.kg_build.knowledge.KnowledgeCodeBase object at 0x7fbc2776ea10>
                2025-11-26 11:54:43,253 - Knowledge - INFO - Found code-base-name: https://github.com/kavia-common/universalinit-270588.git:kavia-Add-Lightningjs-Template
2025-11-26 11:54:43,428 - Knowledge - INFO - Found code_base: <app.utils.kg_build.knowledge.KnowledgeCodeBase object at 0x7fbc2776ea10>
2025-11-26 11:54:43,615 - Knowledge - INFO - persist ingested knowledge for /app/data/T0015/270588/b1256qt/universalinit-270588/src/universalinit/templates/vue/src/stores/counter.ts
2025-11-26 11:54:43,872 - Knowledge - INFO - [MONGODB_OP] Completed: persist, Collection: file_info, Duration: 105ms
2025-11-26 11:54:44,274 - Knowledge - INFO - [REDIS_OP] Completed: store_embedding, Key: src/universalinit/templates/vue/src/stores/counter.ts, Duration: 245ms
2025-11-26 11:54:44,427 - Knowledge - INFO - persist search terms embedding for src/universalinit/templates/vue/src/stores/counter.ts
2025-11-26 11:54:44,619 - Knowledge - INFO - process ingested knowledge for /app/data/T0015/270588/b1256qt/universalinit-270588/src/universalinit/templates/vue/src/stores/counter.ts
2025-11-26 11:54:44,787 - Knowledge - INFO - Found code-base-name: https://github.com/kavia-common/universalinit-270588.git:kavia-Add-Lightningjs-Template
2025-11-26 11:54:44,974 - Knowledge - INFO - Found code_base: <app.utils.kg_build.knowledge.KnowledgeCodeBase object at 0x7fbc2776ea10>
2025-11-26 11:54:45,278 - Knowledge - INFO - Found code-base-name: https://github.com/kavia-common/universalinit-270588.git:kavia-Add-Lightningjs-Template
2025-11-26 11:54:45,424 - Knowledge - INFO - Found code_base: <app.utils.kg_build.knowledge.KnowledgeCodeBase object at 0x7fbc2776ea10>
2025-11-26 11:54:45,608 - Knowledge - INFO - persist ingested knowledge for /app/data/T0015/270588/b1256qt/universalinit-270588/src/universalinit/templates/remix/config.yml
2025-11-26 11:54:45,853 - Knowledge - INFO - [MONGODB_OP] Completed: persist, Collection: file_info, Duration: 104ms
2025-11-26 11:54:46,550 - Knowledge - INFO - [REDIS_OP] Completed: store_embedding, Key: src/universalinit/templates/remix/config.yml, Duration: 523ms
2025-11-26 11:54:46,709 - Knowledge - INFO - persist search terms embedding for src/universalinit/templates/remix/config.yml
2025-11-26 11:54:46,888 - Knowledge - INFO - process ingested knowledge for /app/data/T0015/270588/b1256qt/universalinit-270588/src/universalinit/templates/remix/config.yml
2025-11-26 11:54:47,055 - Knowledge - INFO - Found code-base-name: https://github.com/kavia-common/universalinit-270588.git:kavia-Add-Lightningjs-Template
2025-11-26 11:54:47,207 - Knowledge - INFO - Found code_base: <app.utils.kg_build.knowledge.KnowledgeCodeBase object at 0x7fbc2776ea10>
2025-11-26 11:54:47,527 - Knowledge - INFO - Found code-base-name: https://github.com/kavia-common/universalinit-270588.git:kavia-Add-Lightningjs-Template
2025-11-26 11:54:47,693 - Knowledge - INFO - Found code_base: <app.utils.kg_build.knowledge.KnowledgeCodeBase object at 0x7fbc2776ea10>
2025-11-26 11:54:48,124 - Knowledge - INFO - persist ingested knowledge for /app/data/T0015/270588/b1256qt/universalinit-270588/src/universalinit/templates/angular/src/app/app.config.ts
2025-11-26 11:54:48,399 - Knowledge - INFO - [MONGODB_OP] Completed: persist, Collection: file_info, Duration: 103ms
2025-11-26 11:54:48,838 - Knowledge - INFO - [REDIS_OP] Completed: store_embedding, Key: src/universalinit/templates/angular/src/app/app.config.ts, Duration: 243ms
2025-11-26 11:54:48,988 - Knowledge - INFO - persist search terms embedding for src/universalinit/templates/angular/src/app/app.config.ts
2025-11-26 11:54:49,203 - Knowledge - INFO - process ingested knowledge for /app/data/T0015/270588/b1256qt/universalinit-270588/src/universalinit/templates/angular/src/app/app.config.ts
2025-11-26 11:54:49,423 - Knowledge - INFO - Found code-base-name: https://github.com/kavia-common/universalinit-270588.git:kavia-Add-Lightningjs-Template
2025-11-26 11:54:49,579 - Knowledge - INFO - Found code_base: <app.utils.kg_build.knowledge.KnowledgeCodeBase object at 0x7fbc2776ea10>
2025-11-26 11:54:49,835 - Knowledge - INFO - Found code-base-name: https://github.com/kavia-common/universalinit-270588.git:kavia-Add-Lightningjs-Template
2025-11-26 11:54:49,984 - Knowledge - INFO - Found code_base: <app.utils.kg_build.knowledge.KnowledgeCodeBase object at 0x7fbc2776ea10>
2025-11-26 11:54:50,135 - Knowledge - INFO - persist ingested knowledge for /app/data/T0015/270588/b1256qt/universalinit-270588/src/universalinit/templates/angular/src/main.ts
2025-11-26 11:54:50,382 - Knowledge - INFO - [MONGODB_OP] Completed: persist, Collection: file_info, Duration: 94ms
2025-11-26 11:54:50,787 - Knowledge - INFO - [REDIS_OP] Completed: store_embedding, Key: src/universalinit/templates/angular/src/main.ts, Duration: 214ms
2025-11-26 11:54:50,977 - Knowledge - INFO - persist search terms embedding for src/universalinit/templates/angular/src/main.ts
2025-11-26 11:54:51,151 - Knowledge - INFO - process ingested knowledge for /app/data/T0015/270588/b1256qt/universalinit-270588/src/universalinit/templates/angular/src/main.ts
2025-11-26 11:54:51,322 - Knowledge - INFO - Found code-base-name: https://github.com/kavia-common/universalinit-270588.git:kavia-Add-Lightningjs-Template
2025-11-26 11:54:51,503 - Knowledge - INFO - Found code_base: <app.utils.kg_build.knowledge.KnowledgeCodeBase object at 0x7fbc2776ea10>
2025-11-26 11:54:51,756 - Knowledge - INFO - Found code-base-name: https://github.com/kavia-common/universalinit-270588.git:kavia-Add-Lightningjs-Template
2025-11-26 11:54:51,895 - Knowledge - INFO - Found code_base: <app.utils.kg_build.knowledge.KnowledgeCodeBase object at 0x7fbc2776ea10>
2025-11-26 11:54:52,050 - Knowledge - INFO - persist ingested knowledge for /app/data/T0015/270588/b1256qt/universalinit-270588/src/universalinit/templates/qwik/src/routes/demo/flower/index.tsx
2025-11-26 11:54:52,342 - Knowledge - INFO - [MONGODB_OP] Completed: persist, Collection: file_info, Duration: 112ms
2025-11-26 11:54:52,697 - Knowledge - INFO - [REDIS_OP] Completed: store_embedding, Key: src/universalinit/templates/qwik/src/routes/demo/flower/index.tsx, Duration: 190ms
2025-11-26 11:54:52,853 - Knowledge - INFO - persist search terms embedding for src/universalinit/templates/qwik/src/routes/demo/flower/index.tsx
2025-11-26 11:54:53,045 - Knowledge - INFO - process ingested knowledge for /app/data/T0015/270588/b1256qt/universalinit-270588/src/universalinit/templates/qwik/src/routes/demo/flower/index.tsx
2025-11-26 11:54:53,213 - Knowledge - INFO - Found code-base-name: https://github.com/kavia-common/universalinit-270588.git:kavia-Add-Lightningjs-Template
2025-11-26 11:54:53,400 - Knowledge - INFO - Found code_base: <app.utils.kg_build.knowledge.KnowledgeCodeBase object at 0x7fbc2776ea10>
2025-11-26 11:54:53,692 - Knowledge - INFO - Found code-base-name: https://github.com/kavia-common/universalinit-270588.git:kavia-Add-Lightningjs-Template
2025-11-26 11:54:53,856 - Knowledge - INFO - Found code_base: <app.utils.kg_build.knowledge.KnowledgeCodeBase object at 0x7fbc2776ea10>
2025-11-26 11:54:54,046 - Knowledge - INFO - persist ingested knowledge for /app/data/T0015/270588/b1256qt/universalinit-270588/src/universalinit/templates/vue/src/assets/base.css
2025-11-26 11:54:54,299 - Knowledge - INFO - [MONGODB_OP] Completed: persist, Collection: file_info, Duration: 100ms
2025-11-26 11:54:54,912 - Knowledge - INFO - [REDIS_OP] Completed: store_embedding, Key: src/universalinit/templates/vue/src/assets/base.css, Duration: 193ms
2025-11-26 11:54:55,067 - Knowledge - INFO - persist search terms embedding for src/universalinit/templates/vue/src/assets/base.css
2025-11-26 11:54:55,224 - Knowledge - INFO - process ingested knowledge for /app/data/T0015/270588/b1256qt/universalinit-270588/src/universalinit/templates/vue/src/assets/base.css
2025-11-26 11:54:55,377 - Knowledge - INFO - Found code-base-name: https://github.com/kavia-common/universalinit-270588.git:kavia-Add-Lightningjs-Template
2025-11-26 11:54:55,573 - Knowledge - INFO - Found code_base: <app.utils.kg_build.knowledge.KnowledgeCodeBase object at 0x7fbc2776ea10>
2025-11-26 11:54:55,871 - Knowledge - INFO - Found code-base-name: https://github.com/kavia-common/universalinit-270588.git:kavia-Add-Lightningjs-Template
2025-11-26 11:54:56,032 - Knowledge - INFO - Found code_base: <app.utils.kg_build.knowledge.KnowledgeCodeBase object at 0x7fbc2776ea10>
2025-11-26 11:54:56,223 - Knowledge - INFO - persist ingested knowledge for /app/data/T0015/270588/b1256qt/universalinit-270588/src/universalinit/templates/react/package.json
2025-11-26 11:54:56,518 - Knowledge - INFO - [MONGODB_OP] Completed: persist, Collection: file_info, Duration: 113ms
2025-11-26 11:54:57,051 - Knowledge - INFO - [REDIS_OP] Completed: store_embedding, Key: src/universalinit/templates/react/package.json, Duration: 323ms
2025-11-26 11:54:57,210 - Knowledge - INFO - persist search terms embedding for src/universalinit/templates/react/package.json
2025-11-26 11:54:57,389 - Knowledge - INFO - process ingested knowledge for /app/data/T0015/270588/b1256qt/universalinit-270588/src/universalinit/templates/react/package.json
2025-11-26 11:54:57,573 - Knowledge - INFO - Found code-base-name: https://github.com/kavia-common/universalinit-270588.git:kavia-Add-Lightningjs-Template
2025-11-26 11:54:57,737 - Knowledge - INFO - Found code_base: <app.utils.kg_build.knowledge.KnowledgeCodeBase object at 0x7fbc2776ea10>
2025-11-26 11:54:58,016 - Knowledge - INFO - Found code-base-name: https://github.com/kavia-common/universalinit-270588.git:kavia-Add-Lightningjs-Template
2025-11-26 11:54:58,164 - Knowledge - INFO - Found code_base: <app.utils.kg_build.knowledge.KnowledgeCodeBase object at 0x7fbc2776ea10>
2025-11-26 11:54:58,307 - Knowledge - INFO - persist ingested knowledge for /app/data/T0015/270588/b1256qt/universalinit-270588/src/universalinit/templates/nativescript/App_Resources/Android/src/main/res/drawable-nodpi/splash_screen.xml
2025-11-26 11:54:58,573 - Knowledge - INFO - [MONGODB_OP] Completed: persist, Collection: file_info, Duration: 95ms
2025-11-26 11:54:58,942 - Knowledge - INFO - [REDIS_OP] Completed: store_embedding, Key: src/universalinit/templates/nativescript/App_Resources/Android/src/main/res/drawable-nodpi/splash_screen.xml, Duration: 191ms
2025-11-26 11:54:59,111 - Knowledge - INFO - persist search terms embedding for src/universalinit/templates/nativescript/App_Resources/Android/src/main/res/drawable-nodpi/splash_screen.xml
2025-11-26 11:54:59,332 - Knowledge - INFO - process ingested knowledge for /app/data/T0015/270588/b1256qt/universalinit-270588/src/universalinit/templates/nativescript/App_Resources/Android/src/main/res/drawable-nodpi/splash_screen.xml
2025-11-26 11:54:59,517 - Knowledge - INFO - Found code-base-name: https://github.com/kavia-common/universalinit-270588.git:kavia-Add-Lightningjs-Template
2025-11-26 11:54:59,669 - Knowledge - INFO - Found code_base: <app.utils.kg_build.knowledge.KnowledgeCodeBase object at 0x7fbc2776ea10>
2025-11-26 11:54:59,957 - Knowledge - INFO - Found code-base-name: https://github.com/kavia-common/universalinit-270588.git:kavia-Add-Lightningjs-Template
2025-11-26 11:55:00,116 - Knowledge - INFO - Found code_base: <app.utils.kg_build.knowledge.KnowledgeCodeBase object at 0x7fbc2776ea10>
2025-11-26 11:55:00,305 - Knowledge - INFO - persist ingested knowledge for /app/data/T0015/270588/b1256qt/universalinit-270588/src/universalinit/templates/flask/config.yml
2025-11-26 11:55:00,573 - Knowledge - INFO - [MONGODB_OP] Completed: persist, Collection: file_info, Duration: 112ms
2025-11-26 11:55:00,963 - Knowledge - INFO - [REDIS_OP] Completed: store_embedding, Key: src/universalinit/templates/flask/config.yml, Duration: 215ms
2025-11-26 11:55:01,167 - Knowledge - INFO - persist search terms embedding for src/universalinit/templates/flask/config.yml
2025-11-26 11:55:01,336 - Knowledge - INFO - process ingested knowledge for /app/data/T0015/270588/b1256qt/universalinit-270588/src/universalinit/templates/flask/config.yml
2025-11-26 11:55:01,539 - Knowledge - INFO - Found code-base-name: https://github.com/kavia-common/universalinit-270588.git:kavia-Add-Lightningjs-Template
2025-11-26 11:55:01,707 - Knowledge - INFO - Found code_base: <app.utils.kg_build.knowledge.KnowledgeCodeBase object at 0x7fbc2776ea10>
2025-11-26 11:55:02,016 - Knowledge - INFO - Found code-base-name: https://github.com/kavia-common/universalinit-270588.git:kavia-Add-Lightningjs-Template
2025-11-26 11:55:02,223 - Knowledge - INFO - Found code_base: <app.utils.kg_build.knowledge.KnowledgeCodeBase object at 0x7fbc2776ea10>
2025-11-26 11:55:02,405 - Knowledge - INFO - persist ingested knowledge for /app/data/T0015/270588/b1256qt/universalinit-270588/test/test_slidev_template.py
2025-11-26 11:55:02,668 - Knowledge - INFO - [MONGODB_OP] Completed: persist, Collection: file_info, Duration: 129ms
2025-11-26 11:55:03,136 - Knowledge - INFO - [REDIS_OP] Completed: store_embedding, Key: test/test_slidev_template.py, Duration: 300ms
2025-11-26 11:55:03,314 - Knowledge - INFO - persist search terms embedding for test/test_slidev_template.py
2025-11-26 11:55:03,472 - Knowledge - INFO - process ingested knowledge for /app/data/T0015/270588/b1256qt/universalinit-270588/test/test_slidev_template.py
2025-11-26 11:55:03,650 - Knowledge - INFO - Found code-base-name: https://github.com/kavia-common/universalinit-270588.git:kavia-Add-Lightningjs-Template
2025-11-26 11:55:03,800 - Knowledge - INFO - Found code_base: <app.utils.kg_build.knowledge.KnowledgeCodeBase object at 0x7fbc2776ea10>
2025-11-26 11:55:04,079 - Knowledge - INFO - Found code-base-name: https://github.com/kavia-common/universalinit-270588.git:kavia-Add-Lightningjs-Template
2025-11-26 11:55:04,238 - Knowledge - INFO - Found code_base: <app.utils.kg_build.knowledge.KnowledgeCodeBase object at 0x7fbc2776ea10>
2025-11-26 11:55:04,460 - Knowledge - INFO - persist ingested knowledge for /app/data/T0015/270588/b1256qt/universalinit-270588/src/universalinit/templates/angular/src/app/app.routes.ts
2025-11-26 11:55:04,748 - Knowledge - INFO - [MONGODB_OP] Completed: persist, Collection: file_info, Duration: 101ms
2025-11-26 11:55:05,345 - Knowledge - INFO - [REDIS_OP] Completed: store_embedding, Key: src/universalinit/templates/angular/src/app/app.routes.ts, Duration: 394ms
2025-11-26 11:55:05,553 - Knowledge - INFO - persist search terms embedding for src/universalinit/templates/angular/src/app/app.routes.ts
2025-11-26 11:55:05,750 - Knowledge - INFO - process ingested knowledge for /app/data/T0015/270588/b1256qt/universalinit-270588/src/universalinit/templates/angular/src/app/app.routes.ts
2025-11-26 11:55:05,985 - Knowledge - INFO - Found code-base-name: https://github.com/kavia-common/universalinit-270588.git:kavia-Add-Lightningjs-Template
2025-11-26 11:55:06,152 - Knowledge - INFO - Found code_base: <app.utils.kg_build.knowledge.KnowledgeCodeBase object at 0x7fbc2776ea10>
2025-11-26 11:55:06,469 - Knowledge - INFO - Found code-base-name: https://github.com/kavia-common/universalinit-270588.git:kavia-Add-Lightningjs-Template
2025-11-26 11:55:06,613 - Knowledge - INFO - Found code_base: <app.utils.kg_build.knowledge.KnowledgeCodeBase object at 0x7fbc2776ea10>
2025-11-26 11:55:06,763 - Knowledge - INFO - persist ingested knowledge for /app/data/T0015/270588/b1256qt/universalinit-270588/src/universalinit/templates/kotlin/config.yml
2025-11-26 11:55:07,039 - Knowledge - INFO - [MONGODB_OP] Completed: persist, Collection: file_info, Duration: 110ms
2025-11-26 11:55:07,420 - Knowledge - INFO - [REDIS_OP] Completed: store_embedding, Key: src/universalinit/templates/kotlin/config.yml, Duration: 225ms
2025-11-26 11:55:07,657 - Knowledge - INFO - persist search terms embedding for src/universalinit/templates/kotlin/config.yml
2025-11-26 11:55:07,829 - Knowledge - INFO - process ingested knowledge for /app/data/T0015/270588/b1256qt/universalinit-270588/src/universalinit/templates/kotlin/config.yml
2025-11-26 11:55:08,027 - Knowledge - INFO - Found code-base-name: https://github.com/kavia-common/universalinit-270588.git:kavia-Add-Lightningjs-Template
2025-11-26 11:55:08,215 - Knowledge - INFO - Found code_base: <app.utils.kg_build.knowledge.KnowledgeCodeBase object at 0x7fbc2776ea10>
2025-11-26 11:55:08,532 - Knowledge - INFO - Found code-base-name: https://github.com/kavia-common/universalinit-270588.git:kavia-Add-Lightningjs-Template
2025-11-26 11:55:08,719 - Knowledge - INFO - Found code_base: <app.utils.kg_build.knowledge.KnowledgeCodeBase object at 0x7fbc2776ea10>
2025-11-26 11:55:08,919 - Knowledge - INFO - persist ingested knowledge for /app/data/T0015/270588/b1256qt/universalinit-270588/src/universalinit/templates/nextjs/eslint.config.mjs
2025-11-26 11:55:09,213 - Knowledge - INFO - [MONGODB_OP] Completed: persist, Collection: file_info, Duration: 113ms
2025-11-26 11:55:09,697 - Knowledge - INFO - [REDIS_OP] Completed: store_embedding, Key: src/universalinit/templates/nextjs/eslint.config.mjs, Duration: 279ms
2025-11-26 11:55:09,880 - Knowledge - INFO - persist search terms embedding for src/universalinit/templates/nextjs/eslint.config.mjs
2025-11-26 11:55:10,039 - Knowledge - INFO - process ingested knowledge for /app/data/T0015/270588/b1256qt/universalinit-270588/src/universalinit/templates/nextjs/eslint.config.mjs
2025-11-26 11:55:10,232 - Knowledge - INFO - Found code-base-name: https://github.com/kavia-common/universalinit-270588.git:kavia-Add-Lightningjs-Template
2025-11-26 11:55:10,446 - Knowledge - INFO - Found code_base: <app.utils.kg_build.knowledge.KnowledgeCodeBase object at 0x7fbc2776ea10>
2025-11-26 11:55:10,736 - Knowledge - INFO - Found code-base-name: https://github.com/kavia-common/universalinit-270588.git:kavia-Add-Lightningjs-Template
2025-11-26 11:55:10,923 - Knowledge - INFO - Found code_base: <app.utils.kg_build.knowledge.KnowledgeCodeBase object at 0x7fbc2776ea10>
2025-11-26 11:55:11,110 - Knowledge - INFO - persist ingested knowledge for /app/data/T0015/270588/b1256qt/universalinit-270588/src/universalinit/templates/django/api/models.py
2025-11-26 11:55:11,423 - Knowledge - INFO - [MONGODB_OP] Completed: persist, Collection: file_info, Duration: 135ms
2025-11-26 11:55:11,839 - Knowledge - INFO - [REDIS_OP] Completed: store_embedding, Key: src/universalinit/templates/django/api/models.py, Duration: 263ms
2025-11-26 11:55:12,019 - Knowledge - INFO - persist search terms embedding for src/universalinit/templates/django/api/models.py
2025-11-26 11:55:12,216 - Knowledge - INFO - process ingested knowledge for /app/data/T0015/270588/b1256qt/universalinit-270588/src/universalinit/templates/django/api/models.py
2025-11-26 11:55:12,424 - Knowledge - INFO - Found code-base-name: https://github.com/kavia-common/universalinit-270588.git:kavia-Add-Lightningjs-Template
2025-11-26 11:55:12,585 - Knowledge - INFO - Found code_base: <app.utils.kg_build.knowledge.KnowledgeCodeBase object at 0x7fbc2776ea10>
2025-11-26 11:55:12,819 - Knowledge - INFO - Found code-base-name: https://github.com/kavia-common/universalinit-270588.git:kavia-Add-Lightningjs-Template
2025-11-26 11:55:13,011 - Knowledge - INFO - Found code_base: <app.utils.kg_build.knowledge.KnowledgeCodeBase object at 0x7fbc2776ea10>
2025-11-26 11:55:13,232 - Knowledge - INFO - persist ingested knowledge for /app/data/T0015/270588/b1256qt/universalinit-270588/src/universalinit/universalinit.py
2025-11-26 11:55:13,500 - Knowledge - INFO - [MONGODB_OP] Completed: persist, Collection: file_info, Duration: 97ms
2025-11-26 11:55:13,950 - Knowledge - INFO - [REDIS_OP] Completed: store_embedding, Key: src/universalinit/universalinit.py, Duration: 276ms
2025-11-26 11:55:14,105 - Knowledge - INFO - persist search terms embedding for src/universalinit/universalinit.py
2025-11-26 11:55:14,271 - Knowledge - INFO - process ingested knowledge for /app/data/T0015/270588/b1256qt/universalinit-270588/src/universalinit/universalinit.py
2025-11-26 11:55:14,494 - Knowledge - INFO - Found code-base-name: https://github.com/kavia-common/universalinit-270588.git:kavia-Add-Lightningjs-Template
2025-11-26 11:55:14,699 - Knowledge - INFO - Found code_base: <app.utils.kg_build.knowledge.KnowledgeCodeBase object at 0x7fbc2776ea10>
2025-11-26 11:55:14,946 - Knowledge - INFO - Found code-base-name: https://github.com/kavia-common/universalinit-270588.git:kavia-Add-Lightningjs-Template
2025-11-26 11:55:15,134 - Knowledge - INFO - Found code_base: <app.utils.kg_build.knowledge.KnowledgeCodeBase object at 0x7fbc2776ea10>
2025-11-26 11:55:15,316 - Knowledge - INFO - persist ingested knowledge for /app/data/T0015/270588/b1256qt/universalinit-270588/src/universalinit/templates/vite/src/style.css
2025-11-26 11:55:15,606 - Knowledge - INFO - [MONGODB_OP] Completed: persist, Collection: file_info, Duration: 102ms
2025-11-26 11:55:15,993 - Knowledge - INFO - [REDIS_OP] Completed: store_embedding, Key: src/universalinit/templates/vite/src/style.css, Duration: 227ms
2025-11-26 11:55:16,168 - Knowledge - INFO - persist search terms embedding for src/universalinit/templates/vite/src/style.css
2025-11-26 11:55:16,388 - Knowledge - INFO - process ingested knowledge for /app/data/T0015/270588/b1256qt/universalinit-270588/src/universalinit/templates/vite/src/style.css
2025-11-26 11:55:16,569 - Knowledge - INFO - Found code-base-name: https://github.com/kavia-common/universalinit-270588.git:kavia-Add-Lightningjs-Template
2025-11-26 11:55:16,739 - Knowledge - INFO - Found code_base: <app.utils.kg_build.knowledge.KnowledgeCodeBase object at 0x7fbc2776ea10>
2025-11-26 11:55:16,991 - Knowledge - INFO - Found code-base-name: https://github.com/kavia-common/universalinit-270588.git:kavia-Add-Lightningjs-Template
2025-11-26 11:55:17,188 - Knowledge - INFO - Found code_base: <app.utils.kg_build.knowledge.KnowledgeCodeBase object at 0x7fbc2776ea10>
2025-11-26 11:55:17,384 - Knowledge - INFO - persist ingested knowledge for /app/data/T0015/270588/b1256qt/universalinit-270588/src/universalinit/templates/nuxt/nuxt.config.ts
2025-11-26 11:55:17,686 - Knowledge - INFO - [MONGODB_OP] Completed: persist, Collection: file_info, Duration: 126ms
2025-11-26 11:55:18,211 - Knowledge - INFO - [REDIS_OP] Completed: store_embedding, Key: src/universalinit/templates/nuxt/nuxt.config.ts, Duration: 305ms
2025-11-26 11:55:18,408 - Knowledge - INFO - persist search terms embedding for src/universalinit/templates/nuxt/nuxt.config.ts
2025-11-26 11:55:18,629 - Knowledge - INFO - process ingested knowledge for /app/data/T0015/270588/b1256qt/universalinit-270588/src/universalinit/templates/nuxt/nuxt.config.ts
2025-11-26 11:55:18,803 - Knowledge - INFO - Found code-base-name: https://github.com/kavia-common/universalinit-270588.git:kavia-Add-Lightningjs-Template
2025-11-26 11:55:18,980 - Knowledge - INFO - Found code_base: <app.utils.kg_build.knowledge.KnowledgeCodeBase object at 0x7fbc2776ea10>
2025-11-26 11:55:19,271 - Knowledge - INFO - Found code-base-name: https://github.com/kavia-common/universalinit-270588.git:kavia-Add-Lightningjs-Template
2025-11-26 11:55:19,471 - Knowledge - INFO - Found code_base: <app.utils.kg_build.knowledge.KnowledgeCodeBase object at 0x7fbc2776ea10>
2025-11-26 11:55:19,662 - Knowledge - INFO - persist ingested knowledge for /app/data/T0015/270588/b1256qt/universalinit-270588/src/universalinit/templates/angular/README.md
2025-11-26 11:55:19,951 - Knowledge - INFO - [MONGODB_OP] Completed: persist, Collection: file_info, Duration: 101ms
2025-11-26 11:55:20,405 - Knowledge - INFO - [REDIS_OP] Completed: store_embedding, Key: src/universalinit/templates/angular/README.md, Duration: 271ms
2025-11-26 11:55:20,588 - Knowledge - INFO - persist search terms embedding for src/universalinit/templates/angular/README.md
2025-11-26 11:55:20,781 - Knowledge - INFO - process ingested knowledge for /app/data/T0015/270588/b1256qt/universalinit-270588/src/universalinit/templates/angular/README.md
2025-11-26 11:55:20,947 - Knowledge - INFO - Found code-base-name: https://github.com/kavia-common/universalinit-270588.git:kavia-Add-Lightningjs-Template
2025-11-26 11:55:21,123 - Knowledge - INFO - Found code_base: <app.utils.kg_build.knowledge.KnowledgeCodeBase object at 0x7fbc2776ea10>
2025-11-26 11:55:21,387 - Knowledge - INFO - Found code-base-name: https://github.com/kavia-common/universalinit-270588.git:kavia-Add-Lightningjs-Template
2025-11-26 11:55:21,546 - Knowledge - INFO - Found code_base: <app.utils.kg_build.knowledge.KnowledgeCodeBase object at 0x7fbc2776ea10>
2025-11-26 11:55:21,714 - Knowledge - INFO - persist ingested knowledge for /app/data/T0015/270588/b1256qt/universalinit-270588/src/universalinit/templates/angular/tsconfig.json
2025-11-26 11:55:22,013 - Knowledge - INFO - [MONGODB_OP] Completed: persist, Collection: file_info, Duration: 127ms
2025-11-26 11:55:22,396 - Knowledge - INFO - [REDIS_OP] Completed: store_embedding, Key: src/universalinit/templates/angular/tsconfig.json, Duration: 235ms
2025-11-26 11:55:22,589 - Knowledge - INFO - persist search terms embedding for src/universalinit/templates/angular/tsconfig.json
2025-11-26 11:55:22,798 - Knowledge - INFO - process ingested knowledge for /app/data/T0015/270588/b1256qt/universalinit-270588/src/universalinit/templates/angular/tsconfig.json
2025-11-26 11:55:22,966 - Knowledge - INFO - Found code-base-name: https://github.com/kavia-common/universalinit-270588.git:kavia-Add-Lightningjs-Template
2025-11-26 11:55:23,140 - Knowledge - INFO - Found code_base: <app.utils.kg_build.knowledge.KnowledgeCodeBase object at 0x7fbc2776ea10>
2025-11-26 11:55:23,373 - Knowledge - INFO - Found code-base-name: https://github.com/kavia-common/universalinit-270588.git:kavia-Add-Lightningjs-Template
2025-11-26 11:55:23,597 - Knowledge - INFO - Found code_base: <app.utils.kg_build.knowledge.KnowledgeCodeBase object at 0x7fbc2776ea10>
2025-11-26 11:55:23,781 - Knowledge - INFO - persist ingested knowledge for /app/data/T0015/270588/b1256qt/universalinit-270588/test/test_typescript_template.py
2025-11-26 11:55:24,029 - Knowledge - INFO - [MONGODB_OP] Completed: persist, Collection: file_info, Duration: 94ms
2025-11-26 11:55:24,737 - Knowledge - INFO - [REDIS_OP] Completed: store_embedding, Key: test/test_typescript_template.py, Duration: 522ms
2025-11-26 11:55:24,896 - Knowledge - INFO - persist search terms embedding for test/test_typescript_template.py
2025-11-26 11:55:25,086 - Knowledge - INFO - process ingested knowledge for /app/data/T0015/270588/b1256qt/universalinit-270588/test/test_typescript_template.py
2025-11-26 11:55:25,274 - Knowledge - INFO - Found code-base-name: https://github.com/kavia-common/universalinit-270588.git:kavia-Add-Lightningjs-Template
2025-11-26 11:55:25,487 - Knowledge - INFO - Found code_base: <app.utils.kg_build.knowledge.KnowledgeCodeBase object at 0x7fbc2776ea10>
2025-11-26 11:55:25,745 - Knowledge - INFO - Found code-base-name: https://github.com/kavia-common/universalinit-270588.git:kavia-Add-Lightningjs-Template
2025-11-26 11:55:25,928 - Knowledge - INFO - Found code_base: <app.utils.kg_build.knowledge.KnowledgeCodeBase object at 0x7fbc2776ea10>
2025-11-26 11:55:26,122 - Knowledge - INFO - persist ingested knowledge for /app/data/T0015/270588/b1256qt/universalinit-270588/src/universalinit/templates/django/api/apps.py
2025-11-26 11:55:26,409 - Knowledge - INFO - [MONGODB_OP] Completed: persist, Collection: file_info, Duration: 93ms
2025-11-26 11:55:26,924 - Knowledge - INFO - [REDIS_OP] Completed: store_embedding, Key: src/universalinit/templates/django/api/apps.py, Duration: 355ms
2025-11-26 11:55:27,112 - Knowledge - INFO - persist search terms embedding for src/universalinit/templates/django/api/apps.py
2025-11-26 11:55:27,304 - Knowledge - INFO - process ingested knowledge for /app/data/T0015/270588/b1256qt/universalinit-270588/src/universalinit/templates/django/api/apps.py
2025-11-26 11:55:27,480 - Knowledge - INFO - Found code-base-name: https://github.com/kavia-common/universalinit-270588.git:kavia-Add-Lightningjs-Template
2025-11-26 11:55:27,641 - Knowledge - INFO - Found code_base: <app.utils.kg_build.knowledge.KnowledgeCodeBase object at 0x7fbc2776ea10>
2025-11-26 11:55:27,969 - Knowledge - INFO - Found code-base-name: https://github.com/kavia-common/universalinit-270588.git:kavia-Add-Lightningjs-Template
2025-11-26 11:55:28,166 - Knowledge - INFO - Found code_base: <app.utils.kg_build.knowledge.KnowledgeCodeBase object at 0x7fbc2776ea10>
2025-11-26 11:55:28,339 - Knowledge - INFO - persist ingested knowledge for /app/data/T0015/270588/b1256qt/universalinit-270588/src/universalinit/templates/nextjs/postcss.config.mjs
2025-11-26 11:55:28,633 - Knowledge - INFO - [MONGODB_OP] Completed: persist, Collection: file_info, Duration: 122ms
2025-11-26 11:55:29,561 - Knowledge - INFO - [REDIS_OP] Completed: store_embedding, Key: src/universalinit/templates/nextjs/postcss.config.mjs, Duration: 741ms
2025-11-26 11:55:29,745 - Knowledge - INFO - persist search terms embedding for src/universalinit/templates/nextjs/postcss.config.mjs
2025-11-26 11:55:29,942 - Knowledge - INFO - process ingested knowledge for /app/data/T0015/270588/b1256qt/universalinit-270588/src/universalinit/templates/nextjs/postcss.config.mjs
2025-11-26 11:55:30,130 - Knowledge - INFO - Found code-base-name: https://github.com/kavia-common/universalinit-270588.git:kavia-Add-Lightningjs-Template
2025-11-26 11:55:30,290 - Knowledge - INFO - Found code_base: <app.utils.kg_build.knowledge.KnowledgeCodeBase object at 0x7fbc2776ea10>
                                                                                                                               2025-11-26 11:55:30,543 - Knowledge - INFO - Found code-base-name: https://github.com/kavia-common/universalinit-270588.git:kavia-Add-Lightningjs-Template
2025-11-26 11:55:30,720 - Knowledge - INFO - Found code_base: <app.utils.kg_build.knowledge.KnowledgeCodeBase object at 0x7fbc2776ea10>
2025-11-26 11:55:30,866 - Knowledge - INFO - persist ingested knowledge for /app/data/T0015/270588/b1256qt/universalinit-270588/src/universalinit/templates/lightningjs/config.yml
   2025-11-26 11:55:31,103 - Knowledge - INFO - [MONGODB_OP] Completed: persist, Collection: file_info, Duration: 89ms
2025-11-26 11:55:31,525 - Knowledge - INFO - [REDIS_OP] Completed: store_embedding, Key: src/universalinit/templates/lightningjs/config.yml, Duration: 230ms
2025-11-26 11:55:31,682 - Knowledge - INFO - persist search terms embedding for src/universalinit/templates/lightningjs/config.yml
2025-11-26 11:55:31,863 - Knowledge - INFO - process ingested knowledge for /app/data/T0015/270588/b1256qt/universalinit-270588/src/universalinit/templates/lightningjs/config.yml
2025-11-26 11:55:32,056 - Knowledge - INFO - Found code-base-name: https://github.com/kavia-common/universalinit-270588.git:kavia-Add-Lightningjs-Template
2025-11-26 11:55:32,227 - Knowledge - INFO - Found code_base: <app.utils.kg_build.knowledge.KnowledgeCodeBase object at 0x7fbc2776ea10>
2025-11-26 11:55:32,467 - Knowledge - INFO - Found code-base-name: https://github.com/kavia-common/universalinit-270588.git:kavia-Add-Lightningjs-Template
2025-11-26 11:55:32,652 - Knowledge - INFO - Found code_base: <app.utils.kg_build.knowledge.KnowledgeCodeBase object at 0x7fbc2776ea10>
2025-11-26 11:55:32,820 - Knowledge - INFO - persist ingested knowledge for /app/data/T0015/270588/b1256qt/universalinit-270588/src/universalinit/templates/android/config.yml
2025-11-26 11:55:33,141 - Knowledge - INFO - [MONGODB_OP] Completed: persist, Collection: file_info, Duration: 93ms
2025-11-26 11:55:33,497 - Knowledge - INFO - [REDIS_OP] Completed: store_embedding, Key: src/universalinit/templates/android/config.yml, Duration: 200ms
2025-11-26 11:55:33,672 - Knowledge - INFO - persist search terms embedding for src/universalinit/templates/android/config.yml
2025-11-26 11:55:33,838 - Knowledge - INFO - process ingested knowledge for /app/data/T0015/270588/b1256qt/universalinit-270588/src/universalinit/templates/android/config.yml
2025-11-26 11:55:34,009 - Knowledge - INFO - Found code-base-name: https://github.com/kavia-common/universalinit-270588.git:kavia-Add-Lightningjs-Template
2025-11-26 11:55:34,185 - Knowledge - INFO - Found code_base: <app.utils.kg_build.knowledge.KnowledgeCodeBase object at 0x7fbc2776ea10>
2025-11-26 11:55:34,485 - Knowledge - INFO - Found code-base-name: https://github.com/kavia-common/universalinit-270588.git:kavia-Add-Lightningjs-Template
2025-11-26 11:55:34,647 - Knowledge - INFO - Found code_base: <app.utils.kg_build.knowledge.KnowledgeCodeBase object at 0x7fbc2776ea10>
2025-11-26 11:55:34,849 - Knowledge - INFO - persist ingested knowledge for /app/data/T0015/270588/b1256qt/universalinit-270588/src/universalinit/templates/qwik/src/routes/styles.css
2025-11-26 11:55:35,143 - Knowledge - INFO - [MONGODB_OP] Completed: persist, Collection: file_info, Duration: 119ms
2025-11-26 11:55:35,597 - Knowledge - INFO - [REDIS_OP] Completed: store_embedding, Key: src/universalinit/templates/qwik/src/routes/styles.css, Duration: 308ms
2025-11-26 11:55:35,748 - Knowledge - INFO - persist search terms embedding for src/universalinit/templates/qwik/src/routes/styles.css
2025-11-26 11:55:35,943 - Knowledge - INFO - process ingested knowledge for /app/data/T0015/270588/b1256qt/universalinit-270588/src/universalinit/templates/qwik/src/routes/styles.css
2025-11-26 11:55:36,140 - Knowledge - INFO - Found code-base-name: https://github.com/kavia-common/universalinit-270588.git:kavia-Add-Lightningjs-Template
2025-11-26 11:55:36,300 - Knowledge - INFO - Found code_base: <app.utils.kg_build.knowledge.KnowledgeCodeBase object at 0x7fbc2776ea10>
2025-11-26 11:55:36,556 - Knowledge - INFO - Found code-base-name: https://github.com/kavia-common/universalinit-270588.git:kavia-Add-Lightningjs-Template
2025-11-26 11:55:36,749 - Knowledge - INFO - Found code_base: <app.utils.kg_build.knowledge.KnowledgeCodeBase object at 0x7fbc2776ea10>
2025-11-26 11:55:36,906 - Knowledge - INFO - persist ingested knowledge for /app/data/T0015/270588/b1256qt/universalinit-270588/src/universalinit/templates/vite/src/main.js
2025-11-26 11:55:37,210 - Knowledge - INFO - [MONGODB_OP] Completed: persist, Collection: file_info, Duration: 118ms
2025-11-26 11:55:38,020 - Knowledge - INFO - [REDIS_OP] Completed: store_embedding, Key: src/universalinit/templates/vite/src/main.js, Duration: 665ms
2025-11-26 11:55:38,215 - Knowledge - INFO - persist search terms embedding for src/universalinit/templates/vite/src/main.js
2025-11-26 11:55:38,413 - Knowledge - INFO - process ingested knowledge for /app/data/T0015/270588/b1256qt/universalinit-270588/src/universalinit/templates/vite/src/main.js
2025-11-26 11:55:38,593 - Knowledge - INFO - Found code-base-name: https://github.com/kavia-common/universalinit-270588.git:kavia-Add-Lightningjs-Template
2025-11-26 11:55:38,762 - Knowledge - INFO - Found code_base: <app.utils.kg_build.knowledge.KnowledgeCodeBase object at 0x7fbc2776ea10>
2025-11-26 11:55:39,042 - Knowledge - INFO - Found code-base-name: https://github.com/kavia-common/universalinit-270588.git:kavia-Add-Lightningjs-Template
2025-11-26 11:55:39,217 - Knowledge - INFO - Found code_base: <app.utils.kg_build.knowledge.KnowledgeCodeBase object at 0x7fbc2776ea10>
2025-11-26 11:55:39,471 - Knowledge - INFO - persist ingested knowledge for /app/data/T0015/270588/b1256qt/universalinit-270588/src/universalinit/templates/svelte/package.json
2025-11-26 11:55:39,760 - Knowledge - INFO - [MONGODB_OP] Completed: persist, Collection: file_info, Duration: 97ms
2025-11-26 11:55:40,150 - Knowledge - INFO - [REDIS_OP] Completed: store_embedding, Key: src/universalinit/templates/svelte/package.json, Duration: 230ms
2025-11-26 11:55:40,331 - Knowledge - INFO - persist search terms embedding for src/universalinit/templates/svelte/package.json
2025-11-26 11:55:40,526 - Knowledge - INFO - process ingested knowledge for /app/data/T0015/270588/b1256qt/universalinit-270588/src/universalinit/templates/svelte/package.json
2025-11-26 11:55:40,661 - Knowledge - INFO - Found code-base-name: https://github.com/kavia-common/universalinit-270588.git:kavia-Add-Lightningjs-Template
2025-11-26 11:55:40,844 - Knowledge - INFO - Found code_base: <app.utils.kg_build.knowledge.KnowledgeCodeBase object at 0x7fbc2776ea10>
2025-11-26 11:55:41,124 - Knowledge - INFO - Found code-base-name: https://github.com/kavia-common/universalinit-270588.git:kavia-Add-Lightningjs-Template
2025-11-26 11:55:41,302 - Knowledge - INFO - Found code_base: <app.utils.kg_build.knowledge.KnowledgeCodeBase object at 0x7fbc2776ea10>
2025-11-26 11:55:41,450 - Knowledge - INFO - persist ingested knowledge for /app/data/T0015/270588/b1256qt/universalinit-270588/src/universalinit/templates/qwik/src/routes/layout.tsx
2025-11-26 11:55:41,696 - Knowledge - INFO - [MONGODB_OP] Completed: persist, Collection: file_info, Duration: 95ms
2025-11-26 11:55:42,110 - Knowledge - INFO - [REDIS_OP] Completed: store_embedding, Key: src/universalinit/templates/qwik/src/routes/layout.tsx, Duration: 222ms
2025-11-26 11:55:42,266 - Knowledge - INFO - persist search terms embedding for src/universalinit/templates/qwik/src/routes/layout.tsx
2025-11-26 11:55:42,444 - Knowledge - INFO - process ingested knowledge for /app/data/T0015/270588/b1256qt/universalinit-270588/src/universalinit/templates/qwik/src/routes/layout.tsx
2025-11-26 11:55:42,588 - Knowledge - INFO - Found code-base-name: https://github.com/kavia-common/universalinit-270588.git:kavia-Add-Lightningjs-Template
2025-11-26 11:55:42,793 - Knowledge - INFO - Found code_base: <app.utils.kg_build.knowledge.KnowledgeCodeBase object at 0x7fbc2776ea10>
2025-11-26 11:55:43,048 - Knowledge - INFO - Found code-base-name: https://github.com/kavia-common/universalinit-270588.git:kavia-Add-Lightningjs-Template
2025-11-26 11:55:43,235 - Knowledge - INFO - Found code_base: <app.utils.kg_build.knowledge.KnowledgeCodeBase object at 0x7fbc2776ea10>
2025-11-26 11:55:43,440 - Knowledge - INFO - persist ingested knowledge for /app/data/T0015/270588/b1256qt/universalinit-270588/src/universalinit/templates/kotlin/app/src/main/res/values-land/dimens.xml
2025-11-26 11:55:43,699 - Knowledge - INFO - [MONGODB_OP] Completed: persist, Collection: file_info, Duration: 97ms
2025-11-26 11:55:44,167 - Knowledge - INFO - [REDIS_OP] Completed: store_embedding, Key: src/universalinit/templates/kotlin/app/src/main/res/values-land/dimens.xml, Duration: 281ms
2025-11-26 11:55:44,350 - Knowledge - INFO - persist search terms embedding for src/universalinit/templates/kotlin/app/src/main/res/values-land/dimens.xml
2025-11-26 11:55:44,508 - Knowledge - INFO - process ingested knowledge for /app/data/T0015/270588/b1256qt/universalinit-270588/src/universalinit/templates/kotlin/app/src/main/res/values-land/dimens.xml
2025-11-26 11:55:44,670 - Knowledge - INFO - Found code-base-name: https://github.com/kavia-common/universalinit-270588.git:kavia-Add-Lightningjs-Template
2025-11-26 11:55:44,817 - Knowledge - INFO - Found code_base: <app.utils.kg_build.knowledge.KnowledgeCodeBase object at 0x7fbc2776ea10>
2025-11-26 11:55:45,076 - Knowledge - INFO - Found code-base-name: https://github.com/kavia-common/universalinit-270588.git:kavia-Add-Lightningjs-Template
2025-11-26 11:55:45,283 - Knowledge - INFO - Found code_base: <app.utils.kg_build.knowledge.KnowledgeCodeBase object at 0x7fbc2776ea10>
2025-11-26 11:55:45,447 - Knowledge - INFO - persist ingested knowledge for /app/data/T0015/270588/b1256qt/universalinit-270588/src/universalinit/templates/vite/vite.config.js
2025-11-26 11:55:45,776 - Knowledge - INFO - [MONGODB_OP] Completed: persist, Collection: file_info, Duration: 114ms
2025-11-26 11:55:46,184 - Knowledge - INFO - [REDIS_OP] Completed: store_embedding, Key: src/universalinit/templates/vite/vite.config.js, Duration: 241ms
2025-11-26 11:55:46,333 - Knowledge - INFO - persist search terms embedding for src/universalinit/templates/vite/vite.config.js
2025-11-26 11:55:46,507 - Knowledge - INFO - process ingested knowledge for /app/data/T0015/270588/b1256qt/universalinit-270588/src/universalinit/templates/vite/vite.config.js
2025-11-26 11:55:46,678 - Knowledge - INFO - Found code-base-name: https://github.com/kavia-common/universalinit-270588.git:kavia-Add-Lightningjs-Template
2025-11-26 11:55:46,845 - Knowledge - INFO - Found code_base: <app.utils.kg_build.knowledge.KnowledgeCodeBase object at 0x7fbc2776ea10>
2025-11-26 11:55:47,104 - Knowledge - INFO - Found code-base-name: https://github.com/kavia-common/universalinit-270588.git:kavia-Add-Lightningjs-Template
2025-11-26 11:55:47,284 - Knowledge - INFO - Found code_base: <app.utils.kg_build.knowledge.KnowledgeCodeBase object at 0x7fbc2776ea10>
2025-11-26 11:55:47,482 - Knowledge - INFO - persist ingested knowledge for /app/data/T0015/270588/b1256qt/universalinit-270588/test/test_nuxt_template.py
2025-11-26 11:55:47,744 - Knowledge - INFO - [MONGODB_OP] Completed: persist, Collection: file_info, Duration: 109ms
2025-11-26 11:55:48,158 - Knowledge - INFO - [REDIS_OP] Completed: store_embedding, Key: test/test_nuxt_template.py, Duration: 242ms
2025-11-26 11:55:48,316 - Knowledge - INFO - persist search terms embedding for test/test_nuxt_template.py
2025-11-26 11:55:48,538 - Knowledge - INFO - process ingested knowledge for /app/data/T0015/270588/b1256qt/universalinit-270588/test/test_nuxt_template.py
2025-11-26 11:55:48,742 - Knowledge - INFO - Found code-base-name: https://github.com/kavia-common/universalinit-270588.git:kavia-Add-Lightningjs-Template
2025-11-26 11:55:48,942 - Knowledge - INFO - Found code_base: <app.utils.kg_build.knowledge.KnowledgeCodeBase object at 0x7fbc2776ea10>
2025-11-26 11:55:49,231 - Knowledge - INFO - Found code-base-name: https://github.com/kavia-common/universalinit-270588.git:kavia-Add-Lightningjs-Template
2025-11-26 11:55:49,419 - Knowledge - INFO - Found code_base: <app.utils.kg_build.knowledge.KnowledgeCodeBase object at 0x7fbc2776ea10>
2025-11-26 11:55:49,592 - Knowledge - INFO - persist ingested knowledge for /app/data/T0015/270588/b1256qt/universalinit-270588/src/universalinit/templates/qwik/src/entry.dev.tsx
2025-11-26 11:55:49,906 - Knowledge - INFO - [MONGODB_OP] Completed: persist, Collection: file_info, Duration: 98ms
2025-11-26 11:55:50,305 - Knowledge - INFO - [REDIS_OP] Completed: store_embedding, Key: src/universalinit/templates/qwik/src/entry.dev.tsx, Duration: 232ms
2025-11-26 11:55:50,534 - Knowledge - INFO - persist search terms embedding for src/universalinit/templates/qwik/src/entry.dev.tsx
2025-11-26 11:55:50,755 - Knowledge - INFO - process ingested knowledge for /app/data/T0015/270588/b1256qt/universalinit-270588/src/universalinit/templates/qwik/src/entry.dev.tsx
2025-11-26 11:55:50,968 - Knowledge - INFO - Found code-base-name: https://github.com/kavia-common/universalinit-270588.git:kavia-Add-Lightningjs-Template
2025-11-26 11:55:51,167 - Knowledge - INFO - Found code_base: <app.utils.kg_build.knowledge.KnowledgeCodeBase object at 0x7fbc2776ea10>
2025-11-26 11:55:51,429 - Knowledge - INFO - Found code-base-name: https://github.com/kavia-common/universalinit-270588.git:kavia-Add-Lightningjs-Template
2025-11-26 11:55:51,580 - Knowledge - INFO - Found code_base: <app.utils.kg_build.knowledge.KnowledgeCodeBase object at 0x7fbc2776ea10>
2025-11-26 11:55:51,784 - Knowledge - INFO - persist ingested knowledge for /app/data/T0015/270588/b1256qt/universalinit-270588/src/universalinit/templates/kotlin/settings.gradle.kts
2025-11-26 11:55:52,075 - Knowledge - INFO - [MONGODB_OP] Completed: persist, Collection: file_info, Duration: 109ms
2025-11-26 11:55:52,440 - Knowledge - INFO - [REDIS_OP] Completed: store_embedding, Key: src/universalinit/templates/kotlin/settings.gradle.kts, Duration: 218ms
2025-11-26 11:55:52,622 - Knowledge - INFO - persist search terms embedding for src/universalinit/templates/kotlin/settings.gradle.kts
2025-11-26 11:55:52,797 - Knowledge - INFO - process ingested knowledge for /app/data/T0015/270588/b1256qt/universalinit-270588/src/universalinit/templates/kotlin/settings.gradle.kts
2025-11-26 11:55:52,970 - Knowledge - INFO - Found code-base-name: https://github.com/kavia-common/universalinit-270588.git:kavia-Add-Lightningjs-Template
2025-11-26 11:55:53,180 - Knowledge - INFO - Found code_base: <app.utils.kg_build.knowledge.KnowledgeCodeBase object at 0x7fbc2776ea10>
2025-11-26 11:55:53,474 - Knowledge - INFO - Found code-base-name: https://github.com/kavia-common/universalinit-270588.git:kavia-Add-Lightningjs-Template
2025-11-26 11:55:53,635 - Knowledge - INFO - Found code_base: <app.utils.kg_build.knowledge.KnowledgeCodeBase object at 0x7fbc2776ea10>
2025-11-26 11:55:53,785 - Knowledge - INFO - persist ingested knowledge for /app/data/T0015/270588/b1256qt/universalinit-270588/src/universalinit/templates/flask/app/routes/health.py
2025-11-26 11:55:54,073 - Knowledge - INFO - [MONGODB_OP] Completed: persist, Collection: file_info, Duration: 134ms
2025-11-26 11:55:54,515 - Knowledge - INFO - [REDIS_OP] Completed: store_embedding, Key: src/universalinit/templates/flask/app/routes/health.py, Duration: 276ms
2025-11-26 11:55:54,660 - Knowledge - INFO - persist search terms embedding for src/universalinit/templates/flask/app/routes/health.py
2025-11-26 11:55:54,835 - Knowledge - INFO - process ingested knowledge for /app/data/T0015/270588/b1256qt/universalinit-270588/src/universalinit/templates/flask/app/routes/health.py
2025-11-26 11:55:54,987 - Knowledge - INFO - Found code-base-name: https://github.com/kavia-common/universalinit-270588.git:kavia-Add-Lightningjs-Template
2025-11-26 11:55:55,147 - Knowledge - INFO - Found code_base: <app.utils.kg_build.knowledge.KnowledgeCodeBase object at 0x7fbc2776ea10>
2025-11-26 11:55:55,399 - Knowledge - INFO - Found code-base-name: https://github.com/kavia-common/universalinit-270588.git:kavia-Add-Lightningjs-Template
2025-11-26 11:55:55,547 - Knowledge - INFO - Found code_base: <app.utils.kg_build.knowledge.KnowledgeCodeBase object at 0x7fbc2776ea10>
2025-11-26 11:55:55,716 - Knowledge - INFO - persist ingested knowledge for /app/data/T0015/270588/b1256qt/universalinit-270588/src/universalinit/templates/kotlin/app/src/main/java/com/example/kotlin/FirstFragment.kt
2025-11-26 11:55:56,040 - Knowledge - INFO - [MONGODB_OP] Completed: persist, Collection: file_info, Duration: 126ms
2025-11-26 11:55:56,564 - Knowledge - INFO - [REDIS_OP] Completed: store_embedding, Key: src/universalinit/templates/kotlin/app/src/main/java/com/example/kotlin/FirstFragment.kt, Duration: 340ms
2025-11-26 11:55:56,746 - Knowledge - INFO - persist search terms embedding for src/universalinit/templates/kotlin/app/src/main/java/com/example/kotlin/FirstFragment.kt
2025-11-26 11:55:56,928 - Knowledge - INFO - process ingested knowledge for /app/data/T0015/270588/b1256qt/universalinit-270588/src/universalinit/templates/kotlin/app/src/main/java/com/example/kotlin/FirstFragment.kt
2025-11-26 11:55:57,148 - Knowledge - INFO - Found code-base-name: https://github.com/kavia-common/universalinit-270588.git:kavia-Add-Lightningjs-Template
2025-11-26 11:55:57,325 - Knowledge - INFO - Found code_base: <app.utils.kg_build.knowledge.KnowledgeCodeBase object at 0x7fbc2776ea10>
2025-11-26 11:55:57,556 - Knowledge - INFO - Found code-base-name: https://github.com/kavia-common/universalinit-270588.git:kavia-Add-Lightningjs-Template
2025-11-26 11:55:57,709 - Knowledge - INFO - Found code_base: <app.utils.kg_build.knowledge.KnowledgeCodeBase object at 0x7fbc2776ea10>
2025-11-26 11:55:57,896 - Knowledge - INFO - persist ingested knowledge for /app/data/T0015/270588/b1256qt/universalinit-270588/src/universalinit/templates/astro/config.yml
2025-11-26 11:55:58,171 - Knowledge - INFO - [MONGODB_OP] Completed: persist, Collection: file_info, Duration: 109ms
2025-11-26 11:55:58,575 - Knowledge - INFO - [REDIS_OP] Completed: store_embedding, Key: src/universalinit/templates/astro/config.yml, Duration: 240ms
2025-11-26 11:55:58,722 - Knowledge - INFO - persist search terms embedding for src/universalinit/templates/astro/config.yml
2025-11-26 11:55:58,903 - Knowledge - INFO - process ingested knowledge for /app/data/T0015/270588/b1256qt/universalinit-270588/src/universalinit/templates/astro/config.yml
2025-11-26 11:55:59,104 - Knowledge - INFO - Found code-base-name: https://github.com/kavia-common/universalinit-270588.git:kavia-Add-Lightningjs-Template
2025-11-26 11:55:59,286 - Knowledge - INFO - Found code_base: <app.utils.kg_build.knowledge.KnowledgeCodeBase object at 0x7fbc2776ea10>
2025-11-26 11:55:59,620 - Knowledge - INFO - Found code-base-name: https://github.com/kavia-common/universalinit-270588.git:kavia-Add-Lightningjs-Template
2025-11-26 11:55:59,783 - Knowledge - INFO - Found code_base: <app.utils.kg_build.knowledge.KnowledgeCodeBase object at 0x7fbc2776ea10>
2025-11-26 11:55:59,930 - Knowledge - INFO - persist ingested knowledge for /app/data/T0015/270588/b1256qt/universalinit-270588/src/universalinit/templates/nativescript/jsconfig.json
2025-11-26 11:56:00,217 - Knowledge - INFO - [MONGODB_OP] Completed: persist, Collection: file_info, Duration: 107ms
2025-11-26 11:56:00,773 - Knowledge - INFO - [REDIS_OP] Completed: store_embedding, Key: src/universalinit/templates/nativescript/jsconfig.json, Duration: 354ms
2025-11-26 11:56:00,953 - Knowledge - INFO - persist search terms embedding for src/universalinit/templates/nativescript/jsconfig.json
2025-11-26 11:56:01,138 - Knowledge - INFO - process ingested knowledge for /app/data/T0015/270588/b1256qt/universalinit-270588/src/universalinit/templates/nativescript/jsconfig.json
2025-11-26 11:56:01,310 - Knowledge - INFO - Loaded 312 files from persisted knowledge
2025-11-26 11:56:01,511 - Knowledge - INFO - load persisted knowledge: end
2025-11-26 11:56:01,715 - Knowledge - INFO - Redis support added with prefix knowledge:b1256qt:
2025-11-26 11:56:02,773 - Knowledge - INFO - Starting knowledge initialization for ID: gWeLqG-b1256qt
2025-11-26 11:56:02,989 - Knowledge - INFO - 🔍 Checking Redis for build_id: b1256qt
2025-11-26 11:56:03,174 - Knowledge - INFO - 🔍 Full session ID: gWeLqG-b1256qt
2025-11-26 11:56:03,323 - Knowledge - INFO - 🔍 Redis prefix will be: knowledge:b1256qt:
2025-11-26 11:56:03,486 - Knowledge - INFO - 🔍 Using attached load_from_redis() method
2025-11-26 11:56:03,692 - Knowledge - INFO - 🔍 Attempting to load knowledge from Redis...
2025-11-26 11:56:03,893 - Knowledge - INFO - 🔍 Using derived instance_id for Redis lookup: b1256qt
                                                                                                                                                                                                                                                                                                                                                                                                                                                                                                                                                                                                                                                                                                                                                                                                                                                                                                                                                                                                                                                                  g derived instance_id for Redis lookup: b1256qt
2025-11-26 11:56:10,749 - Knowledge - INFO - ✅ Redis cache found! Loading knowledge...
2025-11-26 11:56:10,907 - Knowledge - INFO - ✅ Successfully loaded from Redis: 312 files
2025-11-26 11:56:11,122 - Knowledge - INFO - ✅ Redis load complete: 312 files in 5.89s
2025-11-26 11:56:11,314 - Knowledge - INFO - ⚡ Total Redis path: 5.89s (vs ~300s from disk)
2025-11-26 11:56:11,518 - Knowledge - INFO - Saving knowledge to Redis...
2025-11-26 11:56:11,825 - Knowledge - INFO - Knowledge saved to Redis successfully
