2025-11-19 08:00:47,136 - Knowledge - INFO - Created shared MongoDB connection pool
2025-11-19 08:00:47,453 - Knowledge - INFO - Starting Knowledge Graph processing with 20 threads
2025-11-19 08:00:47,630 - Knowledge - INFO - Initial configuration: chunk_size=65536, max_cache_size=500
2025-11-19 08:00:47,833 - Knowledge - INFO - Knowledge Graph concurrency configuration: workers=20, max_batch_size=25, max_concurrent_llm_calls=50
2025-11-19 08:00:49,333 - Knowledge - INFO - 🔍 _load_persisted_knowledge called - checking for Redis optimization
2025-11-19 08:00:49,473 - Knowledge - WARNING - ❌ load_from_redis method not found - Redis support not attached
2025-11-19 08:00:49,655 - Knowledge - INFO - load persisted knowledge: begin
2025-11-19 08:00:49,839 - Knowledge - INFO - Loaded 0 files from persisted knowledge
2025-11-19 08:00:50,022 - Knowledge - INFO - load persisted knowledge: end
2025-11-19 08:00:50,253 - Knowledge - WARNING - No persisted knowledge found. Files will be queued during start()
2025-11-19 08:00:50,459 - Knowledge - INFO - Redis support added with prefix knowledge:b1256qt:
2025-11-19 08:00:51,198 - Knowledge - INFO - Starting knowledge initialization for ID: x335cH-b1256qt
2025-11-19 08:00:51,416 - Knowledge - INFO - 🔍 Checking Redis for build_id: b1256qt
2025-11-19 08:00:51,613 - Knowledge - INFO - 🔍 Full session ID: x335cH-b1256qt
2025-11-19 08:00:51,803 - Knowledge - INFO - 🔍 Redis prefix will be: knowledge:b1256qt:
2025-11-19 08:00:51,995 - Knowledge - INFO - 🔍 Using attached load_from_redis() method
2025-11-19 08:00:52,138 - Knowledge - INFO - 🔍 Attempting to load knowledge from Redis...
2025-11-19 08:00:52,311 - Knowledge - INFO - 🔍 Using derived instance_id for Redis lookup: b1256qt
2025-11-19 08:00:54,602 - Knowledge - WARNING - ❌ No Redis cache found
2025-11-19 08:00:56,954 - Knowledge - INFO - 📁 Loading knowledge from disk...
2025-11-19 08:00:57,164 - Knowledge - INFO - load persisted docinfo: begin
2025-11-19 08:00:57,338 - Knowledge - INFO - load persisted docinfo: end
2025-11-19 08:00:57,509 - Knowledge - INFO - 🔍 _load_persisted_knowledge called - checking for Redis optimization
2025-11-19 08:00:57,691 - Knowledge - INFO - ✅ load_from_redis method found - attempting Redis load
2025-11-19 08:00:57,869 - Knowledge - INFO - 🔍 Attempting to load knowledge from Redis...
2025-11-19 08:00:58,081 - Knowledge - INFO - 🔍 Using derived instance_id for Redis lookup: b1256qt
2025-11-19 08:01:00,297 - Knowledge - WARNING - ❌ No Redis cache found
2025-11-19 08:01:00,499 - Knowledge - INFO - ❌ Redis load returned False - falling back to file loading
2025-11-19 08:01:00,722 - Knowledge - INFO - load persisted knowledge: begin
2025-11-19 08:01:00,867 - Knowledge - INFO - Loaded 0 files from persisted knowledge
2025-11-19 08:01:01,047 - Knowledge - INFO - load persisted knowledge: end
2025-11-19 08:01:01,216 - Knowledge - INFO - 📁 Disk load complete in 4.09s
2025-11-19 08:01:01,408 - Knowledge - INFO - Populating ingest queue with source files...
2025-11-19 08:01:02,607 - Knowledge - INFO - Added 312 files from /app/data/T0015/270588/b1256qt/universalinit-270588 to ingest queue
2025-11-19 08:01:02,792 - Knowledge - INFO - Worker kw1 created using shared MongoDB connection pool
2025-11-19 08:01:02,955 - Knowledge - INFO - knowledge worker kw1 start
2025-11-19 08:01:02,956 - Knowledge - INFO - Worker kw2 created using shared MongoDB connection pool
2025-11-19 08:01:03,113 - Knowledge - INFO - [kw1] Queue=312, InProgress=0, PendingWorkers=0/1, Completed=0/312 (0.0%)
2025-11-19 08:01:03,207 - Knowledge - INFO - knowledge worker kw2 start
2025-11-19 08:01:03,207 - Knowledge - INFO - Worker kw3 created using shared MongoDB connection pool
2025-11-19 08:01:03,287 - Knowledge - INFO - Batch sizing: calculated=15, max_allowed=25, queue=312, active_workers=0/2
2025-11-19 08:01:03,420 - Knowledge - INFO - [kw2] Queue=312, InProgress=0, PendingWorkers=0/2, Completed=0/312 (0.0%)
2025-11-19 08:01:03,492 - Knowledge - INFO - knowledge worker kw3 start
2025-11-19 08:01:03,492 - Knowledge - INFO - Worker kw4 created using shared MongoDB connection pool
2025-11-19 08:01:03,595 - Knowledge - INFO - Worker kw1 processing /app/data/T0015/270588/b1256qt/universalinit-270588/test/test_nuxt_template.py
2025-11-19 08:01:03,673 - Knowledge - INFO - Batch sizing: calculated=15, max_allowed=25, queue=312, active_workers=1/3
2025-11-19 08:01:03,789 - Knowledge - INFO - [kw3] Queue=297, InProgress=0, PendingWorkers=1/3, Completed=0/312 (0.0%)
2025-11-19 08:01:03,886 - Knowledge - INFO - knowledge worker kw4 start
2025-11-19 08:01:03,886 - Knowledge - INFO - Worker kw5 created using shared MongoDB connection pool
2025-11-19 08:01:03,965 - Knowledge - INFO - Fast-tracked /app/data/T0015/270588/b1256qt/universalinit-270588/test/test_nuxt_template.py (ext=.py, size=6395)
2025-11-19 08:01:04,074 - Knowledge - INFO - Worker kw2 processing /app/data/T0015/270588/b1256qt/universalinit-270588/test/test_vite_template.py
2025-11-19 08:01:04,184 - Knowledge - INFO - Batch sizing: calculated=15, max_allowed=25, queue=297, active_workers=2/4
2025-11-19 08:01:04,258 - Knowledge - INFO - [kw4] Queue=282, InProgress=0, PendingWorkers=2/4, Completed=0/312 (0.0%)
2025-11-19 08:01:04,329 - Knowledge - INFO - knowledge worker kw5 start
2025-11-19 08:01:04,329 - Knowledge - INFO - Worker kw6 created using shared MongoDB connection pool
2025-11-19 08:01:04,395 - Knowledge - INFO - Worker kw1 processing /app/data/T0015/270588/b1256qt/universalinit-270588/test/test_typescript_template.py
2025-11-19 08:01:04,473 - Knowledge - INFO - Fast-tracked /app/data/T0015/270588/b1256qt/universalinit-270588/test/test_vite_template.py (ext=.py, size=6410)
2025-11-19 08:01:04,541 - Knowledge - INFO - Worker kw3 processing /app/data/T0015/270588/b1256qt/universalinit-270588/src/universalinit/templates/vue/src/main.ts
2025-11-19 08:01:04,633 - Knowledge - INFO - Batch sizing: calculated=15, max_allowed=25, queue=282, active_workers=3/5
2025-11-19 08:01:04,743 - Knowledge - INFO - [kw5] Queue=267, InProgress=0, PendingWorkers=3/5, Completed=0/312 (0.0%)
2025-11-19 08:01:04,830 - Knowledge - INFO - knowledge worker kw6 start
2025-11-19 08:01:04,830 - Knowledge - INFO - Worker kw7 created using shared MongoDB connection pool
2025-11-19 08:01:04,948 - Knowledge - INFO - Fast-tracked /app/data/T0015/270588/b1256qt/universalinit-270588/test/test_typescript_template.py (ext=.py, size=6086)
2025-11-19 08:01:05,045 - Knowledge - INFO - Worker kw2 processing /app/data/T0015/270588/b1256qt/universalinit-270588/test/test_nativescript_template.py
2025-11-19 08:01:05,126 - Knowledge - INFO - Fast-tracked /app/data/T0015/270588/b1256qt/universalinit-270588/src/universalinit/templates/vue/src/main.ts (ext=.ts, size=242)
2025-11-19 08:01:05,205 - Knowledge - INFO - Worker kw4 processing /app/data/T0015/270588/b1256qt/universalinit-270588/src/universalinit/templates/fastapi/src/api/main.py
2025-11-19 08:01:05,276 - Knowledge - INFO - Batch sizing: calculated=15, max_allowed=25, queue=267, active_workers=4/6
2025-11-19 08:01:05,430 - Knowledge - INFO - [kw6] Queue=252, InProgress=0, PendingWorkers=4/6, Completed=0/312 (0.0%)
2025-11-19 08:01:05,467 - Knowledge - INFO - knowledge worker kw7 start
2025-11-19 08:01:05,467 - Knowledge - INFO - Worker kw8 created using shared MongoDB connection pool
2025-11-19 08:01:05,553 - Knowledge - INFO - Worker kw1 processing /app/data/T0015/270588/b1256qt/universalinit-270588/test/test_slidev_template.py
2025-11-19 08:01:05,670 - Knowledge - INFO - Fast-tracked /app/data/T0015/270588/b1256qt/universalinit-270588/test/test_nativescript_template.py (ext=.py, size=11780)
2025-11-19 08:01:05,745 - Knowledge - INFO - Worker kw3 processing /app/data/T0015/270588/b1256qt/universalinit-270588/src/universalinit/templates/vue/src/components/__tests__/HelloWorld.spec.ts
2025-11-19 08:01:05,837 - Knowledge - INFO - Fast-tracked /app/data/T0015/270588/b1256qt/universalinit-270588/src/universalinit/templates/fastapi/src/api/main.py (ext=.py, size=311)
2025-11-19 08:01:05,924 - Knowledge - INFO - Worker kw5 processing /app/data/T0015/270588/b1256qt/universalinit-270588/src/universalinit/templates/nativescript/app/app.css
2025-11-19 08:01:06,067 - Knowledge - INFO - Batch sizing: calculated=15, max_allowed=25, queue=252, active_workers=5/7
2025-11-19 08:01:06,169 - Knowledge - INFO - [kw7] Queue=237, InProgress=0, PendingWorkers=5/7, Completed=0/312 (0.0%)
2025-11-19 08:01:06,241 - Knowledge - INFO - knowledge worker kw8 start
2025-11-19 08:01:06,241 - Knowledge - INFO - Worker kw9 created using shared MongoDB connection pool
2025-11-19 08:01:06,322 - Knowledge - INFO - Fast-tracked /app/data/T0015/270588/b1256qt/universalinit-270588/test/test_slidev_template.py (ext=.py, size=9037)
2025-11-19 08:01:06,428 - Knowledge - INFO - Worker kw2 processing /app/data/T0015/270588/b1256qt/universalinit-270588/test/test_nextjs_template.py
2025-11-19 08:01:06,517 - Knowledge - INFO - Fast-tracked /app/data/T0015/270588/b1256qt/universalinit-270588/src/universalinit/templates/vue/src/components/__tests__/HelloWorld.spec.ts (ext=.ts, size=330)
2025-11-19 08:01:06,600 - Knowledge - INFO - Worker kw4 processing /app/data/T0015/270588/b1256qt/universalinit-270588/src/universalinit/templates/fastapi/requirements.txt
2025-11-19 08:01:06,715 - Knowledge - INFO - Fast-tracked /app/data/T0015/270588/b1256qt/universalinit-270588/src/universalinit/templates/nativescript/app/app.css (ext=.css, size=224)
2025-11-19 08:01:06,816 - Knowledge - INFO - Worker kw6 processing /app/data/T0015/270588/b1256qt/universalinit-270588/src/universalinit/templates/nativescript/App_Resources/Android/src/main/res/drawable-nodpi/splash_screen.xml
2025-11-19 08:01:06,910 - Knowledge - INFO - Batch sizing: calculated=15, max_allowed=25, queue=237, active_workers=6/8
2025-11-19 08:01:06,985 - Knowledge - INFO - [kw8] Queue=222, InProgress=0, PendingWorkers=6/8, Completed=0/312 (0.0%)
2025-11-19 08:01:07,057 - Knowledge - INFO - knowledge worker kw9 start
2025-11-19 08:01:07,057 - Knowledge - INFO - Worker kw10 created using shared MongoDB connection pool
2025-11-19 08:01:07,134 - Knowledge - INFO - Worker kw1 processing /app/data/T0015/270588/b1256qt/universalinit-270588/test/test_django_template.py
2025-11-19 08:01:07,239 - Knowledge - INFO - Fast-tracked /app/data/T0015/270588/b1256qt/universalinit-270588/test/test_nextjs_template.py (ext=.py, size=7878)
2025-11-19 08:01:07,327 - Knowledge - INFO - Worker kw3 processing /app/data/T0015/270588/b1256qt/universalinit-270588/src/universalinit/templates/vue/src/router/index.ts
2025-11-19 08:01:07,394 - Knowledge - INFO - Fast-tracked /app/data/T0015/270588/b1256qt/universalinit-270588/src/universalinit/templates/fastapi/requirements.txt (ext=.txt, size=742)
2025-11-19 08:01:07,513 - Knowledge - INFO - Worker kw5 processing /app/data/T0015/270588/b1256qt/universalinit-270588/src/universalinit/templates/nativescript/app/app.js
2025-11-19 08:01:07,603 - Knowledge - INFO - Fast-tracked /app/data/T0015/270588/b1256qt/universalinit-270588/src/universalinit/templates/nativescript/App_Resources/Android/src/main/res/drawable-nodpi/splash_screen.xml (ext=.xml, size=304)
2025-11-19 08:01:07,686 - Knowledge - INFO - Worker kw7 processing /app/data/T0015/270588/b1256qt/universalinit-270588/src/universalinit/templates/qwik/src/routes/demo/flower/index.tsx
2025-11-19 08:01:07,762 - Knowledge - INFO - Batch sizing: calculated=15, max_allowed=25, queue=222, active_workers=7/9
2025-11-19 08:01:07,855 - Knowledge - INFO - [kw9] Queue=207, InProgress=0, PendingWorkers=7/9, Completed=0/312 (0.0%)
2025-11-19 08:01:07,940 - Knowledge - INFO - knowledge worker kw10 start
2025-11-19 08:01:07,940 - Knowledge - INFO - Worker kw11 created using shared MongoDB connection pool
2025-11-19 08:01:08,056 - Knowledge - INFO - Fast-tracked /app/data/T0015/270588/b1256qt/universalinit-270588/test/test_django_template.py (ext=.py, size=5902)
2025-11-19 08:01:08,131 - Knowledge - INFO - Worker kw2 processing /app/data/T0015/270588/b1256qt/universalinit-270588/test/conftest.py
2025-11-19 08:01:08,239 - Knowledge - INFO - Fast-tracked /app/data/T0015/270588/b1256qt/universalinit-270588/src/universalinit/templates/vue/src/router/index.ts (ext=.ts, size=591)
2025-11-19 08:01:08,314 - Knowledge - INFO - Worker kw4 processing /app/data/T0015/270588/b1256qt/universalinit-270588/src/universalinit/templates/fastapi/config.yml
2025-11-19 08:01:08,382 - Knowledge - INFO - Fast-tracked /app/data/T0015/270588/b1256qt/universalinit-270588/src/universalinit/templates/nativescript/app/app.js (ext=.js, size=197)
2025-11-19 08:01:08,463 - Knowledge - INFO - Worker kw6 processing /app/data/T0015/270588/b1256qt/universalinit-270588/src/universalinit/templates/nativescript/App_Resources/Android/src/main/AndroidManifest.xml
2025-11-19 08:01:08,545 - Knowledge - INFO - Fast-tracked /app/data/T0015/270588/b1256qt/universalinit-270588/src/universalinit/templates/qwik/src/routes/demo/flower/index.tsx (ext=.tsx, size=1586)
2025-11-19 08:01:08,615 - Knowledge - INFO - Worker kw8 processing /app/data/T0015/270588/b1256qt/universalinit-270588/src/universalinit/templates/qwik/src/components/starter/infobox/infobox.tsx
2025-11-19 08:01:08,692 - Knowledge - INFO - Batch sizing: calculated=15, max_allowed=25, queue=207, active_workers=8/10
2025-11-19 08:01:08,783 - Knowledge - INFO - [kw10] Queue=192, InProgress=0, PendingWorkers=8/10, Completed=0/312 (0.0%)
2025-11-19 08:01:08,895 - Knowledge - INFO - knowledge worker kw11 start
2025-11-19 08:01:08,895 - Knowledge - INFO - Worker kw12 created using shared MongoDB connection pool
2025-11-19 08:01:08,976 - Knowledge - INFO - Worker kw1 processing /app/data/T0015/270588/b1256qt/universalinit-270588/test/test_svelte_template.py
2025-11-19 08:01:09,050 - Knowledge - INFO - Fast-tracked /app/data/T0015/270588/b1256qt/universalinit-270588/test/conftest.py (ext=.py, size=1489)
2025-11-19 08:01:09,137 - Knowledge - INFO - Worker kw3 processing /app/data/T0015/270588/b1256qt/universalinit-270588/src/universalinit/templates/vue/src/assets/main.css
2025-11-19 08:01:09,242 - Knowledge - INFO - Fast-tracked /app/data/T0015/270588/b1256qt/universalinit-270588/src/universalinit/templates/fastapi/config.yml (ext=.yml, size=995)
2025-11-19 08:01:09,351 - Knowledge - INFO - Worker kw5 processing /app/data/T0015/270588/b1256qt/universalinit-270588/src/universalinit/templates/nativescript/app/app-root.xml
2025-11-19 08:01:09,463 - Knowledge - INFO - Fast-tracked /app/data/T0015/270588/b1256qt/universalinit-270588/src/universalinit/templates/nativescript/App_Resources/Android/src/main/AndroidManifest.xml (ext=.xml, size=1533)
2025-11-19 08:01:09,546 - Knowledge - INFO - Worker kw7 processing /app/data/T0015/270588/b1256qt/universalinit-270588/src/universalinit/templates/qwik/src/routes/service-worker.ts
2025-11-19 08:01:09,620 - Knowledge - INFO - Fast-tracked /app/data/T0015/270588/b1256qt/universalinit-270588/src/universalinit/templates/qwik/src/components/starter/infobox/infobox.tsx (ext=.tsx, size=263)
2025-11-19 08:01:09,717 - Knowledge - INFO - Worker kw9 processing /app/data/T0015/270588/b1256qt/universalinit-270588/src/universalinit/templates/nextjs/src/app/page.tsx
2025-11-19 08:01:09,831 - Knowledge - INFO - Batch sizing: calculated=12, max_allowed=25, queue=192, active_workers=9/11
2025-11-19 08:01:09,913 - Knowledge - INFO - [kw11] Queue=177, InProgress=0, PendingWorkers=9/11, Completed=0/312 (0.0%)
2025-11-19 08:01:10,022 - Knowledge - INFO - knowledge worker kw12 start
2025-11-19 08:01:10,023 - Knowledge - INFO - Worker kw13 created using shared MongoDB connection pool
2025-11-19 08:01:10,140 - Knowledge - INFO - Fast-tracked /app/data/T0015/270588/b1256qt/universalinit-270588/test/test_svelte_template.py (ext=.py, size=6347)
2025-11-19 08:01:10,224 - Knowledge - INFO - Worker kw2 processing /app/data/T0015/270588/b1256qt/universalinit-270588/test/test_qwik_template.py
2025-11-19 08:01:10,297 - Knowledge - INFO - Fast-tracked /app/data/T0015/270588/b1256qt/universalinit-270588/src/universalinit/templates/vue/src/assets/main.css (ext=.css, size=492)
2025-11-19 08:01:10,382 - Knowledge - INFO - Worker kw4 processing /app/data/T0015/270588/b1256qt/universalinit-270588/src/universalinit/templates/vite/src/main.js
2025-11-19 08:01:10,450 - Knowledge - INFO - Fast-tracked /app/data/T0015/270588/b1256qt/universalinit-270588/src/universalinit/templates/nativescript/app/app-root.xml (ext=.xml, size=39)
2025-11-19 08:01:10,566 - Knowledge - INFO - Worker kw6 processing /app/data/T0015/270588/b1256qt/universalinit-270588/src/universalinit/templates/nativescript/App_Resources/Android/app.gradle
2025-11-19 08:01:10,676 - Knowledge - INFO - Fast-tracked /app/data/T0015/270588/b1256qt/universalinit-270588/src/universalinit/templates/qwik/src/routes/service-worker.ts (ext=.ts, size=631)
2025-11-19 08:01:10,752 - Knowledge - INFO - Worker kw8 processing /app/data/T0015/270588/b1256qt/universalinit-270588/src/universalinit/templates/qwik/src/components/starter/next-steps/next-steps.tsx
2025-11-19 08:01:10,846 - Knowledge - INFO - Worker kw9 processing /app/data/T0015/270588/b1256qt/universalinit-270588/src/universalinit/templates/nextjs/src/app/globals.css
2025-11-19 08:01:10,922 - Knowledge - INFO - Worker kw10 processing /app/data/T0015/270588/b1256qt/universalinit-270588/src/universalinit/templates/angular/src/app/app.component.html
2025-11-19 08:01:11,004 - Knowledge - INFO - Batch sizing: calculated=12, max_allowed=25, queue=177, active_workers=10/12
2025-11-19 08:01:11,069 - Knowledge - INFO - [kw12] Queue=165, InProgress=0, PendingWorkers=10/12, Completed=0/312 (0.0%)
2025-11-19 08:01:11,180 - Knowledge - INFO - knowledge worker kw13 start
2025-11-19 08:01:11,180 - Knowledge - INFO - Worker kw14 created using shared MongoDB connection pool
2025-11-19 08:01:11,281 - Knowledge - INFO - Worker kw1 processing /app/data/T0015/270588/b1256qt/universalinit-270588/test/test_android_template.py
2025-11-19 08:01:11,379 - Knowledge - INFO - Fast-tracked /app/data/T0015/270588/b1256qt/universalinit-270588/test/test_qwik_template.py (ext=.py, size=6926)
2025-11-19 08:01:11,466 - Knowledge - INFO - Worker kw3 processing /app/data/T0015/270588/b1256qt/universalinit-270588/src/universalinit/templates/vue/src/assets/base.css
2025-11-19 08:01:11,552 - Knowledge - INFO - Fast-tracked /app/data/T0015/270588/b1256qt/universalinit-270588/src/universalinit/templates/vite/src/main.js (ext=.js, size=746)
2025-11-19 08:01:11,624 - Knowledge - INFO - Worker kw5 processing /app/data/T0015/270588/b1256qt/universalinit-270588/src/universalinit/templates/nativescript/app/home/home-page.xml
2025-11-19 08:01:11,777 - Knowledge - INFO - Fast-tracked /app/data/T0015/270588/b1256qt/universalinit-270588/src/universalinit/templates/nativescript/App_Resources/Android/app.gradle (ext=.gradle, size=436)
2025-11-19 08:01:11,881 - Knowledge - INFO - Worker kw7 processing /app/data/T0015/270588/b1256qt/universalinit-270588/src/universalinit/templates/qwik/src/routes/layout.tsx
2025-11-19 08:01:11,959 - Knowledge - INFO - Worker kw8 processing /app/data/T0015/270588/b1256qt/universalinit-270588/src/universalinit/templates/qwik/src/components/starter/next-steps/next-steps.module.css
2025-11-19 08:01:12,040 - Knowledge - INFO - Fast-tracked /app/data/T0015/270588/b1256qt/universalinit-270588/src/universalinit/templates/nextjs/src/app/globals.css (ext=.css, size=488)
2025-11-19 08:01:12,123 - Knowledge - INFO - Worker kw10 processing /app/data/T0015/270588/b1256qt/universalinit-270588/src/universalinit/templates/angular/src/app/app.component.ts
2025-11-19 08:01:12,241 - Knowledge - INFO - Worker kw11 processing /app/data/T0015/270588/b1256qt/universalinit-270588/src/universalinit/templates/angular/README.md
2025-11-19 08:01:12,333 - Knowledge - INFO - Batch sizing: calculated=12, max_allowed=25, queue=165, active_workers=11/13
2025-11-19 08:01:12,451 - Knowledge - INFO - [kw13] Queue=153, InProgress=0, PendingWorkers=11/13, Completed=0/312 (0.0%)
2025-11-19 08:01:12,517 - Knowledge - INFO - knowledge worker kw14 start
2025-11-19 08:01:12,518 - Knowledge - INFO - Worker kw15 created using shared MongoDB connection pool
2025-11-19 08:01:12,589 - Knowledge - INFO - Fast-tracked /app/data/T0015/270588/b1256qt/universalinit-270588/test/test_android_template.py (ext=.py, size=15198)
2025-11-19 08:01:12,675 - Knowledge - INFO - Worker kw2 processing /app/data/T0015/270588/b1256qt/universalinit-270588/test/test_express_template.py
2025-11-19 08:01:12,786 - Knowledge - INFO - Fast-tracked /app/data/T0015/270588/b1256qt/universalinit-270588/src/universalinit/templates/vue/src/assets/base.css (ext=.css, size=2067)
2025-11-19 08:01:12,858 - Knowledge - INFO - Worker kw4 processing /app/data/T0015/270588/b1256qt/universalinit-270588/src/universalinit/templates/vite/src/style.css
2025-11-19 08:01:12,973 - Knowledge - INFO - Fast-tracked /app/data/T0015/270588/b1256qt/universalinit-270588/src/universalinit/templates/nativescript/app/home/home-page.xml (ext=.xml, size=236)
2025-11-19 08:01:13,048 - Knowledge - INFO - Worker kw6 processing /app/data/T0015/270588/b1256qt/universalinit-270588/src/universalinit/templates/nativescript/App_Resources/Android/before-plugins.gradle
2025-11-19 08:01:13,121 - Knowledge - INFO - Fast-tracked /app/data/T0015/270588/b1256qt/universalinit-270588/src/universalinit/templates/qwik/src/routes/layout.tsx (ext=.tsx, size=1063)
2025-11-19 08:01:13,211 - Knowledge - INFO - Fast-tracked /app/data/T0015/270588/b1256qt/universalinit-270588/src/universalinit/templates/qwik/src/components/starter/next-steps/next-steps.module.css (ext=.css, size=604)
2025-11-19 08:01:13,348 - Knowledge - INFO - Worker kw9 processing /app/data/T0015/270588/b1256qt/universalinit-270588/src/universalinit/templates/nextjs/src/app/layout.tsx
2025-11-19 08:01:13,440 - Knowledge - INFO - Fast-tracked /app/data/T0015/270588/b1256qt/universalinit-270588/src/universalinit/templates/angular/src/app/app.component.ts (ext=.ts, size=283)
2025-11-19 08:01:13,552 - Knowledge - INFO - Fast-tracked /app/data/T0015/270588/b1256qt/universalinit-270588/src/universalinit/templates/angular/README.md (ext=.md, size=1470)
2025-11-19 08:01:13,629 - Knowledge - INFO - Worker kw12 processing /app/data/T0015/270588/b1256qt/universalinit-270588/src/universalinit/templates/flutter/test/widget_test.dart
2025-11-19 08:01:13,704 - Knowledge - INFO - Batch sizing: calculated=12, max_allowed=25, queue=153, active_workers=12/14
2025-11-19 08:01:13,775 - Knowledge - INFO - [kw14] Queue=141, InProgress=0, PendingWorkers=12/14, Completed=0/312 (0.0%)
2025-11-19 08:01:13,872 - Knowledge - INFO - knowledge worker kw15 start
2025-11-19 08:01:13,872 - Knowledge - INFO - Worker kw16 created using shared MongoDB connection pool
2025-11-19 08:01:13,965 - Knowledge - INFO - Worker kw1 processing /app/data/T0015/270588/b1256qt/universalinit-270588/test/test_lightningjs_template.py
2025-11-19 08:01:14,078 - Knowledge - INFO - Fast-tracked /app/data/T0015/270588/b1256qt/universalinit-270588/test/test_express_template.py (ext=.py, size=5930)
2025-11-19 08:01:14,149 - Knowledge - INFO - Worker kw3 processing /app/data/T0015/270588/b1256qt/universalinit-270588/src/universalinit/templates/vue/eslint.config.ts
2025-11-19 08:01:14,241 - Knowledge - INFO - Fast-tracked /app/data/T0015/270588/b1256qt/universalinit-270588/src/universalinit/templates/vite/src/style.css (ext=.css, size=1523)
2025-11-19 08:01:14,323 - Knowledge - INFO - Worker kw5 processing /app/data/T0015/270588/b1256qt/universalinit-270588/src/universalinit/templates/nativescript/app/home/home-view-model.js
2025-11-19 08:01:14,429 - Knowledge - INFO - Fast-tracked /app/data/T0015/270588/b1256qt/universalinit-270588/src/universalinit/templates/nativescript/App_Resources/Android/before-plugins.gradle (ext=.gradle, size=458)
2025-11-19 08:01:14,507 - Knowledge - INFO - Worker kw7 processing /app/data/T0015/270588/b1256qt/universalinit-270588/src/universalinit/templates/qwik/src/routes/styles.css
2025-11-19 08:01:14,583 - Knowledge - INFO - Worker kw8 processing /app/data/T0015/270588/b1256qt/universalinit-270588/src/universalinit/templates/qwik/src/components/starter/footer/footer.tsx
2025-11-19 08:01:14,655 - Knowledge - INFO - Fast-tracked /app/data/T0015/270588/b1256qt/universalinit-270588/src/universalinit/templates/nextjs/src/app/layout.tsx (ext=.tsx, size=689)
2025-11-19 08:01:14,749 - Knowledge - INFO - Worker kw10 processing /app/data/T0015/270588/b1256qt/universalinit-270588/src/universalinit/templates/angular/src/app/app.config.server.ts
2025-11-19 08:01:14,827 - Knowledge - INFO - Worker kw11 processing /app/data/T0015/270588/b1256qt/universalinit-270588/src/universalinit/templates/angular/eslint.config.mjs
2025-11-19 08:01:14,929 - Knowledge - INFO - Fast-tracked /app/data/T0015/270588/b1256qt/universalinit-270588/src/universalinit/templates/flutter/test/widget_test.dart (ext=.dart, size=658)
2025-11-19 08:01:15,012 - Knowledge - INFO - Worker kw13 processing /app/data/T0015/270588/b1256qt/universalinit-270588/src/universalinit/templates/kotlin/app/src/main/java/com/example/kotlin/FirstFragment.kt
2025-11-19 08:01:15,121 - Knowledge - INFO - Batch sizing: calculated=12, max_allowed=25, queue=141, active_workers=13/15
2025-11-19 08:01:15,206 - Knowledge - INFO - [kw15] Queue=129, InProgress=0, PendingWorkers=13/15, Completed=0/312 (0.0%)
2025-11-19 08:01:15,296 - Knowledge - INFO - knowledge worker kw16 start
2025-11-19 08:01:15,297 - Knowledge - INFO - Worker kw17 created using shared MongoDB connection pool
2025-11-19 08:01:15,381 - Knowledge - INFO - Fast-tracked /app/data/T0015/270588/b1256qt/universalinit-270588/test/test_lightningjs_template.py (ext=.py, size=6633)
2025-11-19 08:01:15,481 - Knowledge - INFO - Worker kw2 processing /app/data/T0015/270588/b1256qt/universalinit-270588/test/test_angular_template.py
2025-11-19 08:01:15,571 - Knowledge - INFO - Fast-tracked /app/data/T0015/270588/b1256qt/universalinit-270588/src/universalinit/templates/vue/eslint.config.ts (ext=.ts, size=949)
2025-11-19 08:01:15,643 - Knowledge - INFO - Worker kw4 processing /app/data/T0015/270588/b1256qt/universalinit-270588/src/universalinit/templates/vite/src/counter.js
2025-11-19 08:01:15,713 - Knowledge - INFO - Fast-tracked /app/data/T0015/270588/b1256qt/universalinit-270588/src/universalinit/templates/nativescript/app/home/home-view-model.js (ext=.js, size=189)
2025-11-19 08:01:15,806 - Knowledge - INFO - Worker kw6 processing /app/data/T0015/270588/b1256qt/universalinit-270588/src/universalinit/templates/nativescript/App_Resources/iOS/Assets.xcassets/Contents.json
2025-11-19 08:01:15,889 - Knowledge - INFO - Fast-tracked /app/data/T0015/270588/b1256qt/universalinit-270588/src/universalinit/templates/qwik/src/routes/styles.css (ext=.css, size=5892)
2025-11-19 08:01:15,956 - Knowledge - INFO - Fast-tracked /app/data/T0015/270588/b1256qt/universalinit-270588/src/universalinit/templates/qwik/src/components/starter/footer/footer.tsx (ext=.tsx, size=560)
2025-11-19 08:01:16,054 - Knowledge - INFO - Worker kw9 processing /app/data/T0015/270588/b1256qt/universalinit-270588/src/universalinit/templates/nextjs/next.config.ts
2025-11-19 08:01:16,129 - Knowledge - INFO - Fast-tracked /app/data/T0015/270588/b1256qt/universalinit-270588/src/universalinit/templates/angular/src/app/app.config.server.ts (ext=.ts, size=351)
2025-11-19 08:01:16,200 - Knowledge - INFO - Fast-tracked /app/data/T0015/270588/b1256qt/universalinit-270588/src/universalinit/templates/angular/eslint.config.mjs (ext=.mjs, size=967)
2025-11-19 08:01:16,269 - Knowledge - INFO - Worker kw12 processing /app/data/T0015/270588/b1256qt/universalinit-270588/src/universalinit/templates/flutter/config.yml
2025-11-19 08:01:16,345 - Knowledge - INFO - Fast-tracked /app/data/T0015/270588/b1256qt/universalinit-270588/src/universalinit/templates/kotlin/app/src/main/java/com/example/kotlin/FirstFragment.kt (ext=.kt, size=1227)
2025-11-19 08:01:16,434 - Knowledge - INFO - Worker kw14 processing /app/data/T0015/270588/b1256qt/universalinit-270588/src/universalinit/templates/kotlin/app/src/main/res/values-w600dp/dimens.xml
2025-11-19 08:01:16,541 - Knowledge - INFO - Batch sizing: calculated=12, max_allowed=25, queue=129, active_workers=14/16
2025-11-19 08:01:16,648 - Knowledge - INFO - [kw16] Queue=117, InProgress=0, PendingWorkers=14/16, Completed=0/312 (0.0%)
2025-11-19 08:01:16,751 - Knowledge - INFO - knowledge worker kw17 start
2025-11-19 08:01:16,751 - Knowledge - INFO - Worker kw18 created using shared MongoDB connection pool
2025-11-19 08:01:16,835 - Knowledge - INFO - Worker kw1 processing /app/data/T0015/270588/b1256qt/universalinit-270588/test/test_kotlin_template.py
2025-11-19 08:01:16,929 - Knowledge - INFO - Fast-tracked /app/data/T0015/270588/b1256qt/universalinit-270588/test/test_angular_template.py (ext=.py, size=6119)
2025-11-19 08:01:17,037 - Knowledge - INFO - Worker kw3 processing /app/data/T0015/270588/b1256qt/universalinit-270588/src/universalinit/templates/vue/tsconfig.app.json
2025-11-19 08:01:17,106 - Knowledge - INFO - Fast-tracked /app/data/T0015/270588/b1256qt/universalinit-270588/src/universalinit/templates/vite/src/counter.js (ext=.js, size=247)
2025-11-19 08:01:17,171 - Knowledge - INFO - Worker kw5 processing /app/data/T0015/270588/b1256qt/universalinit-270588/src/universalinit/templates/nativescript/app/home/home-page.js
2025-11-19 08:01:17,264 - Knowledge - INFO - Fast-tracked /app/data/T0015/270588/b1256qt/universalinit-270588/src/universalinit/templates/nativescript/App_Resources/iOS/Assets.xcassets/Contents.json (ext=.json, size=62)
2025-11-19 08:01:17,361 - Knowledge - INFO - Worker kw7 processing /app/data/T0015/270588/b1256qt/universalinit-270588/src/universalinit/templates/qwik/src/components/router-head/router-head.tsx
2025-11-19 08:01:17,449 - Knowledge - INFO - Worker kw8 processing /app/data/T0015/270588/b1256qt/universalinit-270588/src/universalinit/templates/qwik/src/components/starter/footer/footer.module.css
2025-11-19 08:01:17,539 - Knowledge - INFO - Fast-tracked /app/data/T0015/270588/b1256qt/universalinit-270588/src/universalinit/templates/nextjs/next.config.ts (ext=.ts, size=133)
2025-11-19 08:01:17,608 - Knowledge - INFO - Worker kw10 processing /app/data/T0015/270588/b1256qt/universalinit-270588/src/universalinit/templates/angular/src/styles.css
2025-11-19 08:01:17,689 - Knowledge - INFO - Worker kw11 processing /app/data/T0015/270588/b1256qt/universalinit-270588/src/universalinit/templates/express/src/services/health.js
2025-11-19 08:01:17,779 - Knowledge - INFO - Fast-tracked /app/data/T0015/270588/b1256qt/universalinit-270588/src/universalinit/templates/flutter/config.yml (ext=.yml, size=773)
2025-11-19 08:01:17,890 - Knowledge - INFO - Worker kw13 processing /app/data/T0015/270588/b1256qt/universalinit-270588/src/universalinit/templates/kotlin/app/src/main/java/com/example/kotlin/SecondFragment.kt
2025-11-19 08:01:18,002 - Knowledge - INFO - Fast-tracked /app/data/T0015/270588/b1256qt/universalinit-270588/src/universalinit/templates/kotlin/app/src/main/res/values-w600dp/dimens.xml (ext=.xml, size=66)
2025-11-19 08:01:18,073 - Knowledge - INFO - Worker kw15 processing /app/data/T0015/270588/b1256qt/universalinit-270588/src/universalinit/templates/kotlin/app/src/main/AndroidManifest.xml
2025-11-19 08:01:18,153 - Knowledge - INFO - Batch sizing: calculated=12, max_allowed=25, queue=117, active_workers=15/17
2025-11-19 08:01:18,229 - Knowledge - INFO - [kw17] Queue=105, InProgress=0, PendingWorkers=15/17, Completed=0/312 (0.0%)
2025-11-19 08:01:18,308 - Knowledge - INFO - knowledge worker kw18 start
2025-11-19 08:01:18,308 - Knowledge - INFO - Worker kw19 created using shared MongoDB connection pool
2025-11-19 08:01:18,386 - Knowledge - INFO - Fast-tracked /app/data/T0015/270588/b1256qt/universalinit-270588/test/test_kotlin_template.py (ext=.py, size=13224)
2025-11-19 08:01:18,498 - Knowledge - INFO - Worker kw2 processing /app/data/T0015/270588/b1256qt/universalinit-270588/test/test_flutter_template.py
2025-11-19 08:01:18,580 - Knowledge - INFO - Fast-tracked /app/data/T0015/270588/b1256qt/universalinit-270588/src/universalinit/templates/vue/tsconfig.app.json (ext=.json, size=289)
2025-11-19 08:01:18,649 - Knowledge - INFO - Worker kw4 processing /app/data/T0015/270588/b1256qt/universalinit-270588/src/universalinit/templates/vite/package.json
2025-11-19 08:01:18,731 - Knowledge - INFO - Fast-tracked /app/data/T0015/270588/b1256qt/universalinit-270588/src/universalinit/templates/nativescript/app/home/home-page.js (ext=.js, size=163)
2025-11-19 08:01:18,840 - Knowledge - INFO - Worker kw6 processing /app/data/T0015/270588/b1256qt/universalinit-270588/src/universalinit/templates/nativescript/App_Resources/iOS/Assets.xcassets/AppIcon.appiconset/Contents.json
2025-11-19 08:01:18,915 - Knowledge - INFO - Fast-tracked /app/data/T0015/270588/b1256qt/universalinit-270588/src/universalinit/templates/qwik/src/components/router-head/router-head.tsx (ext=.tsx, size=1204)
2025-11-19 08:01:18,987 - Knowledge - INFO - Fast-tracked /app/data/T0015/270588/b1256qt/universalinit-270588/src/universalinit/templates/qwik/src/components/starter/footer/footer.module.css (ext=.css, size=338)
2025-11-19 08:01:19,074 - Knowledge - INFO - Worker kw9 processing /app/data/T0015/270588/b1256qt/universalinit-270588/src/universalinit/templates/nextjs/package.json
2025-11-19 08:01:19,148 - Knowledge - INFO - Fast-tracked /app/data/T0015/270588/b1256qt/universalinit-270588/src/universalinit/templates/angular/src/styles.css (ext=.css, size=80)
2025-11-19 08:01:19,220 - Knowledge - INFO - Fast-tracked /app/data/T0015/270588/b1256qt/universalinit-270588/src/universalinit/templates/express/src/services/health.js (ext=.js, size=280)
2025-11-19 08:01:19,329 - Knowledge - INFO - Worker kw12 processing /app/data/T0015/270588/b1256qt/universalinit-270588/src/universalinit/templates/flutter/lib/main.dart
2025-11-19 08:01:19,410 - Knowledge - INFO - Fast-tracked /app/data/T0015/270588/b1256qt/universalinit-270588/src/universalinit/templates/kotlin/app/src/main/java/com/example/kotlin/SecondFragment.kt (ext=.kt, size=1231)
2025-11-19 08:01:19,488 - Knowledge - INFO - Worker kw14 processing /app/data/T0015/270588/b1256qt/universalinit-270588/src/universalinit/templates/kotlin/app/src/main/res/layout/activity_main.xml
2025-11-19 08:01:19,582 - Knowledge - INFO - Fast-tracked /app/data/T0015/270588/b1256qt/universalinit-270588/src/universalinit/templates/kotlin/app/src/main/AndroidManifest.xml (ext=.xml, size=978)
2025-11-19 08:01:19,706 - Knowledge - INFO - Worker kw16 processing /app/data/T0015/270588/b1256qt/universalinit-270588/src/universalinit/templates/lightningjs/config.yml
2025-11-19 08:01:19,811 - Knowledge - INFO - Batch sizing: calculated=12, max_allowed=25, queue=105, active_workers=16/18
2025-11-19 08:01:19,896 - Knowledge - INFO - [kw18] Queue=93, InProgress=0, PendingWorkers=16/18, Completed=0/312 (0.0%)
2025-11-19 08:01:19,961 - Knowledge - INFO - knowledge worker kw19 start
2025-11-19 08:01:19,961 - Knowledge - INFO - Worker kw20 created using shared MongoDB connection pool
2025-11-19 08:01:20,065 - Knowledge - INFO - Worker kw1 processing /app/data/T0015/270588/b1256qt/universalinit-270588/test/test_flask_template.py
2025-11-19 08:01:20,171 - Knowledge - INFO - Fast-tracked /app/data/T0015/270588/b1256qt/universalinit-270588/test/test_flutter_template.py (ext=.py, size=17178)
2025-11-19 08:01:20,274 - Knowledge - INFO - Worker kw3 processing /app/data/T0015/270588/b1256qt/universalinit-270588/src/universalinit/templates/vue/package.json
2025-11-19 08:01:20,351 - Knowledge - INFO - Fast-tracked /app/data/T0015/270588/b1256qt/universalinit-270588/src/universalinit/templates/vite/package.json (ext=.json, size=506)
2025-11-19 08:01:20,459 - Knowledge - INFO - Worker kw5 processing /app/data/T0015/270588/b1256qt/universalinit-270588/src/universalinit/templates/nativescript/nativescript.config.ts
2025-11-19 08:01:20,540 - Knowledge - INFO - Fast-tracked /app/data/T0015/270588/b1256qt/universalinit-270588/src/universalinit/templates/nativescript/App_Resources/iOS/Assets.xcassets/AppIcon.appiconset/Contents.json (ext=.json, size=2363)
2025-11-19 08:01:20,637 - Knowledge - INFO - Worker kw7 processing /app/data/T0015/270588/b1256qt/universalinit-270588/src/universalinit/templates/qwik/src/components/starter/counter/counter.tsx
2025-11-19 08:01:20,762 - Knowledge - INFO - Worker kw8 processing /app/data/T0015/270588/b1256qt/universalinit-270588/src/universalinit/templates/qwik/src/root.tsx
2025-11-19 08:01:20,862 - Knowledge - INFO - Fast-tracked /app/data/T0015/270588/b1256qt/universalinit-270588/src/universalinit/templates/nextjs/package.json (ext=.json, size=574)
2025-11-19 08:01:20,943 - Knowledge - INFO - Worker kw10 processing /app/data/T0015/270588/b1256qt/universalinit-270588/src/universalinit/templates/angular/src/index.html
2025-11-19 08:01:21,014 - Knowledge - INFO - Worker kw11 processing /app/data/T0015/270588/b1256qt/universalinit-270588/src/universalinit/templates/express/src/app.js
2025-11-19 08:01:21,135 - Knowledge - INFO - Fast-tracked /app/data/T0015/270588/b1256qt/universalinit-270588/src/universalinit/templates/flutter/lib/main.dart (ext=.dart, size=1326)
2025-11-19 08:01:21,238 - Knowledge - INFO - Worker kw13 processing /app/data/T0015/270588/b1256qt/universalinit-270588/src/universalinit/templates/kotlin/app/src/main/java/com/example/kotlin/MainActivity.kt
2025-11-19 08:01:21,316 - Knowledge - INFO - Fast-tracked /app/data/T0015/270588/b1256qt/universalinit-270588/src/universalinit/templates/kotlin/app/src/main/res/layout/activity_main.xml (ext=.xml, size=1356)
2025-11-19 08:01:21,386 - Knowledge - INFO - Worker kw15 processing /app/data/T0015/270588/b1256qt/universalinit-270588/src/universalinit/templates/kotlin/app/build.gradle.kts
2025-11-19 08:01:21,458 - Knowledge - INFO - Fast-tracked /app/data/T0015/270588/b1256qt/universalinit-270588/src/universalinit/templates/lightningjs/config.yml (ext=.yml, size=818)
2025-11-19 08:01:21,542 - Knowledge - INFO - Worker kw17 processing /app/data/T0015/270588/b1256qt/universalinit-270588/src/universalinit/templates/remix/package.json
2025-11-19 08:01:21,620 - Knowledge - INFO - Batch sizing: calculated=10, max_allowed=25, queue=93, active_workers=17/19
2025-11-19 08:01:21,734 - Knowledge - INFO - [kw19] Queue=81, InProgress=0, PendingWorkers=17/19, Completed=0/312 (0.0%)
2025-11-19 08:01:21,809 - Knowledge - INFO - knowledge worker kw20 start
2025-11-19 08:01:21,900 - Knowledge - INFO - Fast-tracked /app/data/T0015/270588/b1256qt/universalinit-270588/test/test_flask_template.py (ext=.py, size=5874)
2025-11-19 08:01:22,009 - Knowledge - INFO - Worker kw2 processing /app/data/T0015/270588/b1256qt/universalinit-270588/src/universalinit/universalinit.py
2025-11-19 08:01:22,122 - Knowledge - INFO - Fast-tracked /app/data/T0015/270588/b1256qt/universalinit-270588/src/universalinit/templates/vue/package.json (ext=.json, size=1165)
2025-11-19 08:01:22,182 - Knowledge - INFO - Worker kw4 processing /app/data/T0015/270588/b1256qt/universalinit-270588/src/universalinit/templates/vite/config.yml
2025-11-19 08:01:22,253 - Knowledge - INFO - Fast-tracked /app/data/T0015/270588/b1256qt/universalinit-270588/src/universalinit/templates/nativescript/nativescript.config.ts (ext=.ts, size=262)
2025-11-19 08:01:22,327 - Knowledge - INFO - Worker kw6 processing /app/data/T0015/270588/b1256qt/universalinit-270588/src/universalinit/templates/nativescript/App_Resources/iOS/Assets.xcassets/LaunchScreen.AspectFill.imageset/Contents.json
2025-11-19 08:01:22,417 - Knowledge - INFO - Fast-tracked /app/data/T0015/270588/b1256qt/universalinit-270588/src/universalinit/templates/qwik/src/components/starter/counter/counter.tsx (ext=.tsx, size=734)
2025-11-19 08:01:22,506 - Knowledge - INFO - Fast-tracked /app/data/T0015/270588/b1256qt/universalinit-270588/src/universalinit/templates/qwik/src/root.tsx (ext=.tsx, size=945)
2025-11-19 08:01:22,580 - Knowledge - INFO - Worker kw9 processing /app/data/T0015/270588/b1256qt/universalinit-270588/src/universalinit/templates/nextjs/config.yml
2025-11-19 08:01:22,652 - Knowledge - INFO - Fast-tracked /app/data/T0015/270588/b1256qt/universalinit-270588/src/universalinit/templates/angular/src/index.html (ext=.html, size=293)
2025-11-19 08:01:22,723 - Knowledge - INFO - Fast-tracked /app/data/T0015/270588/b1256qt/universalinit-270588/src/universalinit/templates/express/src/app.js (ext=.js, size=949)
2025-11-19 08:01:22,823 - Knowledge - INFO - Worker kw12 processing /app/data/T0015/270588/b1256qt/universalinit-270588/src/universalinit/templates/flask/run.py
2025-11-19 08:01:22,890 - Knowledge - INFO - Worker kw13 processing /app/data/T0015/270588/b1256qt/universalinit-270588/src/universalinit/templates/kotlin/app/src/main/res/values/colors.xml
2025-11-19 08:01:22,971 - Knowledge - INFO - Worker kw14 processing /app/data/T0015/270588/b1256qt/universalinit-270588/src/universalinit/templates/kotlin/app/src/main/res/layout/fragment_first.xml
2025-11-19 08:01:23,089 - Knowledge - INFO - Fast-tracked /app/data/T0015/270588/b1256qt/universalinit-270588/src/universalinit/templates/kotlin/app/build.gradle.kts (ext=.kts, size=1332)
2025-11-19 08:01:23,187 - Knowledge - INFO - Worker kw16 processing /app/data/T0015/270588/b1256qt/universalinit-270588/src/universalinit/templates/lightningjs/eslint.config.cjs
2025-11-19 08:01:23,270 - Knowledge - INFO - Fast-tracked /app/data/T0015/270588/b1256qt/universalinit-270588/src/universalinit/templates/remix/package.json (ext=.json, size=1235)
2025-11-19 08:01:23,346 - Knowledge - INFO - Worker kw18 processing /app/data/T0015/270588/b1256qt/universalinit-270588/src/universalinit/templates/remotion/src/HelloWorld/constants.ts
2025-11-19 08:01:23,425 - Knowledge - INFO - Batch sizing: calculated=10, max_allowed=25, queue=81, active_workers=18/20
2025-11-19 08:01:23,509 - Knowledge - INFO - [kw20] Queue=71, InProgress=0, PendingWorkers=18/20, Completed=0/312 (0.0%)
2025-11-19 08:01:23,635 - Knowledge - INFO - Worker kw1 processing /app/data/T0015/270588/b1256qt/universalinit-270588/test/test_integration.py
2025-11-19 08:01:23,708 - Knowledge - INFO - Worker kw2 processing /app/data/T0015/270588/b1256qt/universalinit-270588/src/universalinit/templates.py
2025-11-19 08:01:23,788 - Knowledge - INFO - Worker kw3 processing /app/data/T0015/270588/b1256qt/universalinit-270588/src/universalinit/templates/vue/tsconfig.vitest.json
2025-11-19 08:01:23,891 - Knowledge - INFO - Fast-tracked /app/data/T0015/270588/b1256qt/universalinit-270588/src/universalinit/templates/vite/config.yml (ext=.yml, size=811)
2025-11-19 08:01:23,996 - Knowledge - INFO - Worker kw5 processing /app/data/T0015/270588/b1256qt/universalinit-270588/src/universalinit/templates/nativescript/App_Resources/Android/src/main/res/values/colors.xml
2025-11-19 08:01:24,115 - Knowledge - INFO - Fast-tracked /app/data/T0015/270588/b1256qt/universalinit-270588/src/universalinit/templates/nativescript/App_Resources/iOS/Assets.xcassets/LaunchScreen.AspectFill.imageset/Contents.json (ext=.json, size=426)
2025-11-19 08:01:24,178 - Knowledge - INFO - Worker kw7 processing /app/data/T0015/270588/b1256qt/universalinit-270588/src/universalinit/templates/qwik/src/components/starter/counter/counter.module.css
2025-11-19 08:01:24,309 - Knowledge - INFO - Worker kw8 processing /app/data/T0015/270588/b1256qt/universalinit-270588/src/universalinit/templates/qwik/src/entry.ssr.tsx
2025-11-19 08:01:24,422 - Knowledge - INFO - Fast-tracked /app/data/T0015/270588/b1256qt/universalinit-270588/src/universalinit/templates/nextjs/config.yml (ext=.yml, size=826)
2025-11-19 08:01:24,538 - Knowledge - INFO - Worker kw10 processing /app/data/T0015/270588/b1256qt/universalinit-270588/src/universalinit/templates/angular/src/main.server.ts
2025-11-19 08:01:24,618 - Knowledge - INFO - Worker kw11 processing /app/data/T0015/270588/b1256qt/universalinit-270588/src/universalinit/templates/express/src/routes/index.js
2025-11-19 08:01:24,714 - Knowledge - INFO - Fast-tracked /app/data/T0015/270588/b1256qt/universalinit-270588/src/universalinit/templates/flask/run.py (ext=.py, size=62)
2025-11-19 08:01:24,780 - Knowledge - INFO - Fast-tracked /app/data/T0015/270588/b1256qt/universalinit-270588/src/universalinit/templates/kotlin/app/src/main/res/values/colors.xml (ext=.xml, size=147)
2025-11-19 08:01:24,858 - Knowledge - INFO - Fast-tracked /app/data/T0015/270588/b1256qt/universalinit-270588/src/universalinit/templates/kotlin/app/src/main/res/layout/fragment_first.xml (ext=.xml, size=1564)
2025-11-19 08:01:24,953 - Knowledge - INFO - Worker kw15 processing /app/data/T0015/270588/b1256qt/universalinit-270588/src/universalinit/templates/kotlin/app/proguard-rules.pro
2025-11-19 08:01:25,070 - Knowledge - INFO - Fast-tracked /app/data/T0015/270588/b1256qt/universalinit-270588/src/universalinit/templates/lightningjs/eslint.config.cjs (ext=.cjs, size=1218)
2025-11-19 08:01:25,151 - Knowledge - INFO - Worker kw17 processing /app/data/T0015/270588/b1256qt/universalinit-270588/src/universalinit/templates/remix/config.yml
2025-11-19 08:01:25,250 - Knowledge - INFO - Fast-tracked /app/data/T0015/270588/b1256qt/universalinit-270588/src/universalinit/templates/remotion/src/HelloWorld/constants.ts (ext=.ts, size=158)
2025-11-19 08:01:25,322 - Knowledge - INFO - Worker kw19 processing /app/data/T0015/270588/b1256qt/universalinit-270588/src/universalinit/templates/remotion/remotion.config.ts
2025-11-19 08:01:25,433 - Knowledge - INFO - Batch sizing: calculated=10, max_allowed=25, queue=71, active_workers=19/20
2025-11-19 08:01:25,546 - Knowledge - INFO - Fast-tracked /app/data/T0015/270588/b1256qt/universalinit-270588/test/test_integration.py (ext=.py, size=7898)
2025-11-19 08:01:25,654 - Knowledge - INFO - Fast-tracked /app/data/T0015/270588/b1256qt/universalinit-270588/src/universalinit/templates.py (ext=.py, size=939)
2025-11-19 08:01:25,768 - Knowledge - INFO - Fast-tracked /app/data/T0015/270588/b1256qt/universalinit-270588/src/universalinit/templates/vue/tsconfig.vitest.json (ext=.json, size=254)
2025-11-19 08:01:25,860 - Knowledge - INFO - Worker kw4 processing /app/data/T0015/270588/b1256qt/universalinit-270588/src/universalinit/templates/vite/tsconfig.json
2025-11-19 08:01:25,947 - Knowledge - INFO - Fast-tracked /app/data/T0015/270588/b1256qt/universalinit-270588/src/universalinit/templates/nativescript/App_Resources/Android/src/main/res/values/colors.xml (ext=.xml, size=604)
2025-11-19 08:01:26,025 - Knowledge - INFO - Worker kw6 processing /app/data/T0015/270588/b1256qt/universalinit-270588/src/universalinit/templates/nativescript/App_Resources/iOS/Assets.xcassets/LaunchScreen.Center.imageset/Contents.json
2025-11-19 08:01:26,102 - Knowledge - INFO - Fast-tracked /app/data/T0015/270588/b1256qt/universalinit-270588/src/universalinit/templates/qwik/src/components/starter/counter/counter.module.css (ext=.css, size=203)
2025-11-19 08:01:26,192 - Knowledge - INFO - Fast-tracked /app/data/T0015/270588/b1256qt/universalinit-270588/src/universalinit/templates/qwik/src/entry.ssr.tsx (ext=.tsx, size=765)
2025-11-19 08:01:26,261 - Knowledge - INFO - Worker kw9 processing /app/data/T0015/270588/b1256qt/universalinit-270588/src/universalinit/templates/nextjs/tsconfig.json
2025-11-19 08:01:26,355 - Knowledge - INFO - Fast-tracked /app/data/T0015/270588/b1256qt/universalinit-270588/src/universalinit/templates/angular/src/main.server.ts (ext=.ts, size=264)
2025-11-19 08:01:26,466 - Knowledge - INFO - Fast-tracked /app/data/T0015/270588/b1256qt/universalinit-270588/src/universalinit/templates/express/src/routes/index.js (ext=.js, size=940)
2025-11-19 08:01:26,563 - Knowledge - INFO - Worker kw12 processing /app/data/T0015/270588/b1256qt/universalinit-270588/src/universalinit/templates/flask/requirements.txt
2025-11-19 08:01:26,658 - Knowledge - INFO - Worker kw13 processing /app/data/T0015/270588/b1256qt/universalinit-270588/src/universalinit/templates/kotlin/app/src/main/res/values/strings.xml
2025-11-19 08:01:26,746 - Knowledge - INFO - Worker kw14 processing /app/data/T0015/270588/b1256qt/universalinit-270588/src/universalinit/templates/kotlin/app/src/main/res/layout/content_main.xml
2025-11-19 08:01:26,837 - Knowledge - INFO - Fast-tracked /app/data/T0015/270588/b1256qt/universalinit-270588/src/universalinit/templates/kotlin/app/proguard-rules.pro (ext=.pro, size=750)
2025-11-19 08:01:26,921 - Knowledge - INFO - Worker kw16 processing /app/data/T0015/270588/b1256qt/universalinit-270588/src/universalinit/templates/lightningjs/tsconfig.json
2025-11-19 08:01:27,021 - Knowledge - INFO - Fast-tracked /app/data/T0015/270588/b1256qt/universalinit-270588/src/universalinit/templates/remix/config.yml (ext=.yml, size=813)
2025-11-19 08:01:27,113 - Knowledge - INFO - Worker kw18 processing /app/data/T0015/270588/b1256qt/universalinit-270588/src/universalinit/templates/remotion/src/HelloWorld/Atom.tsx
2025-11-19 08:01:27,184 - Knowledge - INFO - Fast-tracked /app/data/T0015/270588/b1256qt/universalinit-270588/src/universalinit/templates/remotion/remotion.config.ts (ext=.ts, size=376)
2025-11-19 08:01:27,258 - Knowledge - INFO - Worker kw20 processing /app/data/T0015/270588/b1256qt/universalinit-270588/src/universalinit/templates/django/api/urls.py
2025-11-19 08:01:27,355 - Knowledge - INFO - Worker kw1 processing /app/data/T0015/270588/b1256qt/universalinit-270588/test/test_astro_template.py
2025-11-19 08:01:27,467 - Knowledge - INFO - Worker kw2 processing /app/data/T0015/270588/b1256qt/universalinit-270588/src/universalinit/templateconfig.py
2025-11-19 08:01:27,554 - Knowledge - INFO - Worker kw3 processing /app/data/T0015/270588/b1256qt/universalinit-270588/src/universalinit/templates/vue/config.yml
2025-11-19 08:01:27,663 - Knowledge - INFO - Fast-tracked /app/data/T0015/270588/b1256qt/universalinit-270588/src/universalinit/templates/vite/tsconfig.json (ext=.json, size=514)
2025-11-19 08:01:27,724 - Knowledge - INFO - Worker kw5 processing /app/data/T0015/270588/b1256qt/universalinit-270588/src/universalinit/templates/nativescript/App_Resources/Android/src/main/res/values/styles.xml
2025-11-19 08:01:27,803 - Knowledge - INFO - Fast-tracked /app/data/T0015/270588/b1256qt/universalinit-270588/src/universalinit/templates/nativescript/App_Resources/iOS/Assets.xcassets/LaunchScreen.Center.imageset/Contents.json (ext=.json, size=414)
2025-11-19 08:01:27,898 - Knowledge - INFO - Worker kw7 processing /app/data/T0015/270588/b1256qt/universalinit-270588/src/universalinit/templates/qwik/src/components/starter/icons/qwik.tsx
2025-11-19 08:01:28,015 - Knowledge - INFO - Worker kw8 processing /app/data/T0015/270588/b1256qt/universalinit-270588/src/universalinit/templates/qwik/src/entry.preview.tsx
2025-11-19 08:01:28,123 - Knowledge - INFO - Fast-tracked /app/data/T0015/270588/b1256qt/universalinit-270588/src/universalinit/templates/nextjs/tsconfig.json (ext=.json, size=602)
2025-11-19 08:01:28,199 - Knowledge - INFO - Worker kw10 processing /app/data/T0015/270588/b1256qt/universalinit-270588/src/universalinit/templates/angular/tsconfig.app.json
2025-11-19 08:01:28,301 - Knowledge - INFO - Worker kw11 processing /app/data/T0015/270588/b1256qt/universalinit-270588/src/universalinit/templates/express/src/server.js
2025-11-19 08:01:28,380 - Knowledge - INFO - Fast-tracked /app/data/T0015/270588/b1256qt/universalinit-270588/src/universalinit/templates/flask/requirements.txt (ext=.txt, size=324)
2025-11-19 08:01:28,480 - Knowledge - INFO - Fast-tracked /app/data/T0015/270588/b1256qt/universalinit-270588/src/universalinit/templates/kotlin/app/src/main/res/values/strings.xml (ext=.xml, size=3536)
2025-11-19 08:01:28,560 - Knowledge - INFO - Fast-tracked /app/data/T0015/270588/b1256qt/universalinit-270588/src/universalinit/templates/kotlin/app/src/main/res/layout/content_main.xml (ext=.xml, size=907)
2025-11-19 08:01:28,634 - Knowledge - INFO - Worker kw15 processing /app/data/T0015/270588/b1256qt/universalinit-270588/src/universalinit/templates/kotlin/build.gradle.kts
2025-11-19 08:01:28,722 - Knowledge - INFO - Fast-tracked /app/data/T0015/270588/b1256qt/universalinit-270588/src/universalinit/templates/lightningjs/tsconfig.json (ext=.json, size=199)
2025-11-19 08:01:28,805 - Knowledge - INFO - Worker kw17 processing /app/data/T0015/270588/b1256qt/universalinit-270588/src/universalinit/templates/remix/postcss.config.js
2025-11-19 08:01:28,881 - Knowledge - INFO - Fast-tracked /app/data/T0015/270588/b1256qt/universalinit-270588/src/universalinit/templates/remotion/src/HelloWorld/Atom.tsx (ext=.tsx, size=927)
2025-11-19 08:01:29,000 - Knowledge - INFO - Worker kw19 processing /app/data/T0015/270588/b1256qt/universalinit-270588/src/universalinit/templates/remotion/config.yml
2025-11-19 08:01:29,094 - Knowledge - INFO - Fast-tracked /app/data/T0015/270588/b1256qt/universalinit-270588/src/universalinit/templates/django/api/urls.py (ext=.py, size=118)
2025-11-19 08:01:29,208 - Knowledge - INFO - Fast-tracked /app/data/T0015/270588/b1256qt/universalinit-270588/test/test_astro_template.py (ext=.py, size=8764)
2025-11-19 08:01:29,320 - Knowledge - INFO - Worker kw2 processing /app/data/T0015/270588/b1256qt/universalinit-270588/src/universalinit/cli.py
2025-11-19 08:01:29,416 - Knowledge - INFO - Fast-tracked /app/data/T0015/270588/b1256qt/universalinit-270588/src/universalinit/templates/vue/config.yml (ext=.yml, size=850)
2025-11-19 08:01:29,495 - Knowledge - INFO - Worker kw4 processing /app/data/T0015/270588/b1256qt/universalinit-270588/src/universalinit/templates/vite/eslint.config.mjs
2025-11-19 08:01:29,584 - Knowledge - INFO - Fast-tracked /app/data/T0015/270588/b1256qt/universalinit-270588/src/universalinit/templates/nativescript/App_Resources/Android/src/main/res/values/styles.xml (ext=.xml, size=1710)
2025-11-19 08:01:29,675 - Knowledge - INFO - Worker kw6 processing /app/data/T0015/270588/b1256qt/universalinit-270588/src/universalinit/templates/nativescript/jsconfig.json
2025-11-19 08:01:29,785 - Knowledge - INFO - Worker kw7 processing /app/data/T0015/270588/b1256qt/universalinit-270588/src/universalinit/templates/qwik/src/components/starter/hero/hero.module.css
2025-11-19 08:01:29,850 - Knowledge - INFO - Fast-tracked /app/data/T0015/270588/b1256qt/universalinit-270588/src/universalinit/templates/qwik/src/entry.preview.tsx (ext=.tsx, size=652)
2025-11-19 08:01:29,931 - Knowledge - INFO - Worker kw9 processing /app/data/T0015/270588/b1256qt/universalinit-270588/src/universalinit/templates/nextjs/README.md
2025-11-19 08:01:29,998 - Knowledge - INFO - Fast-tracked /app/data/T0015/270588/b1256qt/universalinit-270588/src/universalinit/templates/angular/tsconfig.app.json (ext=.json, size=489)
2025-11-19 08:01:30,078 - Knowledge - INFO - Fast-tracked /app/data/T0015/270588/b1256qt/universalinit-270588/src/universalinit/templates/express/src/server.js (ext=.js, size=476)
2025-11-19 08:01:30,151 - Knowledge - INFO - Worker kw12 processing /app/data/T0015/270588/b1256qt/universalinit-270588/src/universalinit/templates/flask/config.yml
2025-11-19 08:01:30,254 - Knowledge - INFO - Worker kw13 processing /app/data/T0015/270588/b1256qt/universalinit-270588/src/universalinit/templates/kotlin/app/src/main/res/values/themes.xml
2025-11-19 08:01:30,344 - Knowledge - INFO - Worker kw14 processing /app/data/T0015/270588/b1256qt/universalinit-270588/src/universalinit/templates/kotlin/app/src/main/res/layout/fragment_second.xml
2025-11-19 08:01:30,454 - Knowledge - INFO - Fast-tracked /app/data/T0015/270588/b1256qt/universalinit-270588/src/universalinit/templates/kotlin/build.gradle.kts (ext=.kts, size=218)
2025-11-19 08:01:30,548 - Knowledge - INFO - Worker kw16 processing /app/data/T0015/270588/b1256qt/universalinit-270588/src/universalinit/templates/lightningjs/README.md
2025-11-19 08:01:30,647 - Knowledge - INFO - Fast-tracked /app/data/T0015/270588/b1256qt/universalinit-270588/src/universalinit/templates/remix/postcss.config.js (ext=.js, size=81)
2025-11-19 08:01:30,787 - Knowledge - INFO - Worker kw18 processing /app/data/T0015/270588/b1256qt/universalinit-270588/src/universalinit/templates/remotion/src/HelloWorld/Logo.tsx
2025-11-19 08:01:30,899 - Knowledge - INFO - Fast-tracked /app/data/T0015/270588/b1256qt/universalinit-270588/src/universalinit/templates/remotion/config.yml (ext=.yml, size=831)
2025-11-19 08:01:30,987 - Knowledge - INFO - Worker kw20 processing /app/data/T0015/270588/b1256qt/universalinit-270588/src/universalinit/templates/django/api/models.py
2025-11-19 08:01:31,076 - Knowledge - INFO - Worker kw1 processing /app/data/T0015/270588/b1256qt/universalinit-270588/test/test_remix_template.py
2025-11-19 08:01:31,184 - Knowledge - INFO - Worker kw2 processing /app/data/T0015/270588/b1256qt/universalinit-270588/src/universalinit/templates/vue/env.d.ts
2025-11-19 08:01:31,261 - Knowledge - INFO - Worker kw3 processing /app/data/T0015/270588/b1256qt/universalinit-270588/src/universalinit/templates/vue/vite.config.ts
2025-11-19 08:01:31,335 - Knowledge - INFO - Fast-tracked /app/data/T0015/270588/b1256qt/universalinit-270588/src/universalinit/templates/vite/eslint.config.mjs (ext=.mjs, size=772)
2025-11-19 08:01:31,421 - Knowledge - INFO - Worker kw5 processing /app/data/T0015/270588/b1256qt/universalinit-270588/src/universalinit/templates/nativescript/App_Resources/Android/src/main/res/values/ic_launcher_background.xml
2025-11-19 08:01:31,529 - Knowledge - INFO - Fast-tracked /app/data/T0015/270588/b1256qt/universalinit-270588/src/universalinit/templates/nativescript/jsconfig.json (ext=.json, size=147)
2025-11-19 08:01:31,609 - Knowledge - INFO - Fast-tracked /app/data/T0015/270588/b1256qt/universalinit-270588/src/universalinit/templates/qwik/src/components/starter/hero/hero.module.css (ext=.css, size=589)
2025-11-19 08:01:31,680 - Knowledge - INFO - Worker kw8 processing /app/data/T0015/270588/b1256qt/universalinit-270588/src/universalinit/templates/qwik/package.json
2025-11-19 08:01:31,791 - Knowledge - INFO - Fast-tracked /app/data/T0015/270588/b1256qt/universalinit-270588/src/universalinit/templates/nextjs/README.md (ext=.md, size=1450)
2025-11-19 08:01:31,852 - Knowledge - INFO - Worker kw10 processing /app/data/T0015/270588/b1256qt/universalinit-270588/src/universalinit/templates/angular/package.json
2025-11-19 08:01:31,930 - Knowledge - INFO - Worker kw11 processing /app/data/T0015/270588/b1256qt/universalinit-270588/src/universalinit/templates/express/src/middleware/index.js
2025-11-19 08:01:32,050 - Knowledge - INFO - Fast-tracked /app/data/T0015/270588/b1256qt/universalinit-270588/src/universalinit/templates/flask/config.yml (ext=.yml, size=990)
2025-11-19 08:01:32,165 - Knowledge - INFO - Fast-tracked /app/data/T0015/270588/b1256qt/universalinit-270588/src/universalinit/templates/kotlin/app/src/main/res/values/themes.xml (ext=.xml, size=390)
2025-11-19 08:01:32,246 - Knowledge - INFO - Fast-tracked /app/data/T0015/270588/b1256qt/universalinit-270588/src/universalinit/templates/kotlin/app/src/main/res/layout/fragment_second.xml (ext=.xml, size=1573)
2025-11-19 08:01:32,315 - Knowledge - INFO - Worker kw15 processing /app/data/T0015/270588/b1256qt/universalinit-270588/src/universalinit/templates/kotlin/gradle/libs.versions.toml
2025-11-19 08:01:32,378 - Knowledge - INFO - Fast-tracked /app/data/T0015/270588/b1256qt/universalinit-270588/src/universalinit/templates/lightningjs/README.md (ext=.md, size=1341)
2025-11-19 08:01:32,477 - Knowledge - INFO - Worker kw17 processing /app/data/T0015/270588/b1256qt/universalinit-270588/src/universalinit/templates/remix/app/entry.server.tsx
2025-11-19 08:01:32,591 - Knowledge - INFO - Fast-tracked /app/data/T0015/270588/b1256qt/universalinit-270588/src/universalinit/templates/remotion/src/HelloWorld/Logo.tsx (ext=.tsx, size=1736)
2025-11-19 08:01:32,658 - Knowledge - INFO - Worker kw19 processing /app/data/T0015/270588/b1256qt/universalinit-270588/src/universalinit/templates/remotion/tsconfig.json
2025-11-19 08:01:32,742 - Knowledge - INFO - Fast-tracked /app/data/T0015/270588/b1256qt/universalinit-270588/src/universalinit/templates/django/api/models.py (ext=.py, size=57)
2025-11-19 08:01:32,840 - Knowledge - INFO - Fast-tracked /app/data/T0015/270588/b1256qt/universalinit-270588/test/test_remix_template.py (ext=.py, size=7433)
2025-11-19 08:01:32,915 - Knowledge - INFO - Fast-tracked /app/data/T0015/270588/b1256qt/universalinit-270588/src/universalinit/templates/vue/env.d.ts (ext=.ts, size=38)
2025-11-19 08:01:32,980 - Knowledge - INFO - Fast-tracked /app/data/T0015/270588/b1256qt/universalinit-270588/src/universalinit/templates/vue/vite.config.ts (ext=.ts, size=633)
2025-11-19 08:01:33,094 - Knowledge - INFO - Worker kw4 processing /app/data/T0015/270588/b1256qt/universalinit-270588/src/universalinit/templates/vite/index.html
2025-11-19 08:01:33,179 - Knowledge - INFO - Fast-tracked /app/data/T0015/270588/b1256qt/universalinit-270588/src/universalinit/templates/nativescript/App_Resources/Android/src/main/res/values/ic_launcher_background.xml (ext=.xml, size=120)
2025-11-19 08:01:33,285 - Knowledge - INFO - Worker kw6 processing /app/data/T0015/270588/b1256qt/universalinit-270588/src/universalinit/templates/qwik/src/global.css
2025-11-19 08:01:33,366 - Knowledge - INFO - Worker kw7 processing /app/data/T0015/270588/b1256qt/universalinit-270588/src/universalinit/templates/qwik/src/components/starter/hero/hero.tsx
2025-11-19 08:01:33,458 - Knowledge - INFO - Fast-tracked /app/data/T0015/270588/b1256qt/universalinit-270588/src/universalinit/templates/qwik/package.json (ext=.json, size=1370)
2025-11-19 08:01:33,535 - Knowledge - INFO - Worker kw9 processing /app/data/T0015/270588/b1256qt/universalinit-270588/src/universalinit/templates/nextjs/eslint.config.mjs
2025-11-19 08:01:33,599 - Knowledge - INFO - Fast-tracked /app/data/T0015/270588/b1256qt/universalinit-270588/src/universalinit/templates/angular/package.json (ext=.json, size=1355)
2025-11-19 08:01:33,698 - Knowledge - INFO - Fast-tracked /app/data/T0015/270588/b1256qt/universalinit-270588/src/universalinit/templates/express/src/middleware/index.js (ext=.js, size=113)
2025-11-19 08:01:33,751 - Knowledge - INFO - Worker kw12 processing /app/data/T0015/270588/b1256qt/universalinit-270588/src/universalinit/templates/flask/app/routes/health.py
2025-11-19 08:01:33,880 - Knowledge - INFO - Worker kw13 processing /app/data/T0015/270588/b1256qt/universalinit-270588/src/universalinit/templates/kotlin/app/src/main/res/values/dimens.xml
2025-11-19 08:01:33,985 - Knowledge - INFO - Worker kw14 processing /app/data/T0015/270588/b1256qt/universalinit-270588/src/universalinit/templates/kotlin/app/src/main/res/xml/data_extraction_rules.xml
2025-11-19 08:01:34,108 - Knowledge - INFO - Fast-tracked /app/data/T0015/270588/b1256qt/universalinit-270588/src/universalinit/templates/kotlin/gradle/libs.versions.toml (ext=.toml, size=1398)
2025-11-19 08:01:34,173 - Knowledge - INFO - Worker kw16 processing /app/data/T0015/270588/b1256qt/universalinit-270588/src/universalinit/templates/lightningjs/index.html
2025-11-19 08:01:34,248 - Knowledge - INFO - Worker kw17 processing /app/data/T0015/270588/b1256qt/universalinit-270588/src/universalinit/templates/remix/app/entry.client.tsx
2025-11-19 08:01:34,348 - Knowledge - INFO - Worker kw18 processing /app/data/T0015/270588/b1256qt/universalinit-270588/src/universalinit/templates/remotion/src/HelloWorld/Subtitle.tsx
2025-11-19 08:01:34,469 - Knowledge - INFO - Fast-tracked /app/data/T0015/270588/b1256qt/universalinit-270588/src/universalinit/templates/remotion/tsconfig.json (ext=.json, size=333)
2025-11-19 08:01:34,582 - Knowledge - INFO - Worker kw20 processing /app/data/T0015/270588/b1256qt/universalinit-270588/src/universalinit/templates/django/api/apps.py
2025-11-19 08:01:34,669 - Knowledge - INFO - Worker kw1 processing /app/data/T0015/270588/b1256qt/universalinit-270588/test/test_remotion_template.py
2025-11-19 08:01:34,747 - Knowledge - INFO - Worker kw2 processing /app/data/T0015/270588/b1256qt/universalinit-270588/src/universalinit/templates/vue/vitest.config.ts
2025-11-19 08:01:34,833 - Knowledge - INFO - Worker kw3 processing /app/data/T0015/270588/b1256qt/universalinit-270588/src/universalinit/templates/vue/tsconfig.node.json
2025-11-19 08:01:34,915 - Knowledge - INFO - Fast-tracked /app/data/T0015/270588/b1256qt/universalinit-270588/src/universalinit/templates/vite/index.html (ext=.html, size=355)
2025-11-19 08:01:35,028 - Knowledge - INFO - Worker kw5 processing /app/data/T0015/270588/b1256qt/universalinit-270588/src/universalinit/templates/nativescript/App_Resources/Android/src/main/res/drawable/ic_launcher_foreground.xml
2025-11-19 08:01:35,138 - Knowledge - INFO - Fast-tracked /app/data/T0015/270588/b1256qt/universalinit-270588/src/universalinit/templates/qwik/src/global.css (ext=.css, size=898)
2025-11-19 08:01:35,204 - Knowledge - INFO - Worker kw7 processing /app/data/T0015/270588/b1256qt/universalinit-270588/src/universalinit/templates/qwik/src/components/starter/gauge/gauge.module.css
2025-11-19 08:01:35,270 - Knowledge - INFO - Worker kw8 processing /app/data/T0015/270588/b1256qt/universalinit-270588/src/universalinit/templates/qwik/qwik.env.d.ts
2025-11-19 08:01:35,340 - Knowledge - INFO - Fast-tracked /app/data/T0015/270588/b1256qt/universalinit-270588/src/universalinit/templates/nextjs/eslint.config.mjs (ext=.mjs, size=393)
2025-11-19 08:01:35,439 - Knowledge - INFO - Worker kw10 processing /app/data/T0015/270588/b1256qt/universalinit-270588/src/universalinit/templates/angular/angular.json
2025-11-19 08:01:35,514 - Knowledge - INFO - Worker kw11 processing /app/data/T0015/270588/b1256qt/universalinit-270588/src/universalinit/templates/express/src/controllers/health.js
2025-11-19 08:01:35,619 - Knowledge - INFO - Fast-tracked /app/data/T0015/270588/b1256qt/universalinit-270588/src/universalinit/templates/flask/app/routes/health.py (ext=.py, size=275)
2025-11-19 08:01:35,736 - Knowledge - INFO - Fast-tracked /app/data/T0015/270588/b1256qt/universalinit-270588/src/universalinit/templates/kotlin/app/src/main/res/values/dimens.xml (ext=.xml, size=66)
2025-11-19 08:01:35,819 - Knowledge - INFO - Fast-tracked /app/data/T0015/270588/b1256qt/universalinit-270588/src/universalinit/templates/kotlin/app/src/main/res/xml/data_extraction_rules.xml (ext=.xml, size=551)
2025-11-19 08:01:35,937 - Knowledge - INFO - Worker kw15 processing /app/data/T0015/270588/b1256qt/universalinit-270588/src/universalinit/templates/android/config.yml
2025-11-19 08:01:36,019 - Knowledge - INFO - Fast-tracked /app/data/T0015/270588/b1256qt/universalinit-270588/src/universalinit/templates/lightningjs/index.html (ext=.html, size=292)
2025-11-19 08:01:36,088 - Knowledge - INFO - Fast-tracked /app/data/T0015/270588/b1256qt/universalinit-270588/src/universalinit/templates/remix/app/entry.client.tsx (ext=.tsx, size=561)
2025-11-19 08:01:36,185 - Knowledge - INFO - Fast-tracked /app/data/T0015/270588/b1256qt/universalinit-270588/src/universalinit/templates/remotion/src/HelloWorld/Subtitle.tsx (ext=.tsx, size=646)
2025-11-19 08:01:36,290 - Knowledge - INFO - Worker kw19 processing /app/data/T0015/270588/b1256qt/universalinit-270588/src/universalinit/templates/remotion/README.md
2025-11-19 08:01:36,395 - Knowledge - INFO - Fast-tracked /app/data/T0015/270588/b1256qt/universalinit-270588/src/universalinit/templates/django/api/apps.py (ext=.py, size=138)
2025-11-19 08:01:36,514 - Knowledge - INFO - Fast-tracked /app/data/T0015/270588/b1256qt/universalinit-270588/test/test_remotion_template.py (ext=.py, size=6016)
2025-11-19 08:01:36,588 - Knowledge - INFO - Fast-tracked /app/data/T0015/270588/b1256qt/universalinit-270588/src/universalinit/templates/vue/vitest.config.ts (ext=.ts, size=382)
2025-11-19 08:01:36,658 - Knowledge - INFO - Fast-tracked /app/data/T0015/270588/b1256qt/universalinit-270588/src/universalinit/templates/vue/tsconfig.node.json (ext=.json, size=414)
2025-11-19 08:01:36,739 - Knowledge - INFO - Worker kw4 processing /app/data/T0015/270588/b1256qt/universalinit-270588/src/universalinit/templates/vite/vite.config.js
2025-11-19 08:01:36,851 - Knowledge - INFO - Fast-tracked /app/data/T0015/270588/b1256qt/universalinit-270588/src/universalinit/templates/nativescript/App_Resources/Android/src/main/res/drawable/ic_launcher_foreground.xml (ext=.xml, size=1229)
2025-11-19 08:01:36,954 - Knowledge - INFO - Worker kw6 processing /app/data/T0015/270588/b1256qt/universalinit-270588/src/universalinit/templates/qwik/src/entry.dev.tsx
2025-11-19 08:01:37,026 - Knowledge - INFO - Fast-tracked /app/data/T0015/270588/b1256qt/universalinit-270588/src/universalinit/templates/qwik/src/components/starter/gauge/gauge.module.css (ext=.css, size=342)
2025-11-19 08:01:37,126 - Knowledge - INFO - Fast-tracked /app/data/T0015/270588/b1256qt/universalinit-270588/src/universalinit/templates/qwik/qwik.env.d.ts (ext=.ts, size=221)
2025-11-19 08:01:37,232 - Knowledge - INFO - Worker kw9 processing /app/data/T0015/270588/b1256qt/universalinit-270588/src/universalinit/templates/nextjs/postcss.config.mjs
2025-11-19 08:01:37,329 - Knowledge - INFO - Fast-tracked /app/data/T0015/270588/b1256qt/universalinit-270588/src/universalinit/templates/angular/angular.json (ext=.json, size=2844)
2025-11-19 08:01:37,428 - Knowledge - INFO - Fast-tracked /app/data/T0015/270588/b1256qt/universalinit-270588/src/universalinit/templates/express/src/controllers/health.js (ext=.js, size=246)
2025-11-19 08:01:37,507 - Knowledge - INFO - Worker kw12 processing /app/data/T0015/270588/b1256qt/universalinit-270588/src/universalinit/templates/flask/app/__init__.py
2025-11-19 08:01:37,622 - Knowledge - INFO - Worker kw13 processing /app/data/T0015/270588/b1256qt/universalinit-270588/src/universalinit/templates/kotlin/app/src/main/res/navigation/nav_graph.xml
2025-11-19 08:01:37,683 - Knowledge - INFO - Worker kw14 processing /app/data/T0015/270588/b1256qt/universalinit-270588/src/universalinit/templates/kotlin/app/src/main/res/xml/backup_rules.xml
2025-11-19 08:01:37,786 - Knowledge - INFO - Fast-tracked /app/data/T0015/270588/b1256qt/universalinit-270588/src/universalinit/templates/android/config.yml (ext=.yml, size=876)
2025-11-19 08:01:37,882 - Knowledge - INFO - Worker kw16 processing /app/data/T0015/270588/b1256qt/universalinit-270588/src/universalinit/templates/lightningjs/vite.config.js
2025-11-19 08:01:37,955 - Knowledge - INFO - Worker kw17 processing /app/data/T0015/270588/b1256qt/universalinit-270588/src/universalinit/templates/remix/app/routes/_index.tsx
2025-11-19 08:01:38,062 - Knowledge - INFO - Worker kw18 processing /app/data/T0015/270588/b1256qt/universalinit-270588/src/universalinit/templates/remotion/src/HelloWorld/Arc.tsx
2025-11-19 08:01:38,135 - Knowledge - INFO - Fast-tracked /app/data/T0015/270588/b1256qt/universalinit-270588/src/universalinit/templates/remotion/README.md (ext=.md, size=1120)
2025-11-19 08:01:38,206 - Knowledge - INFO - Worker kw20 processing /app/data/T0015/270588/b1256qt/universalinit-270588/src/universalinit/templates/django/config.yml
2025-11-19 08:01:38,321 - Knowledge - INFO - Worker kw1 processing /app/data/T0015/270588/b1256qt/universalinit-270588/test/test_vue_template.py
2025-11-19 08:01:38,419 - Knowledge - INFO - Worker kw2 processing /app/data/T0015/270588/b1256qt/universalinit-270588/src/universalinit/templates/vue/src/stores/counter.ts
2025-11-19 08:01:38,500 - Knowledge - INFO - Worker kw3 processing /app/data/T0015/270588/b1256qt/universalinit-270588/src/universalinit/templates/vue/tsconfig.json
2025-11-19 08:01:38,574 - Knowledge - INFO - Fast-tracked /app/data/T0015/270588/b1256qt/universalinit-270588/src/universalinit/templates/vite/vite.config.js (ext=.js, size=314)
2025-11-19 08:01:38,662 - Knowledge - INFO - Worker kw5 processing /app/data/T0015/270588/b1256qt/universalinit-270588/src/universalinit/templates/nativescript/App_Resources/Android/src/main/res/values-v21/colors.xml
2025-11-19 08:01:38,766 - Knowledge - INFO - Fast-tracked /app/data/T0015/270588/b1256qt/universalinit-270588/src/universalinit/templates/qwik/src/entry.dev.tsx (ext=.tsx, size=588)
2025-11-19 08:01:38,875 - Knowledge - INFO - Worker kw7 processing /app/data/T0015/270588/b1256qt/universalinit-270588/src/universalinit/templates/qwik/src/components/starter/gauge/index.tsx
2025-11-19 08:01:38,938 - Knowledge - INFO - Worker kw8 processing /app/data/T0015/270588/b1256qt/universalinit-270588/src/universalinit/templates/qwik/config.yml
2025-11-19 08:01:39,008 - Knowledge - INFO - Fast-tracked /app/data/T0015/270588/b1256qt/universalinit-270588/src/universalinit/templates/nextjs/postcss.config.mjs (ext=.mjs, size=81)
2025-11-19 08:01:39,124 - Knowledge - INFO - Worker kw10 processing /app/data/T0015/270588/b1256qt/universalinit-270588/src/universalinit/templates/angular/config.yml
2025-11-19 08:01:39,196 - Knowledge - INFO - Worker kw11 processing /app/data/T0015/270588/b1256qt/universalinit-270588/src/universalinit/templates/express/package.json
2025-11-19 08:01:39,280 - Knowledge - INFO - Fast-tracked /app/data/T0015/270588/b1256qt/universalinit-270588/src/universalinit/templates/flask/app/__init__.py (ext=.py, size=516)
2025-11-19 08:01:39,394 - Knowledge - INFO - Fast-tracked /app/data/T0015/270588/b1256qt/universalinit-270588/src/universalinit/templates/kotlin/app/src/main/res/navigation/nav_graph.xml (ext=.xml, size=1040)
2025-11-19 08:01:39,470 - Knowledge - INFO - Fast-tracked /app/data/T0015/270588/b1256qt/universalinit-270588/src/universalinit/templates/kotlin/app/src/main/res/xml/backup_rules.xml (ext=.xml, size=478)
2025-11-19 08:01:39,620 - Knowledge - INFO - Worker kw15 processing /app/data/T0015/270588/b1256qt/universalinit-270588/src/universalinit/templates/android/init_script.sh
2025-11-19 08:01:39,692 - Knowledge - INFO - Fast-tracked /app/data/T0015/270588/b1256qt/universalinit-270588/src/universalinit/templates/lightningjs/vite.config.js (ext=.js, size=711)
2025-11-19 08:01:39,804 - Knowledge - INFO - Worker kw17 processing /app/data/T0015/270588/b1256qt/universalinit-270588/src/universalinit/templates/remix/app/root.tsx
2025-11-19 08:01:39,889 - Knowledge - INFO - Fast-tracked /app/data/T0015/270588/b1256qt/universalinit-270588/src/universalinit/templates/remotion/src/HelloWorld/Arc.tsx (ext=.tsx, size=1457)
2025-11-19 08:01:39,995 - Knowledge - INFO - Worker kw19 processing /app/data/T0015/270588/b1256qt/universalinit-270588/src/universalinit/templates/remotion/eslint.config.mjs
2025-11-19 08:01:40,092 - Knowledge - INFO - Fast-tracked /app/data/T0015/270588/b1256qt/universalinit-270588/src/universalinit/templates/django/config.yml (ext=.yml, size=1135)
2025-11-19 08:01:40,195 - Knowledge - INFO - Fast-tracked /app/data/T0015/270588/b1256qt/universalinit-270588/test/test_vue_template.py (ext=.py, size=5910)
2025-11-19 08:01:40,309 - Knowledge - INFO - Fast-tracked /app/data/T0015/270588/b1256qt/universalinit-270588/src/universalinit/templates/vue/src/stores/counter.ts (ext=.ts, size=306)
2025-11-19 08:01:40,386 - Knowledge - INFO - Fast-tracked /app/data/T0015/270588/b1256qt/universalinit-270588/src/universalinit/templates/vue/tsconfig.json (ext=.json, size=191)
2025-11-19 08:01:40,455 - Knowledge - INFO - Worker kw4 processing /app/data/T0015/270588/b1256qt/universalinit-270588/src/universalinit/templates/nativescript/package.json
2025-11-19 08:01:40,549 - Knowledge - INFO - Fast-tracked /app/data/T0015/270588/b1256qt/universalinit-270588/src/universalinit/templates/nativescript/App_Resources/Android/src/main/res/values-v21/colors.xml (ext=.xml, size=196)
2025-11-19 08:01:40,638 - Knowledge - INFO - Worker kw6 processing /app/data/T0015/270588/b1256qt/universalinit-270588/src/universalinit/templates/qwik/src/routes/index.tsx
2025-11-19 08:01:40,725 - Knowledge - INFO - Fast-tracked /app/data/T0015/270588/b1256qt/universalinit-270588/src/universalinit/templates/qwik/src/components/starter/gauge/index.tsx (ext=.tsx, size=1129)
2025-11-19 08:01:40,813 - Knowledge - INFO - Fast-tracked /app/data/T0015/270588/b1256qt/universalinit-270588/src/universalinit/templates/qwik/config.yml (ext=.yml, size=812)
2025-11-19 08:01:40,897 - Knowledge - INFO - Worker kw9 processing /app/data/T0015/270588/b1256qt/universalinit-270588/src/universalinit/templates/angular/src/server.ts
2025-11-19 08:01:40,959 - Knowledge - INFO - Fast-tracked /app/data/T0015/270588/b1256qt/universalinit-270588/src/universalinit/templates/angular/config.yml (ext=.yml, size=844)
2025-11-19 08:01:41,028 - Knowledge - INFO - Fast-tracked /app/data/T0015/270588/b1256qt/universalinit-270588/src/universalinit/templates/express/package.json (ext=.json, size=644)
2025-11-19 08:01:41,134 - Knowledge - INFO - Worker kw12 processing /app/data/T0015/270588/b1256qt/universalinit-270588/src/universalinit/templates/kotlin/config.yml
2025-11-19 08:01:41,209 - Knowledge - INFO - Worker kw13 processing /app/data/T0015/270588/b1256qt/universalinit-270588/src/universalinit/templates/kotlin/app/src/main/res/values-v23/themes.xml
2025-11-19 08:01:41,295 - Knowledge - INFO - Worker kw14 processing /app/data/T0015/270588/b1256qt/universalinit-270588/src/universalinit/templates/kotlin/app/src/main/res/mipmap-anydpi-v26/ic_launcher.xml
2025-11-19 08:01:41,363 - Knowledge - INFO - Worker kw15 processing /app/data/T0015/270588/b1256qt/universalinit-270588/src/universalinit/templates/lightningjs/src/pages/Home.ts
2025-11-19 08:01:41,443 - Knowledge - INFO - Worker kw16 processing /app/data/T0015/270588/b1256qt/universalinit-270588/src/universalinit/templates/astro/package.json
2025-11-19 08:01:41,531 - Knowledge - INFO - Fast-tracked /app/data/T0015/270588/b1256qt/universalinit-270588/src/universalinit/templates/remix/app/root.tsx (ext=.tsx, size=991)
2025-11-19 08:01:41,626 - Knowledge - INFO - Worker kw18 processing /app/data/T0015/270588/b1256qt/universalinit-270588/src/universalinit/templates/remotion/src/HelloWorld/Title.tsx
2025-11-19 08:01:41,726 - Knowledge - INFO - Fast-tracked /app/data/T0015/270588/b1256qt/universalinit-270588/src/universalinit/templates/remotion/eslint.config.mjs (ext=.mjs, size=784)
2025-11-19 08:01:41,828 - Knowledge - INFO - Worker kw20 processing /app/data/T0015/270588/b1256qt/universalinit-270588/src/universalinit/templates/django/config/settings.py
2025-11-19 08:01:41,898 - Knowledge - INFO - Worker kw1 processing /app/data/T0015/270588/b1256qt/universalinit-270588/test/test_fastapi_template.py
2025-11-19 08:01:42,050 - Knowledge - INFO - Worker kw3 processing /app/data/T0015/270588/b1256qt/universalinit-270588/src/universalinit/templates/vue/README.md
2025-11-19 08:01:42,124 - Knowledge - INFO - Fast-tracked /app/data/T0015/270588/b1256qt/universalinit-270588/src/universalinit/templates/nativescript/package.json (ext=.json, size=257)
2025-11-19 08:01:42,218 - Knowledge - INFO - Worker kw5 processing /app/data/T0015/270588/b1256qt/universalinit-270588/src/universalinit/templates/nativescript/App_Resources/Android/src/main/res/values-v21/styles.xml
2025-11-19 08:01:42,291 - Knowledge - INFO - Worker kw6 processing /app/data/T0015/270588/b1256qt/universalinit-270588/src/universalinit/templates/qwik/src/routes/demo/todolist/index.tsx
2025-11-19 08:01:42,366 - Knowledge - INFO - Worker kw7 processing /app/data/T0015/270588/b1256qt/universalinit-270588/src/universalinit/templates/qwik/src/components/starter/header/header.module.css
2025-11-19 08:01:42,454 - Knowledge - INFO - Worker kw8 processing /app/data/T0015/270588/b1256qt/universalinit-270588/src/universalinit/templates/qwik/vite.config.ts
2025-11-19 08:01:42,570 - Knowledge - INFO - Fast-tracked /app/data/T0015/270588/b1256qt/universalinit-270588/src/universalinit/templates/angular/src/server.ts (ext=.ts, size=1785)
2025-11-19 08:01:42,658 - Knowledge - INFO - Worker kw10 processing /app/data/T0015/270588/b1256qt/universalinit-270588/src/universalinit/templates/angular/tsconfig.spec.json
2025-11-19 08:01:42,757 - Knowledge - INFO - Worker kw11 processing /app/data/T0015/270588/b1256qt/universalinit-270588/src/universalinit/templates/express/config.yml
2025-11-19 08:01:42,843 - Knowledge - INFO - Fast-tracked /app/data/T0015/270588/b1256qt/universalinit-270588/src/universalinit/templates/kotlin/config.yml (ext=.yml, size=821)
2025-11-19 08:01:42,943 - Knowledge - INFO - Fast-tracked /app/data/T0015/270588/b1256qt/universalinit-270588/src/universalinit/templates/kotlin/app/src/main/res/values-v23/themes.xml (ext=.xml, size=439)
2025-11-19 08:01:43,046 - Knowledge - INFO - Fast-tracked /app/data/T0015/270588/b1256qt/universalinit-270588/src/universalinit/templates/kotlin/app/src/main/res/mipmap-anydpi-v26/ic_launcher.xml (ext=.xml, size=343)
2025-11-19 08:01:43,126 - Knowledge - INFO - Worker kw15 processing /app/data/T0015/270588/b1256qt/universalinit-270588/src/universalinit/templates/lightningjs/src/App.ts
2025-11-19 08:01:43,208 - Knowledge - INFO - Fast-tracked /app/data/T0015/270588/b1256qt/universalinit-270588/src/universalinit/templates/astro/package.json (ext=.json, size=543)
2025-11-19 08:01:43,271 - Knowledge - INFO - Worker kw17 processing /app/data/T0015/270588/b1256qt/universalinit-270588/src/universalinit/templates/remix/app/tailwind.css
2025-11-19 08:01:43,338 - Knowledge - INFO - Fast-tracked /app/data/T0015/270588/b1256qt/universalinit-270588/src/universalinit/templates/remotion/src/HelloWorld/Title.tsx (ext=.tsx, size=1208)
2025-11-19 08:01:43,442 - Knowledge - INFO - Worker kw19 processing /app/data/T0015/270588/b1256qt/universalinit-270588/src/universalinit/templates/django/manage.py
2025-11-19 08:01:43,564 - Knowledge - INFO - Worker kw20 processing /app/data/T0015/270588/b1256qt/universalinit-270588/src/universalinit/templates/django/config/wsgi.py
2025-11-19 08:01:43,634 - Knowledge - INFO - Fast-tracked /app/data/T0015/270588/b1256qt/universalinit-270588/test/test_fastapi_template.py (ext=.py, size=5930)
2025-11-19 08:01:43,711 - Knowledge - INFO - Fast-tracked /app/data/T0015/270588/b1256qt/universalinit-270588/src/universalinit/templates/vue/README.md (ext=.md, size=1008)
2025-11-19 08:01:43,856 - Knowledge - INFO - Worker kw4 processing /app/data/T0015/270588/b1256qt/universalinit-270588/src/universalinit/templates/nativescript/webpack.config.js
2025-11-19 08:01:43,924 - Knowledge - INFO - Fast-tracked /app/data/T0015/270588/b1256qt/universalinit-270588/src/universalinit/templates/nativescript/App_Resources/Android/src/main/res/values-v21/styles.xml (ext=.xml, size=1544)
2025-11-19 08:01:43,997 - Knowledge - INFO - Fast-tracked /app/data/T0015/270588/b1256qt/universalinit-270588/src/universalinit/templates/qwik/src/routes/demo/todolist/index.tsx (ext=.tsx, size=1700)
2025-11-19 08:01:44,108 - Knowledge - INFO - Fast-tracked /app/data/T0015/270588/b1256qt/universalinit-270588/src/universalinit/templates/qwik/src/components/starter/header/header.module.css (ext=.css, size=559)
2025-11-19 08:01:44,179 - Knowledge - INFO - Worker kw8 processing /app/data/T0015/270588/b1256qt/universalinit-270588/src/universalinit/templates/qwik/tsconfig.json
2025-11-19 08:01:44,279 - Knowledge - INFO - Worker kw9 processing /app/data/T0015/270588/b1256qt/universalinit-270588/src/universalinit/templates/angular/src/main.ts
2025-11-19 08:01:44,346 - Knowledge - INFO - Fast-tracked /app/data/T0015/270588/b1256qt/universalinit-270588/src/universalinit/templates/angular/tsconfig.spec.json (ext=.json, size=434)
2025-11-19 08:01:44,423 - Knowledge - INFO - Fast-tracked /app/data/T0015/270588/b1256qt/universalinit-270588/src/universalinit/templates/express/config.yml (ext=.yml, size=802)
2025-11-19 08:01:44,505 - Knowledge - INFO - Worker kw12 processing /app/data/T0015/270588/b1256qt/universalinit-270588/src/universalinit/templates/kotlin/settings.gradle.kts
2025-11-19 08:01:44,598 - Knowledge - INFO - Worker kw13 processing /app/data/T0015/270588/b1256qt/universalinit-270588/src/universalinit/templates/kotlin/app/src/main/res/values-land/dimens.xml
2025-11-19 08:01:44,681 - Knowledge - INFO - Worker kw14 processing /app/data/T0015/270588/b1256qt/universalinit-270588/src/universalinit/templates/kotlin/app/src/main/res/mipmap-anydpi-v26/ic_launcher_round.xml
2025-11-19 08:01:44,785 - Knowledge - INFO - Fast-tracked /app/data/T0015/270588/b1256qt/universalinit-270588/src/universalinit/templates/lightningjs/src/App.ts (ext=.ts, size=221)
2025-11-19 08:01:44,853 - Knowledge - INFO - Worker kw16 processing /app/data/T0015/270588/b1256qt/universalinit-270588/src/universalinit/templates/astro/config.yml
2025-11-19 08:01:44,923 - Knowledge - INFO - Fast-tracked /app/data/T0015/270588/b1256qt/universalinit-270588/src/universalinit/templates/remix/app/tailwind.css (ext=.css, size=180)
2025-11-19 08:01:45,047 - Knowledge - INFO - Worker kw18 processing /app/data/T0015/270588/b1256qt/universalinit-270588/src/universalinit/templates/remotion/src/Root.tsx
2025-11-19 08:01:45,142 - Knowledge - INFO - Fast-tracked /app/data/T0015/270588/b1256qt/universalinit-270588/src/universalinit/templates/django/manage.py (ext=.py, size=662)
2025-11-19 08:01:45,221 - Knowledge - INFO - Fast-tracked /app/data/T0015/270588/b1256qt/universalinit-270588/src/universalinit/templates/django/config/wsgi.py (ext=.py, size=389)
2025-11-19 08:01:45,392 - Knowledge - INFO - Processing batch of 15 files
2025-11-19 08:01:45,417 - Knowledge - INFO - Worker kw3 processing /app/data/T0015/270588/b1256qt/universalinit-270588/src/universalinit/templates/vue/index.html
2025-11-19 08:01:45,493 - Knowledge - INFO - Fast-tracked /app/data/T0015/270588/b1256qt/universalinit-270588/src/universalinit/templates/nativescript/webpack.config.js (ext=.js, size=207)
2025-11-19 08:01:45,618 - Knowledge - INFO - Worker kw5 processing /app/data/T0015/270588/b1256qt/universalinit-270588/src/universalinit/templates/nativescript/App_Resources/Android/src/main/res/values-v29/styles.xml
2025-11-19 08:01:45,707 - Knowledge - INFO - Worker kw6 processing /app/data/T0015/270588/b1256qt/universalinit-270588/src/universalinit/templates/qwik/src/routes/demo/todolist/todolist.module.css
2025-11-19 08:01:45,811 - Knowledge - INFO - Worker kw7 processing /app/data/T0015/270588/b1256qt/universalinit-270588/src/universalinit/templates/qwik/src/components/starter/header/header.tsx
2025-11-19 08:01:45,889 - Knowledge - INFO - Fast-tracked /app/data/T0015/270588/b1256qt/universalinit-270588/src/universalinit/templates/qwik/tsconfig.json (ext=.json, size=637)
2025-11-19 08:01:45,982 - Knowledge - INFO - Fast-tracked /app/data/T0015/270588/b1256qt/universalinit-270588/src/universalinit/templates/angular/src/main.ts (ext=.ts, size=250)
2025-11-19 08:01:46,099 - Knowledge - INFO - Worker kw10 processing /app/data/T0015/270588/b1256qt/universalinit-270588/src/universalinit/templates/angular/tsconfig.json
2025-11-19 08:01:46,208 - Knowledge - INFO - Worker kw11 processing /app/data/T0015/270588/b1256qt/universalinit-270588/src/universalinit/templates/express/eslint.config.js
2025-11-19 08:01:46,307 - Knowledge - INFO - Fast-tracked /app/data/T0015/270588/b1256qt/universalinit-270588/src/universalinit/templates/kotlin/settings.gradle.kts (ext=.kts, size=530)
2025-11-19 08:01:46,391 - Knowledge - INFO - Fast-tracked /app/data/T0015/270588/b1256qt/universalinit-270588/src/universalinit/templates/kotlin/app/src/main/res/values-land/dimens.xml (ext=.xml, size=66)
2025-11-19 08:01:46,512 - Knowledge - INFO - Fast-tracked /app/data/T0015/270588/b1256qt/universalinit-270588/src/universalinit/templates/kotlin/app/src/main/res/mipmap-anydpi-v26/ic_launcher_round.xml (ext=.xml, size=343)
2025-11-19 08:01:46,607 - Knowledge - INFO - Worker kw15 processing /app/data/T0015/270588/b1256qt/universalinit-270588/src/universalinit/templates/lightningjs/src/components/Loader.ts
2025-11-19 08:01:46,720 - Knowledge - INFO - Fast-tracked /app/data/T0015/270588/b1256qt/universalinit-270588/src/universalinit/templates/astro/config.yml (ext=.yml, size=810)
2025-11-19 08:01:46,809 - Knowledge - INFO - Worker kw17 processing /app/data/T0015/270588/b1256qt/universalinit-270588/src/universalinit/templates/remix/vite.config.ts
2025-11-19 08:01:46,890 - Knowledge - INFO - Fast-tracked /app/data/T0015/270588/b1256qt/universalinit-270588/src/universalinit/templates/remotion/src/Root.tsx (ext=.tsx, size=1324)
2025-11-19 08:01:46,970 - Knowledge - INFO - Worker kw19 processing /app/data/T0015/270588/b1256qt/universalinit-270588/src/universalinit/templates/django/requirements.txt
2025-11-19 08:01:47,041 - Knowledge - INFO - Worker kw20 processing /app/data/T0015/270588/b1256qt/universalinit-270588/src/universalinit/templates/django/config/urls.py
2025-11-19 08:01:47,119 - Knowledge - INFO - process ingested knowledge for /app/data/T0015/270588/b1256qt/universalinit-270588/test/test_nuxt_template.py
2025-11-19 08:01:47,196 - Knowledge - INFO - Fast-tracked /app/data/T0015/270588/b1256qt/universalinit-270588/src/universalinit/templates/vue/index.html (ext=.html, size=329)
2025-11-19 08:01:47,279 - Knowledge - INFO - Worker kw4 processing /app/data/T0015/270588/b1256qt/universalinit-270588/src/universalinit/templates/nativescript/config.yml
2025-11-19 08:01:47,359 - Knowledge - INFO - Fast-tracked /app/data/T0015/270588/b1256qt/universalinit-270588/src/universalinit/templates/nativescript/App_Resources/Android/src/main/res/values-v29/styles.xml (ext=.xml, size=573)
2025-11-19 08:01:47,441 - Knowledge - INFO - Fast-tracked /app/data/T0015/270588/b1256qt/universalinit-270588/src/universalinit/templates/qwik/src/routes/demo/todolist/todolist.module.css (ext=.css, size=565)
2025-11-19 08:01:47,545 - Knowledge - INFO - Fast-tracked /app/data/T0015/270588/b1256qt/universalinit-270588/src/universalinit/templates/qwik/src/components/starter/header/header.tsx (ext=.tsx, size=1063)
2025-11-19 08:01:47,627 - Knowledge - INFO - Worker kw8 processing /app/data/T0015/270588/b1256qt/universalinit-270588/src/universalinit/templates/qwik/README.md
2025-11-19 08:01:47,763 - Knowledge - INFO - Worker kw9 processing /app/data/T0015/270588/b1256qt/universalinit-270588/src/universalinit/templates/angular/src/app/app.component.spec.ts
2025-11-19 08:01:47,883 - Knowledge - INFO - Fast-tracked /app/data/T0015/270588/b1256qt/universalinit-270588/src/universalinit/templates/angular/tsconfig.json (ext=.json, size=915)
2025-11-19 08:01:47,985 - Knowledge - INFO - Fast-tracked /app/data/T0015/270588/b1256qt/universalinit-270588/src/universalinit/templates/express/eslint.config.js (ext=.js, size=352)
2025-11-19 08:01:48,089 - Knowledge - INFO - Worker kw12 processing /app/data/T0015/270588/b1256qt/universalinit-270588/src/universalinit/templates/kotlin/app/src/test/java/com/example/kotlin/ExampleUnitTest.kt
2025-11-19 08:01:48,184 - Knowledge - INFO - Worker kw13 processing /app/data/T0015/270588/b1256qt/universalinit-270588/src/universalinit/templates/kotlin/app/src/main/res/drawable/ic_launcher_foreground.xml
2025-11-19 08:01:48,263 - Knowledge - INFO - Worker kw14 processing /app/data/T0015/270588/b1256qt/universalinit-270588/src/universalinit/templates/kotlin/app/src/main/res/menu/menu_main.xml
2025-11-19 08:01:48,368 - Knowledge - INFO - Fast-tracked /app/data/T0015/270588/b1256qt/universalinit-270588/src/universalinit/templates/lightningjs/src/components/Loader.ts (ext=.ts, size=938)
2025-11-19 08:01:48,471 - Knowledge - INFO - Worker kw16 processing /app/data/T0015/270588/b1256qt/universalinit-270588/src/universalinit/templates/astro/tsconfig.json
2025-11-19 08:01:48,549 - Knowledge - INFO - Fast-tracked /app/data/T0015/270588/b1256qt/universalinit-270588/src/universalinit/templates/remix/vite.config.ts (ext=.ts, size=551)
2025-11-19 08:01:48,632 - Knowledge - INFO - Worker kw18 processing /app/data/T0015/270588/b1256qt/universalinit-270588/src/universalinit/templates/remotion/src/HelloWorld.tsx
2025-11-19 08:01:48,733 - Knowledge - INFO - Fast-tracked /app/data/T0015/270588/b1256qt/universalinit-270588/src/universalinit/templates/django/requirements.txt (ext=.txt, size=291)
2025-11-19 08:01:48,816 - Knowledge - INFO - Fast-tracked /app/data/T0015/270588/b1256qt/universalinit-270588/src/universalinit/templates/django/config/urls.py (ext=.py, size=1445)
2025-11-19 08:01:48,875 - Knowledge - INFO - process ingested knowledge for /app/data/T0015/270588/b1256qt/universalinit-270588/test/test_typescript_template.py
2025-11-19 08:01:48,999 - Knowledge - INFO - Processing batch of 15 files
2025-11-19 08:01:49,065 - Knowledge - INFO - Fast-tracked /app/data/T0015/270588/b1256qt/universalinit-270588/src/universalinit/templates/nativescript/config.yml (ext=.yml, size=1316)
2025-11-19 08:01:49,138 - Knowledge - INFO - Worker kw5 processing /app/data/T0015/270588/b1256qt/universalinit-270588/src/universalinit/templates/nativescript/App_Resources/Android/src/main/res/mipmap-anydpi-v26/ic_launcher.xml
2025-11-19 08:01:49,240 - Knowledge - INFO - Worker kw6 processing /app/data/T0015/270588/b1256qt/universalinit-270588/src/universalinit/templates/qwik/src/routes/demo/flower/flower.css
2025-11-19 08:01:49,317 - Knowledge - INFO - Worker kw7 processing /app/data/T0015/270588/b1256qt/universalinit-270588/src/universalinit/templates/qwik/src/components/starter/infobox/infobox.module.css
2025-11-19 08:01:49,419 - Knowledge - INFO - Fast-tracked /app/data/T0015/270588/b1256qt/universalinit-270588/src/universalinit/templates/qwik/README.md (ext=.md, size=2496)
2025-11-19 08:01:49,526 - Knowledge - INFO - Fast-tracked /app/data/T0015/270588/b1256qt/universalinit-270588/src/universalinit/templates/angular/src/app/app.component.spec.ts (ext=.ts, size=919)
2025-11-19 08:01:49,677 - Knowledge - INFO - Worker kw11 processing /app/data/T0015/270588/b1256qt/universalinit-270588/src/universalinit/templates/express/swagger.js
2025-11-19 08:01:49,753 - Knowledge - INFO - Fast-tracked /app/data/T0015/270588/b1256qt/universalinit-270588/src/universalinit/templates/kotlin/app/src/test/java/com/example/kotlin/ExampleUnitTest.kt (ext=.kt, size=342)
2025-11-19 08:01:49,831 - Knowledge - INFO - Fast-tracked /app/data/T0015/270588/b1256qt/universalinit-270588/src/universalinit/templates/kotlin/app/src/main/res/drawable/ic_launcher_foreground.xml (ext=.xml, size=1702)
2025-11-19 08:01:49,914 - Knowledge - INFO - Fast-tracked /app/data/T0015/270588/b1256qt/universalinit-270588/src/universalinit/templates/kotlin/app/src/main/res/menu/menu_main.xml (ext=.xml, size=406)
2025-11-19 08:01:49,987 - Knowledge - INFO - Worker kw15 processing /app/data/T0015/270588/b1256qt/universalinit-270588/src/universalinit/templates/lightningjs/src/index.ts
2025-11-19 08:01:50,069 - Knowledge - INFO - Fast-tracked /app/data/T0015/270588/b1256qt/universalinit-270588/src/universalinit/templates/astro/tsconfig.json (ext=.json, size=109)
2025-11-19 08:01:50,186 - Knowledge - INFO - Worker kw17 processing /app/data/T0015/270588/b1256qt/universalinit-270588/src/universalinit/templates/remix/tsconfig.json
2025-11-19 08:01:50,280 - Knowledge - INFO - Fast-tracked /app/data/T0015/270588/b1256qt/universalinit-270588/src/universalinit/templates/remotion/src/HelloWorld.tsx (ext=.tsx, size=1989)
2025-11-19 08:01:50,344 - Knowledge - INFO - Worker kw19 processing /app/data/T0015/270588/b1256qt/universalinit-270588/src/universalinit/templates/django/api/admin.py
2025-11-19 08:01:50,418 - Knowledge - INFO - Worker kw20 processing /app/data/T0015/270588/b1256qt/universalinit-270588/src/universalinit/templates/django/config/asgi.py
2025-11-19 08:01:50,494 - Knowledge - INFO - process ingested knowledge for /app/data/T0015/270588/b1256qt/universalinit-270588/test/test_slidev_template.py
2025-11-19 08:01:50,605 - Knowledge - INFO - process ingested knowledge for /app/data/T0015/270588/b1256qt/universalinit-270588/src/universalinit/templates/vue/src/main.ts
2025-11-19 08:01:50,765 - Knowledge - INFO - Fast-tracked /app/data/T0015/270588/b1256qt/universalinit-270588/src/universalinit/templates/nativescript/App_Resources/Android/src/main/res/mipmap-anydpi-v26/ic_launcher.xml (ext=.xml, size=267)
2025-11-19 08:01:50,770 - Knowledge - INFO - Processing batch of 15 files
2025-11-19 08:01:50,840 - Knowledge - INFO - Fast-tracked /app/data/T0015/270588/b1256qt/universalinit-270588/src/universalinit/templates/qwik/src/routes/demo/flower/flower.css (ext=.css, size=1478)
2025-11-19 08:01:50,944 - Knowledge - INFO - Fast-tracked /app/data/T0015/270588/b1256qt/universalinit-270588/src/universalinit/templates/qwik/src/components/starter/infobox/infobox.module.css (ext=.css, size=289)
2025-11-19 08:01:51,026 - Knowledge - INFO - Worker kw8 processing /app/data/T0015/270588/b1256qt/universalinit-270588/src/universalinit/templates/qwik/public/manifest.json
2025-11-19 08:01:51,110 - Knowledge - INFO - Worker kw9 processing /app/data/T0015/270588/b1256qt/universalinit-270588/src/universalinit/templates/angular/src/app/app.config.ts
2025-11-19 08:01:51,210 - Knowledge - INFO - Fast-tracked /app/data/T0015/270588/b1256qt/universalinit-270588/src/universalinit/templates/express/swagger.js (ext=.js, size=381)
2025-11-19 08:01:51,321 - Knowledge - INFO - Worker kw12 processing /app/data/T0015/270588/b1256qt/universalinit-270588/src/universalinit/templates/kotlin/app/src/androidTest/java/com/example/kotlin/ExampleInstrumentedTest.kt
2025-11-19 08:01:51,394 - Knowledge - INFO - Worker kw13 processing /app/data/T0015/270588/b1256qt/universalinit-270588/src/universalinit/templates/kotlin/app/src/main/res/drawable/ic_launcher_background.xml
2025-11-19 08:01:51,466 - Knowledge - INFO - Worker kw14 processing /app/data/T0015/270588/b1256qt/universalinit-270588/src/universalinit/templates/kotlin/app/src/main/res/values-night/themes.xml
2025-11-19 08:01:51,572 - Knowledge - INFO - Fast-tracked /app/data/T0015/270588/b1256qt/universalinit-270588/src/universalinit/templates/lightningjs/src/index.ts (ext=.ts, size=89)
2025-11-19 08:01:51,650 - Knowledge - INFO - Worker kw16 processing /app/data/T0015/270588/b1256qt/universalinit-270588/src/universalinit/templates/astro/astro.config.mjs
2025-11-19 08:01:51,723 - Knowledge - INFO - Fast-tracked /app/data/T0015/270588/b1256qt/universalinit-270588/src/universalinit/templates/remix/tsconfig.json (ext=.json, size=734)
2025-11-19 08:01:51,807 - Knowledge - INFO - Worker kw18 processing /app/data/T0015/270588/b1256qt/universalinit-270588/src/universalinit/templates/remotion/src/index.ts
2025-11-19 08:01:51,902 - Knowledge - INFO - Fast-tracked /app/data/T0015/270588/b1256qt/universalinit-270588/src/universalinit/templates/django/api/admin.py (ext=.py, size=63)
2025-11-19 08:01:51,976 - Knowledge - INFO - Fast-tracked /app/data/T0015/270588/b1256qt/universalinit-270588/src/universalinit/templates/django/config/asgi.py (ext=.py, size=389)
2025-11-19 08:01:51,994 - Knowledge - INFO - [LLM_CALL] Completed: app.component.html:chunk1, Duration: 2400ms, PromptTokens: 20206, CompletionTokens: 59, Cost: $0.00204
2025-11-19 08:01:52,087 - Knowledge - INFO - process ingested knowledge for /app/data/T0015/270588/b1256qt/universalinit-270588/test/test_django_template.py
2025-11-19 08:01:52,161 - Knowledge - INFO - process ingested knowledge for /app/data/T0015/270588/b1256qt/universalinit-270588/src/universalinit/templates/vue/src/components/__tests__/HelloWorld.spec.ts
2025-11-19 08:01:52,345 - Knowledge - INFO - process ingested knowledge for /app/data/T0015/270588/b1256qt/universalinit-270588/src/universalinit/templates/fastapi/src/api/main.py
2025-11-19 08:01:52,623 - Knowledge - INFO - Fast-tracked /app/data/T0015/270588/b1256qt/universalinit-270588/src/universalinit/templates/qwik/public/manifest.json (ext=.json, size=258)
2025-11-19 08:01:52,687 - Knowledge - INFO - Fast-tracked /app/data/T0015/270588/b1256qt/universalinit-270588/src/universalinit/templates/angular/src/app/app.config.ts (ext=.ts, size=438)
2025-11-19 08:01:52,893 - Knowledge - INFO - Fast-tracked /app/data/T0015/270588/b1256qt/universalinit-270588/src/universalinit/templates/kotlin/app/src/androidTest/java/com/example/kotlin/ExampleInstrumentedTest.kt (ext=.kt, size=663)
2025-11-19 08:01:52,995 - Knowledge - INFO - Fast-tracked /app/data/T0015/270588/b1256qt/universalinit-270588/src/universalinit/templates/kotlin/app/src/main/res/drawable/ic_launcher_background.xml (ext=.xml, size=5606)
2025-11-19 08:01:53,110 - Knowledge - INFO - Fast-tracked /app/data/T0015/270588/b1256qt/universalinit-270588/src/universalinit/templates/kotlin/app/src/main/res/values-night/themes.xml (ext=.xml, size=326)
2025-11-19 08:01:53,188 - Knowledge - INFO - Worker kw15 processing /app/data/T0015/270588/b1256qt/universalinit-270588/src/universalinit/templates/lightningjs/package.json
2025-11-19 08:01:53,275 - Knowledge - INFO - Fast-tracked /app/data/T0015/270588/b1256qt/universalinit-270588/src/universalinit/templates/astro/astro.config.mjs (ext=.mjs, size=162)
2025-11-19 08:01:53,368 - Knowledge - INFO - Worker kw17 processing /app/data/T0015/270588/b1256qt/universalinit-270588/src/universalinit/templates/remix/tailwind.config.ts
2025-11-19 08:01:53,460 - Knowledge - INFO - Fast-tracked /app/data/T0015/270588/b1256qt/universalinit-270588/src/universalinit/templates/remotion/src/index.ts (ext=.ts, size=228)
2025-11-19 08:01:53,577 - Knowledge - INFO - Worker kw19 processing /app/data/T0015/270588/b1256qt/universalinit-270588/src/universalinit/templates/django/api/tests.py
2025-11-19 08:01:53,643 - Knowledge - INFO - Worker kw20 processing /app/data/T0015/270588/b1256qt/universalinit-270588/src/universalinit/templates/svelte/src/app.d.ts
2025-11-19 08:01:53,718 - Knowledge - INFO - done ingest for /app/data/T0015/270588/b1256qt/universalinit-270588/src/universalinit/templates/angular/src/app/app.component.html
2025-11-19 08:01:53,718 - Knowledge - INFO - [LLM_CALL] Completed: templateconfig.py:chunk1, Duration: 10879ms, PromptTokens: 3324, CompletionTokens: 542, Cost: $0.00055
2025-11-19 08:01:53,797 - Knowledge - INFO - process ingested knowledge for /app/data/T0015/270588/b1256qt/universalinit-270588/test/test_svelte_template.py
2025-11-19 08:01:53,865 - Knowledge - INFO - process ingested knowledge for /app/data/T0015/270588/b1256qt/universalinit-270588/src/universalinit/templates/vue/src/router/index.ts
2025-11-19 08:01:53,958 - Knowledge - INFO - process ingested knowledge for /app/data/T0015/270588/b1256qt/universalinit-270588/src/universalinit/templates/fastapi/requirements.txt
2025-11-19 08:01:54,071 - Knowledge - INFO - Fast-tracked /app/data/T0015/270588/b1256qt/universalinit-270588/src/universalinit/templates/qwik/src/components/starter/next-steps/next-steps.tsx (small file (3034 bytes))
2025-11-19 08:01:54,137 - Knowledge - INFO - Worker kw9 processing /app/data/T0015/270588/b1256qt/universalinit-270588/src/universalinit/templates/angular/src/app/app.routes.ts
2025-11-19 08:01:54,343 - Knowledge - INFO - Fast-tracked /app/data/T0015/270588/b1256qt/universalinit-270588/src/universalinit/templates/kotlin/app/src/main/java/com/example/kotlin/MainActivity.kt (small file (2239 bytes))
2025-11-19 08:01:54,408 - Knowledge - INFO - Worker kw14 processing /app/data/T0015/270588/b1256qt/universalinit-270588/src/universalinit/templates/kotlin/app/src/main/res/values-w1240dp/dimens.xml
2025-11-19 08:01:54,527 - Knowledge - INFO - Fast-tracked /app/data/T0015/270588/b1256qt/universalinit-270588/src/universalinit/templates/lightningjs/package.json (ext=.json, size=743)
2025-11-19 08:01:54,640 - Knowledge - INFO - Worker kw16 processing /app/data/T0015/270588/b1256qt/universalinit-270588/src/universalinit/templates/astro/README.md
2025-11-19 08:01:54,743 - Knowledge - INFO - Fast-tracked /app/data/T0015/270588/b1256qt/universalinit-270588/src/universalinit/templates/remix/tailwind.config.ts (ext=.ts, size=467)
2025-11-19 08:01:54,811 - Knowledge - INFO - Worker kw18 processing /app/data/T0015/270588/b1256qt/universalinit-270588/src/universalinit/templates/remotion/package.json
2025-11-19 08:01:54,885 - Knowledge - INFO - Fast-tracked /app/data/T0015/270588/b1256qt/universalinit-270588/src/universalinit/templates/django/api/tests.py (ext=.py, size=360)
2025-11-19 08:01:54,944 - Knowledge - INFO - Fast-tracked /app/data/T0015/270588/b1256qt/universalinit-270588/src/universalinit/templates/svelte/src/app.d.ts (ext=.ts, size=274)
2025-11-19 08:01:55,087 - Knowledge - INFO - done ingest for /app/data/T0015/270588/b1256qt/universalinit-270588/src/universalinit/templateconfig.py
2025-11-19 08:01:55,126 - Knowledge - INFO - Processing batch of 12 files
2025-11-19 08:01:55,126 - Knowledge - INFO - Processing batch of 15 files
2025-11-19 08:01:55,126 - Knowledge - INFO - Processing batch of 12 files
2025-11-19 08:01:55,137 - Knowledge - INFO - Processing batch of 12 files
2025-11-19 08:01:55,189 - Knowledge - INFO - process ingested knowledge for /app/data/T0015/270588/b1256qt/universalinit-270588/test/test_android_template.py
2025-11-19 08:01:55,276 - Knowledge - INFO - process ingested knowledge for /app/data/T0015/270588/b1256qt/universalinit-270588/src/universalinit/templates/vue/src/assets/main.css
2025-11-19 08:01:55,351 - Knowledge - INFO - process ingested knowledge for /app/data/T0015/270588/b1256qt/universalinit-270588/src/universalinit/templates/fastapi/config.yml
2025-11-19 08:01:55,534 - Knowledge - INFO - Fast-tracked /app/data/T0015/270588/b1256qt/universalinit-270588/src/universalinit/templates/angular/src/app/app.routes.ts (ext=.ts, size=77)
2025-11-19 08:01:55,635 - Knowledge - INFO - Processing batch of 12 files
2025-11-19 08:01:55,724 - Knowledge - INFO - Fast-tracked /app/data/T0015/270588/b1256qt/universalinit-270588/src/universalinit/templates/kotlin/app/src/main/res/values-w1240dp/dimens.xml (ext=.xml, size=67)
2025-11-19 08:01:55,886 - Knowledge - INFO - Fast-tracked /app/data/T0015/270588/b1256qt/universalinit-270588/src/universalinit/templates/astro/README.md (ext=.md, size=2108)
2025-11-19 08:01:55,950 - Knowledge - INFO - Worker kw17 processing /app/data/T0015/270588/b1256qt/universalinit-270588/src/universalinit/templates/remix/README.md
2025-11-19 08:01:56,027 - Knowledge - INFO - Fast-tracked /app/data/T0015/270588/b1256qt/universalinit-270588/src/universalinit/templates/remotion/package.json (ext=.json, size=795)
2025-11-19 08:01:56,119 - Knowledge - INFO - Worker kw19 processing /app/data/T0015/270588/b1256qt/universalinit-270588/src/universalinit/templates/django/api/views.py
2025-11-19 08:01:56,192 - Knowledge - INFO - Worker kw20 processing /app/data/T0015/270588/b1256qt/universalinit-270588/src/universalinit/templates/svelte/src/hooks.server.js
2025-11-19 08:01:56,448 - Knowledge - INFO - process ingested knowledge for /app/data/T0015/270588/b1256qt/universalinit-270588/src/universalinit/templates/flutter/test/widget_test.dart
2025-11-19 08:01:56,533 - Knowledge - INFO - process ingested knowledge for /app/data/T0015/270588/b1256qt/universalinit-270588/src/universalinit/templates/nativescript/app/app.css
2025-11-19 08:01:56,538 - Knowledge - INFO - [LLM_CALL] Completed: cli.py:chunk1, Duration: 12862ms, PromptTokens: 4536, CompletionTokens: 622, Cost: $0.00070
2025-11-19 08:01:56,608 - Knowledge - INFO - process ingested knowledge for /app/data/T0015/270588/b1256qt/universalinit-270588/src/universalinit/templates/angular/src/app/app.component.html
2025-11-19 08:01:56,707 - Knowledge - INFO - process ingested knowledge for /app/data/T0015/270588/b1256qt/universalinit-270588/src/universalinit/templates/angular/README.md
2025-11-19 08:01:56,799 - Knowledge - INFO - process ingested knowledge for /app/data/T0015/270588/b1256qt/universalinit-270588/test/test_lightningjs_template.py
2025-11-19 08:01:56,875 - Knowledge - INFO - process ingested knowledge for /app/data/T0015/270588/b1256qt/universalinit-270588/src/universalinit/templates/vue/src/assets/base.css
2025-11-19 08:01:56,951 - Knowledge - INFO - process ingested knowledge for /app/data/T0015/270588/b1256qt/universalinit-270588/src/universalinit/templates/vite/src/main.js
2025-11-19 08:01:57,112 - Knowledge - INFO - process ingested knowledge for /app/data/T0015/270588/b1256qt/universalinit-270588/src/universalinit/templates/kotlin/app/src/main/java/com/example/kotlin/FirstFragment.kt
2025-11-19 08:01:57,316 - Knowledge - INFO - Worker kw16 processing /app/data/T0015/270588/b1256qt/universalinit-270588/src/universalinit/templates/astro/eslint.config.mjs
2025-11-19 08:01:57,414 - Knowledge - INFO - Fast-tracked /app/data/T0015/270588/b1256qt/universalinit-270588/src/universalinit/templates/remix/README.md (ext=.md, size=801)
2025-11-19 08:01:57,579 - Knowledge - INFO - Fast-tracked /app/data/T0015/270588/b1256qt/universalinit-270588/src/universalinit/templates/django/api/views.py (ext=.py, size=183)
2025-11-19 08:01:57,672 - Knowledge - INFO - Fast-tracked /app/data/T0015/270588/b1256qt/universalinit-270588/src/universalinit/templates/svelte/src/hooks.server.js (ext=.js, size=881)
2025-11-19 08:01:57,769 - Knowledge - INFO - process ingested knowledge for /app/data/T0015/270588/b1256qt/universalinit-270588/src/universalinit/templates/flutter/config.yml
2025-11-19 08:01:57,831 - Knowledge - INFO - process ingested knowledge for /app/data/T0015/270588/b1256qt/universalinit-270588/src/universalinit/templates/nativescript/app/app.js
2025-11-19 08:01:57,898 - Knowledge - INFO - done ingest for /app/data/T0015/270588/b1256qt/universalinit-270588/src/universalinit/cli.py
2025-11-19 08:01:57,898 - Knowledge - INFO - Processing batch of 12 files
2025-11-19 08:01:57,910 - Knowledge - INFO - Fast-tracked /app/data/T0015/270588/b1256qt/universalinit-270588/src/universalinit/templates/qwik/src/components/starter/hero/hero.tsx (small file (2470 bytes))
2025-11-19 08:01:57,962 - Knowledge - INFO - Processing batch of 10 files
2025-11-19 08:01:58,023 - Knowledge - INFO - process ingested knowledge for /app/data/T0015/270588/b1256qt/universalinit-270588/src/universalinit/templates/angular/src/app/app.component.ts
2025-11-19 08:01:58,134 - Knowledge - INFO - process ingested knowledge for /app/data/T0015/270588/b1256qt/universalinit-270588/src/universalinit/templates/angular/eslint.config.mjs
2025-11-19 08:01:58,245 - Knowledge - INFO - process ingested knowledge for /app/data/T0015/270588/b1256qt/universalinit-270588/test/test_kotlin_template.py
2025-11-19 08:01:58,359 - Knowledge - INFO - process ingested knowledge for /app/data/T0015/270588/b1256qt/universalinit-270588/src/universalinit/templates/vue/eslint.config.ts
2025-11-19 08:01:58,435 - Knowledge - INFO - process ingested knowledge for /app/data/T0015/270588/b1256qt/universalinit-270588/src/universalinit/templates/vite/src/style.css
2025-11-19 08:01:58,518 - Knowledge - INFO - process ingested knowledge for /app/data/T0015/270588/b1256qt/universalinit-270588/src/universalinit/templates/kotlin/app/src/main/java/com/example/kotlin/SecondFragment.kt
2025-11-19 08:01:58,615 - Knowledge - INFO - Fast-tracked /app/data/T0015/270588/b1256qt/universalinit-270588/src/universalinit/templates/astro/eslint.config.mjs (ext=.mjs, size=999)
2025-11-19 08:01:58,667 - Knowledge - INFO - Fast-tracked /app/data/T0015/270588/b1256qt/universalinit-270588/src/universalinit/templates/lightningjs/src/pages/Home.ts (small file (2911 bytes))
2025-11-19 08:01:58,884 - Knowledge - INFO - Processing batch of 10 files
2025-11-19 08:01:59,057 - Knowledge - INFO - process ingested knowledge for /app/data/T0015/270588/b1256qt/universalinit-270588/src/universalinit/templates/flutter/lib/main.dart
2025-11-19 08:01:59,163 - Knowledge - INFO - process ingested knowledge for /app/data/T0015/270588/b1256qt/universalinit-270588/src/universalinit/templates/nativescript/app/app-root.xml
2025-11-19 08:01:59,443 - Knowledge - INFO - process ingested knowledge for /app/data/T0015/270588/b1256qt/universalinit-270588/src/universalinit/templates/kotlin/app/src/main/res/values-w600dp/dimens.xml
2025-11-19 08:01:59,726 - Knowledge - INFO - process ingested knowledge for /app/data/T0015/270588/b1256qt/universalinit-270588/src/universalinit/templates/remotion/src/HelloWorld/constants.ts
2025-11-19 08:01:59,832 - Knowledge - INFO - process ingested knowledge for /app/data/T0015/270588/b1256qt/universalinit-270588/src/universalinit/templates/angular/src/app/app.config.server.ts
2025-11-19 08:01:59,959 - Knowledge - INFO - process ingested knowledge for /app/data/T0015/270588/b1256qt/universalinit-270588/src/universalinit/templates/express/src/services/health.js
2025-11-19 08:02:00,087 - Knowledge - INFO - process ingested knowledge for /app/data/T0015/270588/b1256qt/universalinit-270588/test/test_flask_template.py
2025-11-19 08:02:00,577 - Knowledge - INFO - process ingested knowledge for /app/data/T0015/270588/b1256qt/universalinit-270588/src/universalinit/templates/vue/tsconfig.app.json
2025-11-19 08:02:00,765 - Knowledge - INFO - process ingested knowledge for /app/data/T0015/270588/b1256qt/universalinit-270588/src/universalinit/templates/vite/src/counter.js
2025-11-19 08:02:00,886 - Knowledge - INFO - process ingested knowledge for /app/data/T0015/270588/b1256qt/universalinit-270588/src/universalinit/templates/kotlin/app/src/main/java/com/example/kotlin/MainActivity.kt
2025-11-19 08:02:01,395 - Knowledge - INFO - process ingested knowledge for /app/data/T0015/270588/b1256qt/universalinit-270588/src/universalinit/templates/remotion/remotion.config.ts
2025-11-19 08:02:01,399 - Knowledge - INFO - Processing batch of 12 files
2025-11-19 08:02:01,515 - Knowledge - INFO - process ingested knowledge for /app/data/T0015/270588/b1256qt/universalinit-270588/src/universalinit/templates/flask/run.py
2025-11-19 08:02:01,617 - Knowledge - INFO - process ingested knowledge for /app/data/T0015/270588/b1256qt/universalinit-270588/src/universalinit/templates/nativescript/app/home/home-page.xml
2025-11-19 08:02:01,806 - Knowledge - INFO - process ingested knowledge for /app/data/T0015/270588/b1256qt/universalinit-270588/src/universalinit/templates/kotlin/app/src/main/res/layout/activity_main.xml
2025-11-19 08:02:01,936 - Knowledge - INFO - process ingested knowledge for /app/data/T0015/270588/b1256qt/universalinit-270588/src/universalinit/templates/remotion/src/HelloWorld/Atom.tsx
2025-11-19 08:02:02,100 - Knowledge - INFO - process ingested knowledge for /app/data/T0015/270588/b1256qt/universalinit-270588/src/universalinit/templates/angular/src/styles.css
2025-11-19 08:02:02,184 - Knowledge - INFO - process ingested knowledge for /app/data/T0015/270588/b1256qt/universalinit-270588/src/universalinit/templates/express/src/app.js
2025-11-19 08:02:02,346 - Knowledge - INFO - process ingested knowledge for /app/data/T0015/270588/b1256qt/universalinit-270588/test/test_integration.py
2025-11-19 08:02:02,446 - Knowledge - INFO - process ingested knowledge for /app/data/T0015/270588/b1256qt/universalinit-270588/src/universalinit/templates/vue/package.json
2025-11-19 08:02:02,592 - Knowledge - INFO - [LLM_CALL] Completed: vite.config.ts:chunk1, Duration: 7156ms, PromptTokens: 2662, CompletionTokens: 272, Cost: $0.00037
2025-11-19 08:02:02,598 - Knowledge - INFO - process ingested knowledge for /app/data/T0015/270588/b1256qt/universalinit-270588/src/universalinit/templates/vite/package.json
2025-11-19 08:02:02,768 - Knowledge - INFO - process ingested knowledge for /app/data/T0015/270588/b1256qt/universalinit-270588/src/universalinit/templates/kotlin/app/src/main/res/values/colors.xml
2025-11-19 08:02:02,929 - Knowledge - INFO - process ingested knowledge for /app/data/T0015/270588/b1256qt/universalinit-270588/src/universalinit/templates/remotion/config.yml
2025-11-19 08:02:03,066 - Knowledge - INFO - process ingested knowledge for /app/data/T0015/270588/b1256qt/universalinit-270588/src/universalinit/templates/lightningjs/config.yml
2025-11-19 08:02:03,191 - Knowledge - INFO - process ingested knowledge for /app/data/T0015/270588/b1256qt/universalinit-270588/src/universalinit/templates/flask/requirements.txt
2025-11-19 08:02:03,319 - Knowledge - INFO - process ingested knowledge for /app/data/T0015/270588/b1256qt/universalinit-270588/src/universalinit/templates/nativescript/app/home/home-view-model.js
2025-11-19 08:02:03,405 - Knowledge - INFO - process ingested knowledge for /app/data/T0015/270588/b1256qt/universalinit-270588/src/universalinit/templates/kotlin/app/src/main/res/layout/fragment_first.xml
2025-11-19 08:02:03,487 - Knowledge - INFO - process ingested knowledge for /app/data/T0015/270588/b1256qt/universalinit-270588/src/universalinit/templates/remotion/src/HelloWorld/Logo.tsx
2025-11-19 08:02:03,608 - Knowledge - INFO - process ingested knowledge for /app/data/T0015/270588/b1256qt/universalinit-270588/src/universalinit/templates/angular/src/index.html
2025-11-19 08:02:03,676 - Knowledge - INFO - process ingested knowledge for /app/data/T0015/270588/b1256qt/universalinit-270588/src/universalinit/templates/express/src/routes/index.js
2025-11-19 08:02:03,753 - Knowledge - INFO - process ingested knowledge for /app/data/T0015/270588/b1256qt/universalinit-270588/test/test_astro_template.py
2025-11-19 08:02:03,853 - Knowledge - INFO - process ingested knowledge for /app/data/T0015/270588/b1256qt/universalinit-270588/src/universalinit/templates/vue/tsconfig.vitest.json
2025-11-19 08:02:03,960 - Knowledge - INFO - done ingest for /app/data/T0015/270588/b1256qt/universalinit-270588/src/universalinit/templates/qwik/vite.config.ts
2025-11-19 08:02:03,960 - Knowledge - INFO - [LLM_CALL] Completed: qwik.tsx:chunk1, Duration: 8872ms, PromptTokens: 4216, CompletionTokens: 171, Cost: $0.00049
2025-11-19 08:02:04,064 - Knowledge - INFO - process ingested knowledge for /app/data/T0015/270588/b1256qt/universalinit-270588/src/universalinit/templates/vite/config.yml
2025-11-19 08:02:04,176 - Knowledge - INFO - process ingested knowledge for /app/data/T0015/270588/b1256qt/universalinit-270588/src/universalinit/templates/kotlin/app/src/main/res/values/strings.xml
2025-11-19 08:02:04,268 - Knowledge - INFO - process ingested knowledge for /app/data/T0015/270588/b1256qt/universalinit-270588/src/universalinit/templates/remotion/tsconfig.json
2025-11-19 08:02:04,352 - Knowledge - INFO - process ingested knowledge for /app/data/T0015/270588/b1256qt/universalinit-270588/src/universalinit/templates/lightningjs/eslint.config.cjs
2025-11-19 08:02:04,419 - Knowledge - INFO - process ingested knowledge for /app/data/T0015/270588/b1256qt/universalinit-270588/src/universalinit/templates/flask/config.yml
2025-11-19 08:02:04,497 - Knowledge - INFO - process ingested knowledge for /app/data/T0015/270588/b1256qt/universalinit-270588/src/universalinit/templates/nativescript/app/home/home-page.js
2025-11-19 08:02:04,574 - Knowledge - INFO - process ingested knowledge for /app/data/T0015/270588/b1256qt/universalinit-270588/src/universalinit/templates/kotlin/app/src/main/res/layout/content_main.xml
2025-11-19 08:02:04,680 - Knowledge - INFO - process ingested knowledge for /app/data/T0015/270588/b1256qt/universalinit-270588/src/universalinit/templates/remotion/src/HelloWorld/Subtitle.tsx
2025-11-19 08:02:04,769 - Knowledge - INFO - process ingested knowledge for /app/data/T0015/270588/b1256qt/universalinit-270588/src/universalinit/templates/angular/src/main.server.ts
2025-11-19 08:02:04,868 - Knowledge - INFO - process ingested knowledge for /app/data/T0015/270588/b1256qt/universalinit-270588/src/universalinit/templates/express/src/server.js
2025-11-19 08:02:04,962 - Knowledge - INFO - process ingested knowledge for /app/data/T0015/270588/b1256qt/universalinit-270588/test/test_remix_template.py
2025-11-19 08:02:05,063 - Knowledge - INFO - process ingested knowledge for /app/data/T0015/270588/b1256qt/universalinit-270588/src/universalinit/templates/vue/config.yml
2025-11-19 08:02:05,260 - Knowledge - INFO - done ingest for /app/data/T0015/270588/b1256qt/universalinit-270588/src/universalinit/templates/qwik/src/components/starter/icons/qwik.tsx
2025-11-19 08:02:05,260 - Knowledge - INFO - [LLM_CALL] Completed: index.tsx:chunk1, Duration: 10173ms, PromptTokens: 2242, CompletionTokens: 261, Cost: $0.00033
2025-11-19 08:02:05,350 - Knowledge - INFO - process ingested knowledge for /app/data/T0015/270588/b1256qt/universalinit-270588/src/universalinit/templates/vite/tsconfig.json
2025-11-19 08:02:05,423 - Knowledge - INFO - process ingested knowledge for /app/data/T0015/270588/b1256qt/universalinit-270588/src/universalinit/templates/kotlin/app/src/main/res/values/themes.xml
2025-11-19 08:02:05,523 - Knowledge - INFO - process ingested knowledge for /app/data/T0015/270588/b1256qt/universalinit-270588/src/universalinit/templates/remotion/README.md
2025-11-19 08:02:05,637 - Knowledge - INFO - process ingested knowledge for /app/data/T0015/270588/b1256qt/universalinit-270588/src/universalinit/templates/lightningjs/tsconfig.json
2025-11-19 08:02:05,710 - Knowledge - INFO - process ingested knowledge for /app/data/T0015/270588/b1256qt/universalinit-270588/src/universalinit/templates/flask/app/routes/health.py
2025-11-19 08:02:05,804 - Knowledge - INFO - process ingested knowledge for /app/data/T0015/270588/b1256qt/universalinit-270588/src/universalinit/templates/nativescript/nativescript.config.ts
2025-11-19 08:02:05,900 - Knowledge - INFO - process ingested knowledge for /app/data/T0015/270588/b1256qt/universalinit-270588/src/universalinit/templates/kotlin/app/src/main/res/layout/fragment_second.xml
2025-11-19 08:02:05,983 - Knowledge - INFO - process ingested knowledge for /app/data/T0015/270588/b1256qt/universalinit-270588/src/universalinit/templates/remotion/src/HelloWorld/Arc.tsx
2025-11-19 08:02:06,092 - Knowledge - INFO - process ingested knowledge for /app/data/T0015/270588/b1256qt/universalinit-270588/src/universalinit/templates/angular/tsconfig.app.json
2025-11-19 08:02:06,199 - Knowledge - INFO - process ingested knowledge for /app/data/T0015/270588/b1256qt/universalinit-270588/src/universalinit/templates/express/src/middleware/index.js
2025-11-19 08:02:06,326 - Knowledge - INFO - process ingested knowledge for /app/data/T0015/270588/b1256qt/universalinit-270588/test/test_remotion_template.py
2025-11-19 08:02:06,418 - Knowledge - INFO - process ingested knowledge for /app/data/T0015/270588/b1256qt/universalinit-270588/src/universalinit/templates/vue/vite.config.ts
2025-11-19 08:02:06,580 - Knowledge - INFO - done ingest for /app/data/T0015/270588/b1256qt/universalinit-270588/src/universalinit/templates/qwik/src/routes/index.tsx
2025-11-19 08:02:06,580 - Knowledge - INFO - [LLM_CALL] Completed: universalinit.py:chunk1, Duration: 24600ms, PromptTokens: 13062, CompletionTokens: 1461, Cost: $0.00189
2025-11-19 08:02:06,666 - Knowledge - INFO - process ingested knowledge for /app/data/T0015/270588/b1256qt/universalinit-270588/src/universalinit/templates/vite/eslint.config.mjs
2025-11-19 08:02:06,735 - Knowledge - INFO - process ingested knowledge for /app/data/T0015/270588/b1256qt/universalinit-270588/src/universalinit/templates/kotlin/app/src/main/res/values/dimens.xml
2025-11-19 08:02:06,835 - Knowledge - INFO - process ingested knowledge for /app/data/T0015/270588/b1256qt/universalinit-270588/src/universalinit/templates/remotion/eslint.config.mjs
2025-11-19 08:02:06,906 - Knowledge - INFO - process ingested knowledge for /app/data/T0015/270588/b1256qt/universalinit-270588/src/universalinit/templates/lightningjs/README.md
2025-11-19 08:02:06,989 - Knowledge - INFO - process ingested knowledge for /app/data/T0015/270588/b1256qt/universalinit-270588/src/universalinit/templates/flask/app/__init__.py
2025-11-19 08:02:07,078 - Knowledge - INFO - process ingested knowledge for /app/data/T0015/270588/b1256qt/universalinit-270588/src/universalinit/templates/nativescript/App_Resources/Android/src/main/res/values/colors.xml
2025-11-19 08:02:07,179 - Knowledge - INFO - process ingested knowledge for /app/data/T0015/270588/b1256qt/universalinit-270588/src/universalinit/templates/kotlin/app/src/main/res/xml/data_extraction_rules.xml
2025-11-19 08:02:07,292 - Knowledge - INFO - process ingested knowledge for /app/data/T0015/270588/b1256qt/universalinit-270588/src/universalinit/templates/remotion/src/HelloWorld/Title.tsx
2025-11-19 08:02:07,367 - Knowledge - INFO - process ingested knowledge for /app/data/T0015/270588/b1256qt/universalinit-270588/src/universalinit/templates/angular/package.json
2025-11-19 08:02:07,459 - Knowledge - INFO - process ingested knowledge for /app/data/T0015/270588/b1256qt/universalinit-270588/src/universalinit/templates/express/src/controllers/health.js
2025-11-19 08:02:07,545 - Knowledge - INFO - process ingested knowledge for /app/data/T0015/270588/b1256qt/universalinit-270588/test/test_vue_template.py
2025-11-19 08:02:07,634 - Knowledge - INFO - process ingested knowledge for /app/data/T0015/270588/b1256qt/universalinit-270588/src/universalinit/templates/vue/tsconfig.node.json
2025-11-19 08:02:07,817 - Knowledge - INFO - done ingest for /app/data/T0015/270588/b1256qt/universalinit-270588/src/universalinit/universalinit.py
2025-11-19 08:02:07,818 - Knowledge - INFO - [LLM_CALL] Completed: page.tsx:chunk1, Duration: 9920ms, PromptTokens: 2634, CompletionTokens: 165, Cost: $0.00033
2025-11-19 08:02:07,914 - Knowledge - INFO - process ingested knowledge for /app/data/T0015/270588/b1256qt/universalinit-270588/src/universalinit/templates/vite/index.html
2025-11-19 08:02:08,018 - Knowledge - INFO - process ingested knowledge for /app/data/T0015/270588/b1256qt/universalinit-270588/src/universalinit/templates/kotlin/app/src/main/res/navigation/nav_graph.xml
2025-11-19 08:02:08,088 - Knowledge - INFO - process ingested knowledge for /app/data/T0015/270588/b1256qt/universalinit-270588/src/universalinit/templates/django/manage.py
2025-11-19 08:02:08,184 - Knowledge - INFO - process ingested knowledge for /app/data/T0015/270588/b1256qt/universalinit-270588/src/universalinit/templates/lightningjs/index.html
2025-11-19 08:02:08,263 - Knowledge - INFO - process ingested knowledge for /app/data/T0015/270588/b1256qt/universalinit-270588/src/universalinit/templates/kotlin/config.yml
2025-11-19 08:02:08,336 - Knowledge - INFO - process ingested knowledge for /app/data/T0015/270588/b1256qt/universalinit-270588/src/universalinit/templates/nativescript/App_Resources/Android/src/main/res/values/styles.xml
2025-11-19 08:02:08,407 - Knowledge - INFO - process ingested knowledge for /app/data/T0015/270588/b1256qt/universalinit-270588/src/universalinit/templates/kotlin/app/src/main/res/xml/backup_rules.xml
2025-11-19 08:02:08,482 - Knowledge - INFO - process ingested knowledge for /app/data/T0015/270588/b1256qt/universalinit-270588/src/universalinit/templates/remotion/src/Root.tsx
2025-11-19 08:02:08,587 - Knowledge - INFO - process ingested knowledge for /app/data/T0015/270588/b1256qt/universalinit-270588/src/universalinit/templates/angular/angular.json
2025-11-19 08:02:08,694 - Knowledge - INFO - process ingested knowledge for /app/data/T0015/270588/b1256qt/universalinit-270588/src/universalinit/templates/express/package.json
2025-11-19 08:02:08,799 - Knowledge - INFO - process ingested knowledge for /app/data/T0015/270588/b1256qt/universalinit-270588/test/test_fastapi_template.py
2025-11-19 08:02:08,870 - Knowledge - INFO - process ingested knowledge for /app/data/T0015/270588/b1256qt/universalinit-270588/src/universalinit/templates/vue/tsconfig.json
2025-11-19 08:02:09,028 - Knowledge - INFO - done ingest for /app/data/T0015/270588/b1256qt/universalinit-270588/src/universalinit/templates/nextjs/src/app/page.tsx
2025-11-19 08:02:09,028 - Knowledge - INFO - [LLM_CALL] Completed: init_script.sh:chunk1, Duration: 13221ms, PromptTokens: 7404, CompletionTokens: 238, Cost: $0.00084
2025-11-19 08:02:09,135 - Knowledge - INFO - process ingested knowledge for /app/data/T0015/270588/b1256qt/universalinit-270588/src/universalinit/templates/vite/vite.config.js
2025-11-19 08:02:09,238 - Knowledge - INFO - process ingested knowledge for /app/data/T0015/270588/b1256qt/universalinit-270588/src/universalinit/templates/kotlin/app/src/main/res/values-v23/themes.xml
2025-11-19 08:02:09,328 - Knowledge - INFO - process ingested knowledge for /app/data/T0015/270588/b1256qt/universalinit-270588/src/universalinit/templates/django/requirements.txt
2025-11-19 08:02:09,425 - Knowledge - INFO - process ingested knowledge for /app/data/T0015/270588/b1256qt/universalinit-270588/src/universalinit/templates/lightningjs/vite.config.js
2025-11-19 08:02:09,541 - Knowledge - INFO - process ingested knowledge for /app/data/T0015/270588/b1256qt/universalinit-270588/src/universalinit/templates/kotlin/settings.gradle.kts
2025-11-19 08:02:09,660 - Knowledge - INFO - process ingested knowledge for /app/data/T0015/270588/b1256qt/universalinit-270588/src/universalinit/templates/nativescript/App_Resources/Android/src/main/res/values/ic_launcher_background.xml
2025-11-19 08:02:09,740 - Knowledge - INFO - process ingested knowledge for /app/data/T0015/270588/b1256qt/universalinit-270588/src/universalinit/templates/kotlin/app/src/main/res/mipmap-anydpi-v26/ic_launcher.xml
2025-11-19 08:02:09,846 - Knowledge - INFO - process ingested knowledge for /app/data/T0015/270588/b1256qt/universalinit-270588/src/universalinit/templates/remotion/src/HelloWorld.tsx
2025-11-19 08:02:09,921 - Knowledge - INFO - process ingested knowledge for /app/data/T0015/270588/b1256qt/universalinit-270588/src/universalinit/templates/angular/config.yml
2025-11-19 08:02:09,984 - Knowledge - INFO - process ingested knowledge for /app/data/T0015/270588/b1256qt/universalinit-270588/src/universalinit/templates/express/config.yml
2025-11-19 08:02:10,190 - Knowledge - INFO - process ingested knowledge for /app/data/T0015/270588/b1256qt/universalinit-270588/src/universalinit/templates/vue/README.md
2025-11-19 08:02:10,303 - Knowledge - INFO - done ingest for /app/data/T0015/270588/b1256qt/universalinit-270588/src/universalinit/templates/android/init_script.sh
2025-11-19 08:02:10,303 - Knowledge - INFO - [LLM_CALL] Completed: settings.py:chunk1, Duration: 11370ms, PromptTokens: 2294, CompletionTokens: 292, Cost: $0.00035
2025-11-19 08:02:10,426 - Knowledge - INFO - process ingested knowledge for /app/data/T0015/270588/b1256qt/universalinit-270588/src/universalinit/templates/nativescript/package.json
2025-11-19 08:02:10,498 - Knowledge - INFO - process ingested knowledge for /app/data/T0015/270588/b1256qt/universalinit-270588/src/universalinit/templates/kotlin/app/src/main/res/values-land/dimens.xml
2025-11-19 08:02:10,582 - Knowledge - INFO - process ingested knowledge for /app/data/T0015/270588/b1256qt/universalinit-270588/src/universalinit/templates/django/api/admin.py
2025-11-19 08:02:10,672 - Knowledge - INFO - process ingested knowledge for /app/data/T0015/270588/b1256qt/universalinit-270588/src/universalinit/templates/astro/package.json
2025-11-19 08:02:10,815 - Knowledge - INFO - process ingested knowledge for /app/data/T0015/270588/b1256qt/universalinit-270588/src/universalinit/templates/kotlin/app/src/test/java/com/example/kotlin/ExampleUnitTest.kt
2025-11-19 08:02:10,895 - Knowledge - INFO - process ingested knowledge for /app/data/T0015/270588/b1256qt/universalinit-270588/src/universalinit/templates/nativescript/App_Resources/Android/src/main/res/drawable/ic_launcher_foreground.xml
2025-11-19 08:02:10,978 - Knowledge - INFO - process ingested knowledge for /app/data/T0015/270588/b1256qt/universalinit-270588/src/universalinit/templates/kotlin/app/src/main/res/mipmap-anydpi-v26/ic_launcher_round.xml
2025-11-19 08:02:11,060 - Knowledge - INFO - process ingested knowledge for /app/data/T0015/270588/b1256qt/universalinit-270588/src/universalinit/templates/remotion/src/index.ts
2025-11-19 08:02:11,133 - Knowledge - INFO - process ingested knowledge for /app/data/T0015/270588/b1256qt/universalinit-270588/src/universalinit/templates/angular/tsconfig.spec.json
2025-11-19 08:02:11,225 - Knowledge - INFO - process ingested knowledge for /app/data/T0015/270588/b1256qt/universalinit-270588/src/universalinit/templates/express/eslint.config.js
2025-11-19 08:02:11,316 - Knowledge - INFO - process ingested knowledge for /app/data/T0015/270588/b1256qt/universalinit-270588/src/universalinit/templates/vue/index.html
2025-11-19 08:02:11,497 - Knowledge - INFO - done ingest for /app/data/T0015/270588/b1256qt/universalinit-270588/src/universalinit/templates/django/config/settings.py
2025-11-19 08:02:11,498 - Knowledge - INFO - [LLM_CALL] Completed: _index.tsx:chunk1, Duration: 9266ms, PromptTokens: 5678, CompletionTokens: 202, Cost: $0.00065
2025-11-19 08:02:11,582 - Knowledge - INFO - process ingested knowledge for /app/data/T0015/270588/b1256qt/universalinit-270588/src/universalinit/templates/nativescript/webpack.config.js
2025-11-19 08:02:11,667 - Knowledge - INFO - process ingested knowledge for /app/data/T0015/270588/b1256qt/universalinit-270588/src/universalinit/templates/kotlin/app/src/main/res/drawable/ic_launcher_foreground.xml
2025-11-19 08:02:11,779 - Knowledge - INFO - process ingested knowledge for /app/data/T0015/270588/b1256qt/universalinit-270588/src/universalinit/templates/django/api/tests.py
2025-11-19 08:02:11,882 - Knowledge - INFO - process ingested knowledge for /app/data/T0015/270588/b1256qt/universalinit-270588/src/universalinit/templates/astro/config.yml
2025-11-19 08:02:11,958 - Knowledge - INFO - process ingested knowledge for /app/data/T0015/270588/b1256qt/universalinit-270588/src/universalinit/templates/kotlin/app/src/androidTest/java/com/example/kotlin/ExampleInstrumentedTest.kt
2025-11-19 08:02:12,071 - Knowledge - INFO - process ingested knowledge for /app/data/T0015/270588/b1256qt/universalinit-270588/src/universalinit/templates/nativescript/App_Resources/Android/src/main/res/values-v21/colors.xml
2025-11-19 08:02:12,145 - Knowledge - INFO - process ingested knowledge for /app/data/T0015/270588/b1256qt/universalinit-270588/src/universalinit/templates/kotlin/app/src/main/res/menu/menu_main.xml
2025-11-19 08:02:12,222 - Knowledge - INFO - process ingested knowledge for /app/data/T0015/270588/b1256qt/universalinit-270588/src/universalinit/templates/remotion/package.json
2025-11-19 08:02:12,334 - Knowledge - INFO - process ingested knowledge for /app/data/T0015/270588/b1256qt/universalinit-270588/src/universalinit/templates/angular/tsconfig.json
2025-11-19 08:02:12,454 - Knowledge - INFO - process ingested knowledge for /app/data/T0015/270588/b1256qt/universalinit-270588/src/universalinit/templates/express/swagger.js
2025-11-19 08:02:12,729 - Knowledge - INFO - done ingest for /app/data/T0015/270588/b1256qt/universalinit-270588/src/universalinit/templates/remix/app/routes/_index.tsx
2025-11-19 08:02:12,733 - Knowledge - INFO - [WEBSOCKET] Sent: Type=progress_update, Size: 291, Duration: 0ms
2025-11-19 08:02:12,829 - Knowledge - INFO - process ingested knowledge for /app/data/T0015/270588/b1256qt/universalinit-270588/src/universalinit/templates/nativescript/config.yml
2025-11-19 08:02:12,916 - Knowledge - INFO - process ingested knowledge for /app/data/T0015/270588/b1256qt/universalinit-270588/src/universalinit/templates/kotlin/app/src/main/res/drawable/ic_launcher_background.xml
2025-11-19 08:02:13,090 - Knowledge - INFO - process ingested knowledge for /app/data/T0015/270588/b1256qt/universalinit-270588/src/universalinit/templates/django/api/views.py
2025-11-19 08:02:13,106 - Knowledge - INFO - process ingested knowledge for /app/data/T0015/270588/b1256qt/universalinit-270588/src/universalinit/templates/astro/tsconfig.json
2025-11-19 08:02:13,365 - Knowledge - INFO - process ingested knowledge for /app/data/T0015/270588/b1256qt/universalinit-270588/src/universalinit/templates/nativescript/App_Resources/Android/src/main/res/values-v21/styles.xml
2025-11-19 08:02:13,424 - Knowledge - INFO - process ingested knowledge for /app/data/T0015/270588/b1256qt/universalinit-270588/src/universalinit/templates/kotlin/app/src/main/res/values-night/themes.xml
2025-11-19 08:02:14,069 - Knowledge - INFO - [WEBSOCKET] Sent: Type=unknown, Size: ?, Duration: 1336ms
2025-11-19 08:02:14,706 - Knowledge - INFO - Progress: 56.7% | Files: 186/312 | Rate: 2.17 files/sec | Queue: 51
2025-11-19 08:02:14,707 - Knowledge - INFO - [LLM_CALL] Completed: entry.server.tsx:chunk1, Duration: 15992ms, PromptTokens: 2670, CompletionTokens: 315, Cost: $0.00039
2025-11-19 08:02:14,750 - Knowledge - INFO - process ingested knowledge for /app/data/T0015/270588/b1256qt/universalinit-270588/src/universalinit/templates/astro/astro.config.mjs
2025-11-19 08:02:14,833 - Knowledge - INFO - process ingested knowledge for /app/data/T0015/270588/b1256qt/universalinit-270588/src/universalinit/templates/nativescript/App_Resources/Android/src/main/res/values-v29/styles.xml
2025-11-19 08:02:14,947 - Knowledge - INFO - process ingested knowledge for /app/data/T0015/270588/b1256qt/universalinit-270588/src/universalinit/templates/kotlin/app/src/main/res/values-w1240dp/dimens.xml
2025-11-19 08:02:14,996 - Knowledge - INFO - done ingest for /app/data/T0015/270588/b1256qt/universalinit-270588/src/universalinit/templates/remix/app/entry.server.tsx
2025-11-19 08:02:15,434 - Knowledge - INFO - [kw3] Queue=51, InProgress=0, PendingWorkers=20/20, Completed=193/312 (61.9%)
2025-11-19 08:02:15,500 - Knowledge - INFO - [kw1] Queue=51, InProgress=0, PendingWorkers=20/20, Completed=193/312 (61.9%)
2025-11-19 08:02:15,501 - Knowledge - INFO - process ingested knowledge for /app/data/T0015/270588/b1256qt/universalinit-270588/src/universalinit/templates/nativescript/App_Resources/Android/src/main/res/mipmap-anydpi-v26/ic_launcher.xml
2025-11-19 08:02:15,612 - Knowledge - INFO - Batch sizing: calculated=10, max_allowed=25, queue=51, active_workers=20/20
2025-11-19 08:02:15,720 - Knowledge - INFO - Batch sizing: calculated=10, max_allowed=25, queue=51, active_workers=20/20
2025-11-19 08:02:15,801 - Knowledge - INFO - process ingested knowledge for /app/data/T0015/270588/b1256qt/universalinit-270588/src/universalinit/templates/astro/README.md
2025-11-19 08:02:16,007 - Knowledge - INFO - Processing batch of 15 files
2025-11-19 08:02:16,007 - Knowledge - INFO - Processing batch of 12 files
2025-11-19 08:02:16,239 - Knowledge - INFO - process ingested knowledge for /app/data/T0015/270588/b1256qt/universalinit-270588/src/universalinit/templates/nativescript/App_Resources/Android/src/main/res/drawable-nodpi/splash_screen.xml
2025-11-19 08:02:16,311 - Knowledge - INFO - process ingested knowledge for /app/data/T0015/270588/b1256qt/universalinit-270588/src/universalinit/templates/kotlin/app/src/main/AndroidManifest.xml
2025-11-19 08:02:16,328 - Knowledge - INFO - Async storing batch of 15 embeddings
2025-11-19 08:02:16,405 - Knowledge - INFO - Async storing batch of 15 embeddings
2025-11-19 08:02:16,487 - Knowledge - INFO - process ingested knowledge for /app/data/T0015/270588/b1256qt/universalinit-270588/src/universalinit/templates/astro/eslint.config.mjs
2025-11-19 08:02:16,606 - Knowledge - INFO - Worker kw3 processing /app/data/T0015/270588/b1256qt/universalinit-270588/src/universalinit/templates/svelte/src/app.html
2025-11-19 08:02:16,715 - Knowledge - INFO - Worker kw1 processing /app/data/T0015/270588/b1256qt/universalinit-270588/src/universalinit/templates/svelte/tsconfig.json
2025-11-19 08:02:16,889 - Knowledge - INFO - Fast-tracked /app/data/T0015/270588/b1256qt/universalinit-270588/src/universalinit/templates/svelte/src/app.html (ext=.html, size=346)
2025-11-19 08:02:16,973 - Knowledge - INFO - process ingested knowledge for /app/data/T0015/270588/b1256qt/universalinit-270588/src/universalinit/templates/kotlin/app/build.gradle.kts
2025-11-19 08:02:16,981 - Knowledge - INFO - Fast-tracked /app/data/T0015/270588/b1256qt/universalinit-270588/src/universalinit/templates/svelte/tsconfig.json (ext=.json, size=649)
2025-11-19 08:02:17,047 - Knowledge - INFO - Worker kw3 processing /app/data/T0015/270588/b1256qt/universalinit-270588/src/universalinit/templates/svelte/src/routes/page.svelte.test.ts
2025-11-19 08:02:17,201 - Knowledge - INFO - Worker kw1 processing /app/data/T0015/270588/b1256qt/universalinit-270588/src/universalinit/templates/svelte/README.md
2025-11-19 08:02:17,295 - Knowledge - INFO - Fast-tracked /app/data/T0015/270588/b1256qt/universalinit-270588/src/universalinit/templates/svelte/src/routes/page.svelte.test.ts (ext=.ts, size=352)
2025-11-19 08:02:17,415 - Knowledge - INFO - Fast-tracked /app/data/T0015/270588/b1256qt/universalinit-270588/src/universalinit/templates/svelte/README.md (ext=.md, size=865)
2025-11-19 08:02:17,525 - Knowledge - INFO - Worker kw3 processing /app/data/T0015/270588/b1256qt/universalinit-270588/src/universalinit/templates/svelte/src/demo.spec.ts
2025-11-19 08:02:17,580 - Knowledge - INFO - process ingested knowledge for /app/data/T0015/270588/b1256qt/universalinit-270588/src/universalinit/templates/kotlin/app/proguard-rules.pro
2025-11-19 08:02:17,602 - Knowledge - INFO - Worker kw1 processing /app/data/T0015/270588/b1256qt/universalinit-270588/src/universalinit/templates/typescript/src/style.css
2025-11-19 08:02:17,632 - Knowledge - INFO - process ingested knowledge for /app/data/T0015/270588/b1256qt/universalinit-270588/src/universalinit/templates/nativescript/App_Resources/Android/src/main/AndroidManifest.xml
2025-11-19 08:02:17,699 - Knowledge - INFO - Fast-tracked /app/data/T0015/270588/b1256qt/universalinit-270588/src/universalinit/templates/svelte/src/demo.spec.ts (ext=.ts, size=148)
2025-11-19 08:02:17,842 - Knowledge - INFO - Fast-tracked /app/data/T0015/270588/b1256qt/universalinit-270588/src/universalinit/templates/typescript/src/style.css (ext=.css, size=1523)
2025-11-19 08:02:18,028 - Knowledge - INFO - Worker kw3 processing /app/data/T0015/270588/b1256qt/universalinit-270588/src/universalinit/templates/svelte/src/lib/index.ts
2025-11-19 08:02:18,110 - Knowledge - INFO - Worker kw1 processing /app/data/T0015/270588/b1256qt/universalinit-270588/src/universalinit/templates/typescript/src/main.ts
2025-11-19 08:02:18,150 - Knowledge - INFO - [WEBSOCKET] Sent: Type=progress_update, Size: 273, Duration: 0ms
2025-11-19 08:02:18,225 - Knowledge - INFO - Fast-tracked /app/data/T0015/270588/b1256qt/universalinit-270588/src/universalinit/templates/svelte/src/lib/index.ts (ext=.ts, size=75)
2025-11-19 08:02:18,273 - Knowledge - INFO - process ingested knowledge for /app/data/T0015/270588/b1256qt/universalinit-270588/src/universalinit/templates/kotlin/build.gradle.kts
2025-11-19 08:02:18,313 - Knowledge - INFO - Fast-tracked /app/data/T0015/270588/b1256qt/universalinit-270588/src/universalinit/templates/typescript/src/main.ts (ext=.ts, size=781)
2025-11-19 08:02:18,386 - Knowledge - INFO - process ingested knowledge for /app/data/T0015/270588/b1256qt/universalinit-270588/src/universalinit/templates/nativescript/App_Resources/Android/app.gradle
2025-11-19 08:02:18,419 - Knowledge - INFO - [WEBSOCKET] Sent: Type=unknown, Size: ?, Duration: 269ms
2025-11-19 08:02:18,525 - Knowledge - INFO - Worker kw3 processing /app/data/T0015/270588/b1256qt/universalinit-270588/src/universalinit/templates/svelte/package.json
2025-11-19 08:02:18,676 - Knowledge - INFO - Worker kw1 processing /app/data/T0015/270588/b1256qt/universalinit-270588/src/universalinit/templates/typescript/src/vite-env.d.ts
2025-11-19 08:02:18,813 - Knowledge - INFO - Progress: 75.0% | Files: 240/312 | Rate: 2.66 files/sec | Queue: 31
2025-11-19 08:02:18,813 - Knowledge - INFO - Processing batch of 10 files
2025-11-19 08:02:18,955 - Knowledge - INFO - Fast-tracked /app/data/T0015/270588/b1256qt/universalinit-270588/src/universalinit/templates/svelte/package.json (ext=.json, size=1015)
2025-11-19 08:02:19,031 - Knowledge - INFO - Fast-tracked /app/data/T0015/270588/b1256qt/universalinit-270588/src/universalinit/templates/typescript/src/vite-env.d.ts (ext=.ts, size=38)
2025-11-19 08:02:19,078 - Knowledge - INFO - process ingested knowledge for /app/data/T0015/270588/b1256qt/universalinit-270588/src/universalinit/templates/kotlin/gradle/libs.versions.toml
2025-11-19 08:02:19,196 - Knowledge - INFO - process ingested knowledge for /app/data/T0015/270588/b1256qt/universalinit-270588/src/universalinit/templates/nativescript/App_Resources/Android/before-plugins.gradle
2025-11-19 08:02:19,222 - Knowledge - INFO - process ingested knowledge for /app/data/T0015/270588/b1256qt/universalinit-270588/src/universalinit/templates/django/api/urls.py
2025-11-19 08:02:19,255 - Knowledge - INFO - [kw18] Queue=31, InProgress=0, PendingWorkers=20/20, Completed=244/312 (78.2%)
2025-11-19 08:02:19,337 - Knowledge - INFO - Worker kw3 processing /app/data/T0015/270588/b1256qt/universalinit-270588/src/universalinit/templates/svelte/svelte.config.js
2025-11-19 08:02:19,410 - Knowledge - INFO - Worker kw1 processing /app/data/T0015/270588/b1256qt/universalinit-270588/src/universalinit/templates/typescript/src/counter.ts
2025-11-19 08:02:19,449 - Knowledge - INFO - [kw19] Queue=31, InProgress=0, PendingWorkers=20/20, Completed=244/312 (78.2%)
2025-11-19 08:02:19,615 - Knowledge - INFO - [kw11] Queue=31, InProgress=0, PendingWorkers=20/20, Completed=249/312 (79.8%)
2025-11-19 08:02:19,633 - Knowledge - INFO - Processing batch of 15 files
2025-11-19 08:02:19,675 - Knowledge - INFO - [kw12] Queue=31, InProgress=0, PendingWorkers=20/20, Completed=249/312 (79.8%)
2025-11-19 08:02:19,716 - Knowledge - INFO - Batch sizing: calculated=10, max_allowed=25, queue=31, active_workers=20/20
2025-11-19 08:02:19,720 - Knowledge - INFO - [kw10] Queue=31, InProgress=0, PendingWorkers=20/20, Completed=250/312 (80.1%)
2025-11-19 08:02:19,791 - Knowledge - INFO - process ingested knowledge for /app/data/T0015/270588/b1256qt/universalinit-270588/src/universalinit/templates/django/api/models.py
2025-11-19 08:02:19,791 - Knowledge - INFO - process ingested knowledge for /app/data/T0015/270588/b1256qt/universalinit-270588/src/universalinit/templates/android/config.yml
2025-11-19 08:02:19,833 - Knowledge - INFO - Fast-tracked /app/data/T0015/270588/b1256qt/universalinit-270588/src/universalinit/templates/svelte/svelte.config.js (ext=.js, size=699)
2025-11-19 08:02:19,854 - Knowledge - INFO - process ingested knowledge for /app/data/T0015/270588/b1256qt/universalinit-270588/src/universalinit/templates/nativescript/App_Resources/iOS/Assets.xcassets/Contents.json
2025-11-19 08:02:19,922 - Knowledge - INFO - Processing batch of 12 files
2025-11-19 08:02:19,923 - Knowledge - INFO - Fast-tracked /app/data/T0015/270588/b1256qt/universalinit-270588/src/universalinit/templates/typescript/src/counter.ts (ext=.ts, size=274)
2025-11-19 08:02:19,993 - Knowledge - INFO - Batch sizing: calculated=10, max_allowed=25, queue=31, active_workers=20/20
2025-11-19 08:02:20,043 - Knowledge - INFO - Processing batch of 15 files
2025-11-19 08:02:20,110 - Knowledge - INFO - Batch sizing: calculated=10, max_allowed=25, queue=31, active_workers=20/20
2025-11-19 08:02:20,225 - Knowledge - INFO - process ingested knowledge for /app/data/T0015/270588/b1256qt/universalinit-270588/src/universalinit/templates/nextjs/src/app/page.tsx
2025-11-19 08:02:20,295 - Knowledge - INFO - Batch sizing: calculated=10, max_allowed=25, queue=31, active_workers=20/20
2025-11-19 08:02:20,354 - Knowledge - INFO - Processing batch of 15 files
2025-11-19 08:02:20,478 - Knowledge - INFO - Batch sizing: calculated=10, max_allowed=25, queue=31, active_workers=20/20
2025-11-19 08:02:20,549 - Knowledge - INFO - Processing batch of 15 files
2025-11-19 08:02:20,597 - Knowledge - INFO - Async storing batch of 10 embeddings
2025-11-19 08:02:20,730 - Knowledge - INFO - [WEBSOCKET] Sent: Type=progress_update, Size: 273, Duration: 0ms
2025-11-19 08:02:20,765 - Knowledge - INFO - Worker kw3 processing /app/data/T0015/270588/b1256qt/universalinit-270588/src/universalinit/templates/svelte/config.yml
2025-11-19 08:02:20,797 - Knowledge - INFO - process ingested knowledge for /app/data/T0015/270588/b1256qt/universalinit-270588/src/universalinit/templates/django/api/apps.py
2025-11-19 08:02:20,966 - Knowledge - INFO - process ingested knowledge for /app/data/T0015/270588/b1256qt/universalinit-270588/src/universalinit/templates/remix/package.json
2025-11-19 08:02:20,991 - Knowledge - INFO - process ingested knowledge for /app/data/T0015/270588/b1256qt/universalinit-270588/src/universalinit/templates/android/init_script.sh
2025-11-19 08:02:21,036 - Knowledge - INFO - Worker kw1 processing /app/data/T0015/270588/b1256qt/universalinit-270588/src/universalinit/templates/typescript/package.json
2025-11-19 08:02:21,123 - Knowledge - INFO - process ingested knowledge for /app/data/T0015/270588/b1256qt/universalinit-270588/src/universalinit/templates/nativescript/App_Resources/iOS/Assets.xcassets/AppIcon.appiconset/Contents.json
2025-11-19 08:02:21,202 - Knowledge - INFO - process ingested knowledge for /app/data/T0015/270588/b1256qt/universalinit-270588/src/universalinit/templates/qwik/src/components/starter/infobox/infobox.tsx
2025-11-19 08:02:21,432 - Knowledge - INFO - process ingested knowledge for /app/data/T0015/270588/b1256qt/universalinit-270588/src/universalinit/templates/nextjs/src/app/globals.css
2025-11-19 08:02:21,543 - Knowledge - INFO - process ingested knowledge for /app/data/T0015/270588/b1256qt/universalinit-270588/src/universalinit/templates/qwik/src/routes/demo/flower/index.tsx
2025-11-19 08:02:21,716 - Knowledge - INFO - process ingested knowledge for /app/data/T0015/270588/b1256qt/universalinit-270588/test/test_vite_template.py
2025-11-19 08:02:21,845 - Knowledge - INFO - Worker kw18 processing /app/data/T0015/270588/b1256qt/universalinit-270588/src/universalinit/templates/typescript/index.html
2025-11-19 08:02:21,947 - Knowledge - INFO - Async storing batch of 10 embeddings
2025-11-19 08:02:21,958 - Knowledge - INFO - Async storing batch of 12 embeddings
2025-11-19 08:02:21,969 - Knowledge - INFO - Async storing batch of 12 embeddings
2025-11-19 08:02:22,006 - Knowledge - INFO - [WEBSOCKET] Sent: Type=unknown, Size: ?, Duration: 1276ms
2025-11-19 08:02:22,054 - Knowledge - INFO - Fast-tracked /app/data/T0015/270588/b1256qt/universalinit-270588/src/universalinit/templates/svelte/config.yml (ext=.yml, size=849)
2025-11-19 08:02:22,135 - Knowledge - INFO - process ingested knowledge for /app/data/T0015/270588/b1256qt/universalinit-270588/src/universalinit/templates/django/config.yml
2025-11-19 08:02:22,237 - Knowledge - INFO - process ingested knowledge for /app/data/T0015/270588/b1256qt/universalinit-270588/src/universalinit/templates/remix/config.yml
2025-11-19 08:02:22,307 - Knowledge - INFO - process ingested knowledge for /app/data/T0015/270588/b1256qt/universalinit-270588/src/universalinit/templates/lightningjs/src/pages/Home.ts
2025-11-19 08:02:22,377 - Knowledge - INFO - Fast-tracked /app/data/T0015/270588/b1256qt/universalinit-270588/src/universalinit/templates/typescript/package.json (ext=.json, size=367)
2025-11-19 08:02:22,449 - Knowledge - INFO - process ingested knowledge for /app/data/T0015/270588/b1256qt/universalinit-270588/src/universalinit/templates/nativescript/App_Resources/iOS/Assets.xcassets/LaunchScreen.AspectFill.imageset/Contents.json
2025-11-19 08:02:22,551 - Knowledge - INFO - process ingested knowledge for /app/data/T0015/270588/b1256qt/universalinit-270588/src/universalinit/templates/qwik/src/components/starter/next-steps/next-steps.tsx
2025-11-19 08:02:22,621 - Knowledge - INFO - process ingested knowledge for /app/data/T0015/270588/b1256qt/universalinit-270588/src/universalinit/templates/nextjs/src/app/layout.tsx
2025-11-19 08:02:22,733 - Knowledge - INFO - process ingested knowledge for /app/data/T0015/270588/b1256qt/universalinit-270588/src/universalinit/templates/qwik/src/routes/service-worker.ts
2025-11-19 08:02:22,807 - Knowledge - INFO - process ingested knowledge for /app/data/T0015/270588/b1256qt/universalinit-270588/test/test_nativescript_template.py
2025-11-19 08:02:22,875 - Knowledge - INFO - Fast-tracked /app/data/T0015/270588/b1256qt/universalinit-270588/src/universalinit/templates/typescript/index.html (ext=.html, size=356)
2025-11-19 08:02:22,948 - Knowledge - INFO - Worker kw19 processing /app/data/T0015/270588/b1256qt/universalinit-270588/src/universalinit/templates/nuxt/nuxt.config.ts
2025-11-19 08:02:23,045 - Knowledge - INFO - Worker kw11 processing /app/data/T0015/270588/b1256qt/universalinit-270588/src/universalinit/templates/react/src/setupTests.js
2025-11-19 08:02:23,160 - Knowledge - INFO - Worker kw12 processing /app/data/T0015/270588/b1256qt/universalinit-270588/README.md
2025-11-19 08:02:23,257 - Knowledge - INFO - Progress: 83.7% | Files: 261/312 | Rate: 2.79 files/sec | Queue: 0
2025-11-19 08:02:23,384 - Knowledge - INFO - Worker kw3 processing /app/data/T0015/270588/b1256qt/universalinit-270588/src/universalinit/templates/svelte/eslint.config.js
2025-11-19 08:02:23,492 - Knowledge - INFO - process ingested knowledge for /app/data/T0015/270588/b1256qt/universalinit-270588/src/universalinit/templates/django/config/settings.py
2025-11-19 08:02:23,572 - Knowledge - INFO - process ingested knowledge for /app/data/T0015/270588/b1256qt/universalinit-270588/src/universalinit/templates/remix/postcss.config.js
2025-11-19 08:02:23,652 - Knowledge - INFO - process ingested knowledge for /app/data/T0015/270588/b1256qt/universalinit-270588/src/universalinit/templates/lightningjs/src/App.ts
2025-11-19 08:02:23,724 - Knowledge - INFO - Worker kw1 processing /app/data/T0015/270588/b1256qt/universalinit-270588/src/universalinit/templates/typescript/config.yml
2025-11-19 08:02:23,826 - Knowledge - INFO - process ingested knowledge for /app/data/T0015/270588/b1256qt/universalinit-270588/src/universalinit/templates/nativescript/App_Resources/iOS/Assets.xcassets/LaunchScreen.Center.imageset/Contents.json
2025-11-19 08:02:23,905 - Knowledge - INFO - process ingested knowledge for /app/data/T0015/270588/b1256qt/universalinit-270588/src/universalinit/templates/qwik/src/components/starter/next-steps/next-steps.module.css
2025-11-19 08:02:23,982 - Knowledge - INFO - process ingested knowledge for /app/data/T0015/270588/b1256qt/universalinit-270588/src/universalinit/templates/nextjs/next.config.ts
2025-11-19 08:02:24,075 - Knowledge - INFO - process ingested knowledge for /app/data/T0015/270588/b1256qt/universalinit-270588/src/universalinit/templates/qwik/src/routes/layout.tsx
2025-11-19 08:02:24,202 - Knowledge - INFO - process ingested knowledge for /app/data/T0015/270588/b1256qt/universalinit-270588/test/test_nextjs_template.py
2025-11-19 08:02:24,279 - Knowledge - INFO - Worker kw18 processing /app/data/T0015/270588/b1256qt/universalinit-270588/src/universalinit/templates/slidev/pages/imported-slides.md
2025-11-19 08:02:24,425 - Knowledge - INFO - Fast-tracked /app/data/T0015/270588/b1256qt/universalinit-270588/src/universalinit/templates/nuxt/nuxt.config.ts (ext=.ts, size=243)
2025-11-19 08:02:24,495 - Knowledge - INFO - Fast-tracked /app/data/T0015/270588/b1256qt/universalinit-270588/src/universalinit/templates/react/src/setupTests.js (ext=.js, size=241)
2025-11-19 08:02:24,632 - Knowledge - INFO - Fast-tracked /app/data/T0015/270588/b1256qt/universalinit-270588/README.md (ext=.md, size=6491)
2025-11-19 08:02:24,846 - Knowledge - INFO - Fast-tracked /app/data/T0015/270588/b1256qt/universalinit-270588/src/universalinit/templates/svelte/eslint.config.js (ext=.js, size=900)
2025-11-19 08:02:24,918 - Knowledge - INFO - process ingested knowledge for /app/data/T0015/270588/b1256qt/universalinit-270588/src/universalinit/templates/django/config/wsgi.py
2025-11-19 08:02:24,995 - Knowledge - INFO - process ingested knowledge for /app/data/T0015/270588/b1256qt/universalinit-270588/src/universalinit/templates/remix/app/entry.server.tsx
2025-11-19 08:02:25,070 - Knowledge - INFO - process ingested knowledge for /app/data/T0015/270588/b1256qt/universalinit-270588/src/universalinit/templates/lightningjs/src/components/Loader.ts
2025-11-19 08:02:25,137 - Knowledge - INFO - Fast-tracked /app/data/T0015/270588/b1256qt/universalinit-270588/src/universalinit/templates/typescript/config.yml (ext=.yml, size=817)
2025-11-19 08:02:25,211 - Knowledge - INFO - process ingested knowledge for /app/data/T0015/270588/b1256qt/universalinit-270588/src/universalinit/templates/nativescript/jsconfig.json
2025-11-19 08:02:25,303 - Knowledge - INFO - process ingested knowledge for /app/data/T0015/270588/b1256qt/universalinit-270588/src/universalinit/templates/qwik/src/components/starter/footer/footer.tsx
2025-11-19 08:02:25,399 - Knowledge - INFO - process ingested knowledge for /app/data/T0015/270588/b1256qt/universalinit-270588/src/universalinit/templates/nextjs/package.json
2025-11-19 08:02:25,506 - Knowledge - INFO - process ingested knowledge for /app/data/T0015/270588/b1256qt/universalinit-270588/src/universalinit/templates/qwik/src/routes/styles.css
2025-11-19 08:02:25,597 - Knowledge - INFO - process ingested knowledge for /app/data/T0015/270588/b1256qt/universalinit-270588/test/conftest.py
2025-11-19 08:02:25,716 - Knowledge - INFO - Fast-tracked /app/data/T0015/270588/b1256qt/universalinit-270588/src/universalinit/templates/slidev/pages/imported-slides.md (ext=.md, size=365)
2025-11-19 08:02:25,793 - Knowledge - INFO - Worker kw19 processing /app/data/T0015/270588/b1256qt/universalinit-270588/src/universalinit/templates/nuxt/package.json
2025-11-19 08:02:25,863 - Knowledge - INFO - Worker kw11 processing /app/data/T0015/270588/b1256qt/universalinit-270588/src/universalinit/templates/react/src/index.css
2025-11-19 08:02:25,959 - Knowledge - INFO - Async storage completed for 12 embeddings
2025-11-19 08:02:26,066 - Knowledge - INFO - Worker kw3 processing /app/data/T0015/270588/b1256qt/universalinit-270588/src/universalinit/templates/svelte/vitest-setup-client.ts
2025-11-19 08:02:26,175 - Knowledge - INFO - process ingested knowledge for /app/data/T0015/270588/b1256qt/universalinit-270588/src/universalinit/templates/django/config/urls.py
2025-11-19 08:02:26,261 - Knowledge - INFO - process ingested knowledge for /app/data/T0015/270588/b1256qt/universalinit-270588/src/universalinit/templates/remix/app/entry.client.tsx
2025-11-19 08:02:26,376 - Knowledge - INFO - process ingested knowledge for /app/data/T0015/270588/b1256qt/universalinit-270588/src/universalinit/templates/lightningjs/src/index.ts
2025-11-19 08:02:26,450 - Knowledge - INFO - Worker kw1 processing /app/data/T0015/270588/b1256qt/universalinit-270588/src/universalinit/templates/typescript/tsconfig.json
2025-11-19 08:02:26,530 - Knowledge - INFO - process ingested knowledge for /app/data/T0015/270588/b1256qt/universalinit-270588/src/universalinit/templates/qwik/src/global.css
2025-11-19 08:02:26,634 - Knowledge - INFO - process ingested knowledge for /app/data/T0015/270588/b1256qt/universalinit-270588/src/universalinit/templates/qwik/src/components/starter/footer/footer.module.css
2025-11-19 08:02:26,721 - Knowledge - INFO - process ingested knowledge for /app/data/T0015/270588/b1256qt/universalinit-270588/src/universalinit/templates/nextjs/config.yml
2025-11-19 08:02:26,822 - Knowledge - INFO - process ingested knowledge for /app/data/T0015/270588/b1256qt/universalinit-270588/src/universalinit/templates/qwik/src/components/router-head/router-head.tsx
2025-11-19 08:02:26,900 - Knowledge - INFO - process ingested knowledge for /app/data/T0015/270588/b1256qt/universalinit-270588/test/test_qwik_template.py
2025-11-19 08:02:26,971 - Knowledge - INFO - Worker kw18 processing /app/data/T0015/270588/b1256qt/universalinit-270588/src/universalinit/templates/slidev/package.json
2025-11-19 08:02:27,056 - Knowledge - INFO - Fast-tracked /app/data/T0015/270588/b1256qt/universalinit-270588/src/universalinit/templates/nuxt/package.json (ext=.json, size=579)
2025-11-19 08:02:27,167 - Knowledge - INFO - Fast-tracked /app/data/T0015/270588/b1256qt/universalinit-270588/src/universalinit/templates/react/src/index.css (ext=.css, size=449)
2025-11-19 08:02:27,248 - Knowledge - INFO - Processing batch of 1 files
2025-11-19 08:02:27,357 - Knowledge - INFO - Fast-tracked /app/data/T0015/270588/b1256qt/universalinit-270588/src/universalinit/templates/svelte/vitest-setup-client.ts (ext=.ts, size=460)
2025-11-19 08:02:27,469 - Knowledge - INFO - process ingested knowledge for /app/data/T0015/270588/b1256qt/universalinit-270588/src/universalinit/templates/django/config/asgi.py
2025-11-19 08:02:27,539 - Knowledge - INFO - process ingested knowledge for /app/data/T0015/270588/b1256qt/universalinit-270588/src/universalinit/templates/remix/app/routes/_index.tsx
2025-11-19 08:02:27,650 - Knowledge - INFO - process ingested knowledge for /app/data/T0015/270588/b1256qt/universalinit-270588/src/universalinit/templates/lightningjs/package.json
2025-11-19 08:02:27,731 - Knowledge - INFO - Fast-tracked /app/data/T0015/270588/b1256qt/universalinit-270588/src/universalinit/templates/typescript/tsconfig.json (ext=.json, size=570)
2025-11-19 08:02:27,816 - Knowledge - INFO - process ingested knowledge for /app/data/T0015/270588/b1256qt/universalinit-270588/src/universalinit/templates/qwik/src/entry.dev.tsx
2025-11-19 08:02:27,895 - Knowledge - INFO - process ingested knowledge for /app/data/T0015/270588/b1256qt/universalinit-270588/src/universalinit/templates/qwik/src/root.tsx
2025-11-19 08:02:27,995 - Knowledge - INFO - process ingested knowledge for /app/data/T0015/270588/b1256qt/universalinit-270588/src/universalinit/templates/nextjs/tsconfig.json
2025-11-19 08:02:28,098 - Knowledge - INFO - process ingested knowledge for /app/data/T0015/270588/b1256qt/universalinit-270588/src/universalinit/templates/qwik/src/components/starter/counter/counter.tsx
2025-11-19 08:02:28,176 - Knowledge - INFO - process ingested knowledge for /app/data/T0015/270588/b1256qt/universalinit-270588/test/test_express_template.py
2025-11-19 08:02:28,282 - Knowledge - INFO - Fast-tracked /app/data/T0015/270588/b1256qt/universalinit-270588/src/universalinit/templates/slidev/package.json (ext=.json, size=908)
2025-11-19 08:02:28,370 - Knowledge - INFO - Worker kw19 processing /app/data/T0015/270588/b1256qt/universalinit-270588/src/universalinit/templates/nuxt/config.yml
2025-11-19 08:02:28,459 - Knowledge - INFO - Worker kw11 processing /app/data/T0015/270588/b1256qt/universalinit-270588/src/universalinit/templates/react/package.json
2025-11-19 08:02:28,533 - Knowledge - INFO - process ingested knowledge for /app/data/T0015/270588/b1256qt/universalinit-270588/README.md
2025-11-19 08:02:28,615 - Knowledge - INFO - Worker kw3 processing /app/data/T0015/270588/b1256qt/universalinit-270588/src/universalinit/templates/svelte/vite.config.ts
2025-11-19 08:02:28,713 - Knowledge - INFO - process ingested knowledge for /app/data/T0015/270588/b1256qt/universalinit-270588/src/universalinit/templates/svelte/src/app.d.ts
2025-11-19 08:02:28,792 - Knowledge - INFO - process ingested knowledge for /app/data/T0015/270588/b1256qt/universalinit-270588/src/universalinit/templates/remix/app/root.tsx
2025-11-19 08:02:28,937 - Knowledge - INFO - Worker kw1 processing /app/data/T0015/270588/b1256qt/universalinit-270588/src/universalinit/templates/typescript/eslint.config.mjs
2025-11-19 08:02:29,012 - Knowledge - INFO - process ingested knowledge for /app/data/T0015/270588/b1256qt/universalinit-270588/src/universalinit/templates/qwik/src/routes/index.tsx
2025-11-19 08:02:29,092 - Knowledge - INFO - process ingested knowledge for /app/data/T0015/270588/b1256qt/universalinit-270588/src/universalinit/templates/qwik/src/entry.ssr.tsx
2025-11-19 08:02:29,247 - Knowledge - INFO - process ingested knowledge for /app/data/T0015/270588/b1256qt/universalinit-270588/src/universalinit/templates/nextjs/README.md
2025-11-19 08:02:29,267 - Knowledge - INFO - process ingested knowledge for /app/data/T0015/270588/b1256qt/universalinit-270588/src/universalinit/templates/qwik/src/components/starter/counter/counter.module.css
2025-11-19 08:02:29,346 - Knowledge - INFO - process ingested knowledge for /app/data/T0015/270588/b1256qt/universalinit-270588/test/test_angular_template.py
2025-11-19 08:02:29,438 - Knowledge - INFO - Worker kw18 processing /app/data/T0015/270588/b1256qt/universalinit-270588/src/universalinit/templates/slidev/config.yml
2025-11-19 08:02:29,524 - Knowledge - INFO - Fast-tracked /app/data/T0015/270588/b1256qt/universalinit-270588/src/universalinit/templates/nuxt/config.yml (ext=.yml, size=809)
2025-11-19 08:02:29,622 - Knowledge - INFO - Fast-tracked /app/data/T0015/270588/b1256qt/universalinit-270588/src/universalinit/templates/react/package.json (ext=.json, size=672)
2025-11-19 08:02:29,769 - Knowledge - INFO - Fast-tracked /app/data/T0015/270588/b1256qt/universalinit-270588/src/universalinit/templates/svelte/vite.config.ts (ext=.ts, size=1295)
2025-11-19 08:02:29,848 - Knowledge - INFO - process ingested knowledge for /app/data/T0015/270588/b1256qt/universalinit-270588/src/universalinit/templates/svelte/src/hooks.server.js
2025-11-19 08:02:29,919 - Knowledge - INFO - process ingested knowledge for /app/data/T0015/270588/b1256qt/universalinit-270588/src/universalinit/templates/remix/app/tailwind.css
2025-11-19 08:02:30,042 - Knowledge - INFO - Fast-tracked /app/data/T0015/270588/b1256qt/universalinit-270588/src/universalinit/templates/typescript/eslint.config.mjs (ext=.mjs, size=772)
2025-11-19 08:02:30,149 - Knowledge - INFO - process ingested knowledge for /app/data/T0015/270588/b1256qt/universalinit-270588/src/universalinit/templates/qwik/src/routes/demo/todolist/index.tsx
2025-11-19 08:02:30,254 - Knowledge - INFO - process ingested knowledge for /app/data/T0015/270588/b1256qt/universalinit-270588/src/universalinit/templates/qwik/src/entry.preview.tsx
2025-11-19 08:02:30,323 - Knowledge - INFO - process ingested knowledge for /app/data/T0015/270588/b1256qt/universalinit-270588/src/universalinit/templates/nextjs/eslint.config.mjs
2025-11-19 08:02:30,415 - Knowledge - INFO - process ingested knowledge for /app/data/T0015/270588/b1256qt/universalinit-270588/src/universalinit/templates/qwik/src/components/starter/icons/qwik.tsx
2025-11-19 08:02:30,526 - Knowledge - INFO - process ingested knowledge for /app/data/T0015/270588/b1256qt/universalinit-270588/test/test_flutter_template.py
2025-11-19 08:02:30,639 - Knowledge - INFO - Fast-tracked /app/data/T0015/270588/b1256qt/universalinit-270588/src/universalinit/templates/slidev/config.yml (ext=.yml, size=822)
2025-11-19 08:02:30,713 - Knowledge - INFO - Worker kw19 processing /app/data/T0015/270588/b1256qt/universalinit-270588/src/universalinit/templates/nuxt/tsconfig.json
2025-11-19 08:02:30,805 - Knowledge - INFO - Worker kw11 processing /app/data/T0015/270588/b1256qt/universalinit-270588/src/universalinit/templates/react/config.yml
2025-11-19 08:02:30,910 - Knowledge - INFO - Async storage completed for 15 embeddings
2025-11-19 08:02:31,070 - Knowledge - INFO - process ingested knowledge for /app/data/T0015/270588/b1256qt/universalinit-270588/src/universalinit/templates/remix/vite.config.ts
2025-11-19 08:02:31,140 - Knowledge - INFO - Async storage completed for 15 embeddings
2025-11-19 08:02:31,245 - Knowledge - INFO - process ingested knowledge for /app/data/T0015/270588/b1256qt/universalinit-270588/src/universalinit/templates/qwik/src/routes/demo/todolist/todolist.module.css
2025-11-19 08:02:31,317 - Knowledge - INFO - process ingested knowledge for /app/data/T0015/270588/b1256qt/universalinit-270588/src/universalinit/templates/qwik/package.json
2025-11-19 08:02:31,398 - Knowledge - INFO - process ingested knowledge for /app/data/T0015/270588/b1256qt/universalinit-270588/src/universalinit/templates/nextjs/postcss.config.mjs
2025-11-19 08:02:31,508 - Knowledge - INFO - process ingested knowledge for /app/data/T0015/270588/b1256qt/universalinit-270588/src/universalinit/templates/qwik/src/components/starter/hero/hero.module.css
2025-11-19 08:02:31,666 - Knowledge - INFO - process ingested knowledge for /app/data/T0015/270588/b1256qt/universalinit-270588/src/universalinit/universalinit.py
2025-11-19 08:02:31,729 - Knowledge - INFO - Worker kw18 processing /app/data/T0015/270588/b1256qt/universalinit-270588/src/universalinit/templates/slidev/snippets/external.ts
2025-11-19 08:02:31,805 - Knowledge - INFO - Fast-tracked /app/data/T0015/270588/b1256qt/universalinit-270588/src/universalinit/templates/nuxt/tsconfig.json (ext=.json, size=94)
2025-11-19 08:02:31,873 - Knowledge - INFO - Fast-tracked /app/data/T0015/270588/b1256qt/universalinit-270588/src/universalinit/templates/react/config.yml (ext=.yml, size=751)
2025-11-19 08:02:32,028 - Knowledge - INFO - Processing batch of 10 files
2025-11-19 08:02:32,056 - Knowledge - INFO - process ingested knowledge for /app/data/T0015/270588/b1256qt/universalinit-270588/src/universalinit/templates/remix/tsconfig.json
2025-11-19 08:02:32,188 - Knowledge - INFO - Processing batch of 10 files
2025-11-19 08:02:32,229 - Knowledge - INFO - process ingested knowledge for /app/data/T0015/270588/b1256qt/universalinit-270588/src/universalinit/templates/qwik/src/routes/demo/flower/flower.css
2025-11-19 08:02:32,316 - Knowledge - INFO - process ingested knowledge for /app/data/T0015/270588/b1256qt/universalinit-270588/src/universalinit/templates/qwik/qwik.env.d.ts
2025-11-19 08:02:32,409 - Knowledge - INFO - process ingested knowledge for /app/data/T0015/270588/b1256qt/universalinit-270588/src/universalinit/templates/angular/src/server.ts
2025-11-19 08:02:32,540 - Knowledge - INFO - process ingested knowledge for /app/data/T0015/270588/b1256qt/universalinit-270588/src/universalinit/templates/qwik/src/components/starter/hero/hero.tsx
2025-11-19 08:02:32,620 - Knowledge - INFO - process ingested knowledge for /app/data/T0015/270588/b1256qt/universalinit-270588/src/universalinit/templates.py
2025-11-19 08:02:32,689 - Knowledge - INFO - Fast-tracked /app/data/T0015/270588/b1256qt/universalinit-270588/src/universalinit/templates/slidev/snippets/external.ts (ext=.ts, size=275)
2025-11-19 08:02:32,777 - Knowledge - INFO - Worker kw19 processing /app/data/T0015/270588/b1256qt/universalinit-270588/src/universalinit/templates/nuxt/README.md
2025-11-19 08:02:32,860 - Knowledge - INFO - Worker kw11 processing /app/data/T0015/270588/b1256qt/universalinit-270588/src/universalinit/templates/react/README.md
2025-11-19 08:02:32,953 - Knowledge - INFO - process ingested knowledge for /app/data/T0015/270588/b1256qt/universalinit-270588/src/universalinit/templates/svelte/src/app.html
2025-11-19 08:02:33,105 - Knowledge - INFO - process ingested knowledge for /app/data/T0015/270588/b1256qt/universalinit-270588/src/universalinit/templates/remix/tailwind.config.ts
2025-11-19 08:02:33,173 - Knowledge - INFO - process ingested knowledge for /app/data/T0015/270588/b1256qt/universalinit-270588/src/universalinit/templates/svelte/tsconfig.json
2025-11-19 08:02:33,398 - Knowledge - INFO - process ingested knowledge for /app/data/T0015/270588/b1256qt/universalinit-270588/src/universalinit/templates/qwik/config.yml
2025-11-19 08:02:33,484 - Knowledge - INFO - process ingested knowledge for /app/data/T0015/270588/b1256qt/universalinit-270588/src/universalinit/templates/angular/src/main.ts
2025-11-19 08:02:33,639 - Knowledge - INFO - process ingested knowledge for /app/data/T0015/270588/b1256qt/universalinit-270588/src/universalinit/templates/qwik/src/components/starter/gauge/gauge.module.css
2025-11-19 08:02:33,660 - Knowledge - INFO - process ingested knowledge for /app/data/T0015/270588/b1256qt/universalinit-270588/src/universalinit/templateconfig.py
2025-11-19 08:02:33,770 - Knowledge - INFO - Worker kw18 processing /app/data/T0015/270588/b1256qt/universalinit-270588/src/universalinit/templates/slidev/vercel.json
2025-11-19 08:02:33,906 - Knowledge - INFO - Fast-tracked /app/data/T0015/270588/b1256qt/universalinit-270588/src/universalinit/templates/nuxt/README.md (ext=.md, size=822)
2025-11-19 08:02:33,985 - Knowledge - INFO - Fast-tracked /app/data/T0015/270588/b1256qt/universalinit-270588/src/universalinit/templates/react/README.md (ext=.md, size=2764)
2025-11-19 08:02:34,071 - Knowledge - INFO - process ingested knowledge for /app/data/T0015/270588/b1256qt/universalinit-270588/src/universalinit/templates/svelte/src/routes/page.svelte.test.ts
2025-11-19 08:02:34,174 - Knowledge - INFO - process ingested knowledge for /app/data/T0015/270588/b1256qt/universalinit-270588/src/universalinit/templates/remix/README.md
2025-11-19 08:02:34,272 - Knowledge - INFO - process ingested knowledge for /app/data/T0015/270588/b1256qt/universalinit-270588/src/universalinit/templates/svelte/README.md
2025-11-19 08:02:34,360 - Knowledge - INFO - process ingested knowledge for /app/data/T0015/270588/b1256qt/universalinit-270588/src/universalinit/templates/qwik/vite.config.ts
2025-11-19 08:02:34,390 - Knowledge - INFO - process ingested knowledge for /app/data/T0015/270588/b1256qt/universalinit-270588/src/universalinit/templates/angular/src/app/app.component.spec.ts
2025-11-19 08:02:34,492 - Knowledge - INFO - process ingested knowledge for /app/data/T0015/270588/b1256qt/universalinit-270588/src/universalinit/templates/qwik/src/components/starter/gauge/index.tsx
2025-11-19 08:02:34,581 - Knowledge - INFO - process ingested knowledge for /app/data/T0015/270588/b1256qt/universalinit-270588/src/universalinit/cli.py
2025-11-19 08:02:34,643 - Knowledge - INFO - Fast-tracked /app/data/T0015/270588/b1256qt/universalinit-270588/src/universalinit/templates/slidev/vercel.json (ext=.json, size=144)
2025-11-19 08:02:34,714 - Knowledge - INFO - Worker kw19 processing /app/data/T0015/270588/b1256qt/universalinit-270588/src/universalinit/templates/nuxt/eslint.config.mjs
2025-11-19 08:02:34,746 - Knowledge - INFO - [WEBSOCKET] Sent: Type=progress_update, Size: 273, Duration: 0ms
2025-11-19 08:02:34,794 - Knowledge - INFO - Worker kw11 processing /app/data/T0015/270588/b1256qt/universalinit-270588/src/universalinit/templates/react/eslint.config.mjs
2025-11-19 08:02:34,875 - Knowledge - INFO - process ingested knowledge for /app/data/T0015/270588/b1256qt/universalinit-270588/src/universalinit/templates/svelte/src/demo.spec.ts
2025-11-19 08:02:35,068 - Knowledge - INFO - process ingested knowledge for /app/data/T0015/270588/b1256qt/universalinit-270588/src/universalinit/templates/typescript/src/style.css
2025-11-19 08:02:35,168 - Knowledge - INFO - process ingested knowledge for /app/data/T0015/270588/b1256qt/universalinit-270588/src/universalinit/templates/qwik/tsconfig.json
2025-11-19 08:02:35,244 - Knowledge - INFO - process ingested knowledge for /app/data/T0015/270588/b1256qt/universalinit-270588/src/universalinit/templates/angular/src/app/app.config.ts
2025-11-19 08:02:35,353 - Knowledge - INFO - process ingested knowledge for /app/data/T0015/270588/b1256qt/universalinit-270588/src/universalinit/templates/qwik/src/components/starter/header/header.module.css
2025-11-19 08:02:35,446 - Knowledge - INFO - process ingested knowledge for /app/data/T0015/270588/b1256qt/universalinit-270588/src/universalinit/templates/vue/env.d.ts
2025-11-19 08:02:35,532 - Knowledge - INFO - Worker kw18 processing /app/data/T0015/270588/b1256qt/universalinit-270588/src/universalinit/templates/slidev/netlify.toml
2025-11-19 08:02:35,647 - Knowledge - INFO - Fast-tracked /app/data/T0015/270588/b1256qt/universalinit-270588/src/universalinit/templates/nuxt/eslint.config.mjs (ext=.mjs, size=1068)
2025-11-19 08:02:35,759 - Knowledge - INFO - [WEBSOCKET] Sent: Type=unknown, Size: ?, Duration: 1013ms
2025-11-19 08:02:35,860 - Knowledge - INFO - Fast-tracked /app/data/T0015/270588/b1256qt/universalinit-270588/src/universalinit/templates/react/eslint.config.mjs (ext=.mjs, size=725)
2025-11-19 08:02:35,978 - Knowledge - INFO - process ingested knowledge for /app/data/T0015/270588/b1256qt/universalinit-270588/src/universalinit/templates/svelte/src/lib/index.ts
2025-11-19 08:02:36,090 - Knowledge - INFO - process ingested knowledge for /app/data/T0015/270588/b1256qt/universalinit-270588/src/universalinit/templates/typescript/src/main.ts
2025-11-19 08:02:36,095 - Knowledge - INFO - process ingested knowledge for /app/data/T0015/270588/b1256qt/universalinit-270588/src/universalinit/templates/qwik/README.md
2025-11-19 08:02:36,206 - Knowledge - INFO - process ingested knowledge for /app/data/T0015/270588/b1256qt/universalinit-270588/src/universalinit/templates/angular/src/app/app.routes.ts
2025-11-19 08:02:36,296 - Knowledge - INFO - process ingested knowledge for /app/data/T0015/270588/b1256qt/universalinit-270588/src/universalinit/templates/qwik/src/components/starter/header/header.tsx
2025-11-19 08:02:36,393 - Knowledge - INFO - process ingested knowledge for /app/data/T0015/270588/b1256qt/universalinit-270588/src/universalinit/templates/vue/vitest.config.ts
2025-11-19 08:02:36,482 - Knowledge - INFO - Fast-tracked /app/data/T0015/270588/b1256qt/universalinit-270588/src/universalinit/templates/slidev/netlify.toml (ext=.toml, size=230)
2025-11-19 08:02:36,560 - Knowledge - INFO - Worker kw19 processing /app/data/T0015/270588/b1256qt/universalinit-270588/src/universalinit/templates/nuxt/server/tsconfig.json
2025-11-19 08:02:36,634 - Knowledge - INFO - Progress: 90.4% | Files: 282/312 | Rate: 2.62 files/sec | Queue: 0
2025-11-19 08:02:36,720 - Knowledge - INFO - Worker kw11 processing /app/data/T0015/270588/b1256qt/universalinit-270588/src/universalinit/templates/react/public/index.html
2025-11-19 08:02:36,824 - Knowledge - INFO - process ingested knowledge for /app/data/T0015/270588/b1256qt/universalinit-270588/src/universalinit/templates/svelte/package.json
2025-11-19 08:02:36,934 - Knowledge - INFO - process ingested knowledge for /app/data/T0015/270588/b1256qt/universalinit-270588/src/universalinit/templates/typescript/src/vite-env.d.ts
2025-11-19 08:02:37,003 - Knowledge - INFO - process ingested knowledge for /app/data/T0015/270588/b1256qt/universalinit-270588/src/universalinit/templates/qwik/public/manifest.json
2025-11-19 08:02:37,297 - Knowledge - INFO - process ingested knowledge for /app/data/T0015/270588/b1256qt/universalinit-270588/src/universalinit/templates/vue/src/stores/counter.ts
2025-11-19 08:02:37,299 - Knowledge - INFO - process ingested knowledge for /app/data/T0015/270588/b1256qt/universalinit-270588/src/universalinit/templates/qwik/src/components/starter/infobox/infobox.module.css
2025-11-19 08:02:37,406 - Knowledge - INFO - Worker kw18 processing /app/data/T0015/270588/b1256qt/universalinit-270588/src/universalinit/templates/slidev/README.md
2025-11-19 08:02:37,482 - Knowledge - INFO - Fast-tracked /app/data/T0015/270588/b1256qt/universalinit-270588/src/universalinit/templates/nuxt/server/tsconfig.json (ext=.json, size=49)
2025-11-19 08:02:37,693 - Knowledge - INFO - Fast-tracked /app/data/T0015/270588/b1256qt/universalinit-270588/src/universalinit/templates/react/public/index.html (ext=.html, size=1984)
2025-11-19 08:02:37,786 - Knowledge - INFO - process ingested knowledge for /app/data/T0015/270588/b1256qt/universalinit-270588/src/universalinit/templates/svelte/svelte.config.js
2025-11-19 08:02:37,864 - Knowledge - INFO - process ingested knowledge for /app/data/T0015/270588/b1256qt/universalinit-270588/src/universalinit/templates/typescript/src/counter.ts
2025-11-19 08:02:38,249 - Knowledge - INFO - Fast-tracked /app/data/T0015/270588/b1256qt/universalinit-270588/src/universalinit/templates/slidev/README.md (ext=.md, size=270)
2025-11-19 08:02:38,363 - Knowledge - INFO - Worker kw19 processing /app/data/T0015/270588/b1256qt/universalinit-270588/src/universalinit/templates/react/src/App.css
2025-11-19 08:02:38,450 - Knowledge - INFO - Worker kw11 processing /app/data/T0015/270588/b1256qt/universalinit-270588/src/universalinit/templates/react/public/robots.txt
2025-11-19 08:02:38,662 - Knowledge - INFO - Worker kw18 processing /app/data/T0015/270588/b1256qt/universalinit-270588/src/universalinit/templates/slidev/slides.md
2025-11-19 08:02:38,692 - Knowledge - INFO - process ingested knowledge for /app/data/T0015/270588/b1256qt/universalinit-270588/src/universalinit/templates/typescript/package.json
2025-11-19 08:02:38,737 - Knowledge - INFO - Fast-tracked /app/data/T0015/270588/b1256qt/universalinit-270588/src/universalinit/templates/react/src/App.css (ext=.css, size=1825)
2025-11-19 08:02:38,804 - Knowledge - INFO - Fast-tracked /app/data/T0015/270588/b1256qt/universalinit-270588/src/universalinit/templates/react/public/robots.txt (ext=.txt, size=67)
2025-11-19 08:02:38,906 - Knowledge - INFO - Fast-tracked /app/data/T0015/270588/b1256qt/universalinit-270588/src/universalinit/templates/slidev/slides.md (ext=.md, size=13510)
2025-11-19 08:02:38,975 - Knowledge - INFO - process ingested knowledge for /app/data/T0015/270588/b1256qt/universalinit-270588/src/universalinit/templates/svelte/config.yml
2025-11-19 08:02:39,069 - Knowledge - INFO - Worker kw19 processing /app/data/T0015/270588/b1256qt/universalinit-270588/src/universalinit/templates/react/src/App.js
2025-11-19 08:02:39,176 - Knowledge - INFO - Worker kw11 processing /app/data/T0015/270588/b1256qt/universalinit-270588/src/universalinit/templates/react/public/manifest.json
2025-11-19 08:02:39,270 - Knowledge - INFO - Worker kw18 processing /app/data/T0015/270588/b1256qt/universalinit-270588/src/universalinit/templates/slidev/prettierrc.js
2025-11-19 08:02:39,401 - Knowledge - INFO - process ingested knowledge for /app/data/T0015/270588/b1256qt/universalinit-270588/src/universalinit/templates/typescript/config.yml
2025-11-19 08:02:39,454 - Knowledge - INFO - Fast-tracked /app/data/T0015/270588/b1256qt/universalinit-270588/src/universalinit/templates/react/src/App.js (ext=.js, size=1001)
2025-11-19 08:02:39,475 - Knowledge - INFO - process ingested knowledge for /app/data/T0015/270588/b1256qt/universalinit-270588/src/universalinit/templates/svelte/eslint.config.js
2025-11-19 08:02:39,532 - Knowledge - INFO - Fast-tracked /app/data/T0015/270588/b1256qt/universalinit-270588/src/universalinit/templates/react/public/manifest.json (ext=.json, size=492)
2025-11-19 08:02:39,639 - Knowledge - INFO - Fast-tracked /app/data/T0015/270588/b1256qt/universalinit-270588/src/universalinit/templates/slidev/prettierrc.js (ext=.js, size=158)
2025-11-19 08:02:39,837 - Knowledge - INFO - Worker kw19 processing /app/data/T0015/270588/b1256qt/universalinit-270588/src/universalinit/templates/react/src/index.js
2025-11-19 08:02:39,907 - Knowledge - INFO - process ingested knowledge for /app/data/T0015/270588/b1256qt/universalinit-270588/src/universalinit/templates/typescript/tsconfig.json
2025-11-19 08:02:39,966 - Knowledge - INFO - process ingested knowledge for /app/data/T0015/270588/b1256qt/universalinit-270588/src/universalinit/templates/svelte/vitest-setup-client.ts
2025-11-19 08:02:40,009 - Knowledge - INFO - Worker kw11 processing /app/data/T0015/270588/b1256qt/universalinit-270588/pyproject.toml
2025-11-19 08:02:40,105 - Knowledge - INFO - Async storage completed for 10 embeddings
2025-11-19 08:02:40,211 - Knowledge - INFO - Fast-tracked /app/data/T0015/270588/b1256qt/universalinit-270588/src/universalinit/templates/react/src/index.js (ext=.js, size=254)
2025-11-19 08:02:40,431 - Knowledge - INFO - process ingested knowledge for /app/data/T0015/270588/b1256qt/universalinit-270588/src/universalinit/templates/typescript/eslint.config.mjs
2025-11-19 08:02:40,439 - Knowledge - INFO - Fast-tracked /app/data/T0015/270588/b1256qt/universalinit-270588/pyproject.toml (ext=.toml, size=564)
2025-11-19 08:02:40,559 - Knowledge - INFO - process ingested knowledge for /app/data/T0015/270588/b1256qt/universalinit-270588/src/universalinit/templates/svelte/vite.config.ts
2025-11-19 08:02:40,644 - Knowledge - INFO - Async storage completed for 10 embeddings
2025-11-19 08:02:40,795 - Knowledge - INFO - Async storage completed for 12 embeddings
2025-11-19 08:02:41,469 - Knowledge - INFO - [WEBSOCKET] Sent: Type=progress_update, Size: 273, Duration: 0ms
2025-11-19 08:02:41,649 - Knowledge - INFO - [WEBSOCKET] Sent: Type=unknown, Size: ?, Duration: 180ms
2025-11-19 08:02:41,791 - Knowledge - INFO - Progress: 92.9% | Files: 293/312 | Rate: 2.57 files/sec | Queue: 0
2025-11-19 08:02:41,936 - Knowledge - INFO - Processing batch of 10 files
2025-11-19 08:02:42,142 - Knowledge - INFO - Processing batch of 10 files
2025-11-19 08:02:42,144 - Knowledge - INFO - Processing batch of 10 files
2025-11-19 08:02:42,155 - Knowledge - INFO - process ingested knowledge for /app/data/T0015/270588/b1256qt/universalinit-270588/src/universalinit/templates/typescript/index.html
2025-11-19 08:02:42,309 - Knowledge - INFO - process ingested knowledge for /app/data/T0015/270588/b1256qt/universalinit-270588/src/universalinit/templates/react/src/setupTests.js
2025-11-19 08:02:42,407 - Knowledge - INFO - process ingested knowledge for /app/data/T0015/270588/b1256qt/universalinit-270588/src/universalinit/templates/nuxt/nuxt.config.ts
2025-11-19 08:02:42,536 - Knowledge - INFO - process ingested knowledge for /app/data/T0015/270588/b1256qt/universalinit-270588/src/universalinit/templates/slidev/pages/imported-slides.md
2025-11-19 08:02:42,562 - Knowledge - INFO - process ingested knowledge for /app/data/T0015/270588/b1256qt/universalinit-270588/src/universalinit/templates/react/src/index.css
2025-11-19 08:02:42,697 - Knowledge - INFO - process ingested knowledge for /app/data/T0015/270588/b1256qt/universalinit-270588/src/universalinit/templates/nuxt/package.json
2025-11-19 08:02:42,766 - Knowledge - INFO - process ingested knowledge for /app/data/T0015/270588/b1256qt/universalinit-270588/src/universalinit/templates/slidev/package.json
2025-11-19 08:02:42,827 - Knowledge - INFO - process ingested knowledge for /app/data/T0015/270588/b1256qt/universalinit-270588/src/universalinit/templates/react/package.json
2025-11-19 08:02:42,902 - Knowledge - INFO - process ingested knowledge for /app/data/T0015/270588/b1256qt/universalinit-270588/src/universalinit/templates/nuxt/config.yml
2025-11-19 08:02:43,012 - Knowledge - INFO - process ingested knowledge for /app/data/T0015/270588/b1256qt/universalinit-270588/src/universalinit/templates/slidev/config.yml
2025-11-19 08:02:43,122 - Knowledge - INFO - process ingested knowledge for /app/data/T0015/270588/b1256qt/universalinit-270588/src/universalinit/templates/react/config.yml
2025-11-19 08:02:43,211 - Knowledge - INFO - process ingested knowledge for /app/data/T0015/270588/b1256qt/universalinit-270588/src/universalinit/templates/nuxt/tsconfig.json
2025-11-19 08:02:43,316 - Knowledge - INFO - process ingested knowledge for /app/data/T0015/270588/b1256qt/universalinit-270588/src/universalinit/templates/slidev/snippets/external.ts
2025-11-19 08:02:43,388 - Knowledge - INFO - process ingested knowledge for /app/data/T0015/270588/b1256qt/universalinit-270588/src/universalinit/templates/react/README.md
2025-11-19 08:02:43,474 - Knowledge - INFO - process ingested knowledge for /app/data/T0015/270588/b1256qt/universalinit-270588/src/universalinit/templates/nuxt/README.md
2025-11-19 08:02:43,548 - Knowledge - INFO - process ingested knowledge for /app/data/T0015/270588/b1256qt/universalinit-270588/src/universalinit/templates/slidev/vercel.json
2025-11-19 08:02:43,617 - Knowledge - INFO - process ingested knowledge for /app/data/T0015/270588/b1256qt/universalinit-270588/src/universalinit/templates/react/eslint.config.mjs
2025-11-19 08:02:43,690 - Knowledge - INFO - process ingested knowledge for /app/data/T0015/270588/b1256qt/universalinit-270588/src/universalinit/templates/nuxt/eslint.config.mjs
2025-11-19 08:02:43,757 - Knowledge - INFO - process ingested knowledge for /app/data/T0015/270588/b1256qt/universalinit-270588/src/universalinit/templates/slidev/netlify.toml
2025-11-19 08:02:43,900 - Knowledge - INFO - process ingested knowledge for /app/data/T0015/270588/b1256qt/universalinit-270588/src/universalinit/templates/react/public/index.html
2025-11-19 08:02:43,967 - Knowledge - INFO - process ingested knowledge for /app/data/T0015/270588/b1256qt/universalinit-270588/src/universalinit/templates/nuxt/server/tsconfig.json
2025-11-19 08:02:44,037 - Knowledge - INFO - process ingested knowledge for /app/data/T0015/270588/b1256qt/universalinit-270588/src/universalinit/templates/slidev/README.md
2025-11-19 08:02:44,148 - Knowledge - INFO - process ingested knowledge for /app/data/T0015/270588/b1256qt/universalinit-270588/src/universalinit/templates/react/public/robots.txt
2025-11-19 08:02:44,228 - Knowledge - INFO - process ingested knowledge for /app/data/T0015/270588/b1256qt/universalinit-270588/src/universalinit/templates/react/src/App.css
2025-11-19 08:02:44,296 - Knowledge - INFO - process ingested knowledge for /app/data/T0015/270588/b1256qt/universalinit-270588/src/universalinit/templates/slidev/slides.md
2025-11-19 08:02:44,364 - Knowledge - INFO - process ingested knowledge for /app/data/T0015/270588/b1256qt/universalinit-270588/src/universalinit/templates/react/public/manifest.json
2025-11-19 08:02:44,478 - Knowledge - INFO - process ingested knowledge for /app/data/T0015/270588/b1256qt/universalinit-270588/src/universalinit/templates/react/src/App.js
2025-11-19 08:02:44,594 - Knowledge - INFO - process ingested knowledge for /app/data/T0015/270588/b1256qt/universalinit-270588/src/universalinit/templates/slidev/prettierrc.js
2025-11-19 08:02:44,671 - Knowledge - INFO - process ingested knowledge for /app/data/T0015/270588/b1256qt/universalinit-270588/pyproject.toml
2025-11-19 08:02:44,775 - Knowledge - INFO - process ingested knowledge for /app/data/T0015/270588/b1256qt/universalinit-270588/src/universalinit/templates/react/src/index.js
2025-11-19 08:02:46,283 - Knowledge - INFO - [WEBSOCKET] Sent: Type=progress_update, Size: 273, Duration: 0ms
2025-11-19 08:02:46,470 - Knowledge - INFO - [WEBSOCKET] Sent: Type=unknown, Size: ?, Duration: 187ms
2025-11-19 08:02:46,655 - Knowledge - INFO - Progress: 100.0% | Files: 312/312 | Rate: 2.62 files/sec | Queue: 0
2025-11-19 08:02:46,837 - Knowledge - INFO - Knowledge creation complete
2025-11-19 08:02:46,986 - Knowledge - INFO - ==================================================
2025-11-19 08:02:47,160 - Knowledge - INFO - KNOWLEDGE GRAPH GENERATION PERFORMANCE SUMMARY
2025-11-19 08:02:47,348 - Knowledge - INFO - ==================================================
2025-11-19 08:02:47,552 - Knowledge - INFO - Total processing time: 119.85 seconds (2.00 minutes)
2025-11-19 08:02:47,734 - Knowledge - INFO - Files processed: 0
2025-11-19 08:02:47,897 - Knowledge - INFO - Processing rate: 0.00 files/second
2025-11-19 08:02:48,071 - Knowledge - INFO - 
[TIME_BREAKDOWN]
2025-11-19 08:02:48,285 - Knowledge - INFO - File Reading: 0.00s (0.0%)
2025-11-19 08:02:48,474 - Knowledge - INFO - LLM Processing: 136.71s (114.1%)
2025-11-19 08:02:48,667 - Knowledge - INFO - MongoDB Operations: 0.00s (0.0%)
2025-11-19 08:02:48,832 - Knowledge - INFO - Redis Operations: 0.00s (0.0%)
2025-11-19 08:02:49,021 - Knowledge - INFO - WebSocket Communication: 4.26s (3.6%)
2025-11-19 08:02:49,183 - Knowledge - INFO - 
[LLM_STATS]
2025-11-19 08:02:49,378 - Knowledge - INFO - Total LLM calls: 12
2025-11-19 08:02:49,551 - Knowledge - INFO - Average LLM response time: 11393ms
2025-11-19 08:02:49,734 - Knowledge - INFO - Average prompt tokens: 5910.7
2025-11-19 08:02:49,903 - Knowledge - INFO - Average completion tokens: 383.3
2025-11-19 08:02:50,066 - Knowledge - INFO - Total prompt tokens: 70928
2025-11-19 08:02:50,277 - Knowledge - INFO - Total completion tokens: 4600
2025-11-19 08:02:50,444 - Knowledge - INFO - Total LLM cost: $0.0089
2025-11-19 08:02:50,618 - Knowledge - INFO - 
[DATABASE_STATS]
2025-11-19 08:02:50,834 - Knowledge - INFO - MongoDB operations: 0
2025-11-19 08:02:51,035 - Knowledge - INFO - Redis operations: 0
2025-11-19 08:02:51,203 - Knowledge - INFO - 
[COMMUNICATION_STATS]
2025-11-19 08:02:51,396 - Knowledge - INFO - WebSocket messages sent: 12
2025-11-19 08:02:51,564 - Knowledge - INFO - Average message size: 138.0 bytes
2025-11-19 08:02:51,744 - Knowledge - INFO - 
[WORKER_STATS]
2025-11-19 08:02:51,937 - Knowledge - INFO - 
[FILE_TYPE_STATS]
2025-11-19 08:02:52,129 - Knowledge - INFO - 
[SLOWEST_FILES]
2025-11-19 08:02:52,313 - Knowledge - INFO - ==================================================
2025-11-19 08:02:52,473 - Knowledge - INFO - ==================================================
2025-11-19 08:02:52,636 - Knowledge - INFO - KNOWLEDGE GRAPH GENERATION PERFORMANCE SUMMARY
2025-11-19 08:02:52,838 - Knowledge - INFO - ==================================================
2025-11-19 08:02:52,979 - Knowledge - INFO - Total processing time: 125.39 seconds (2.09 minutes)
2025-11-19 08:02:53,162 - Knowledge - INFO - Files processed: 312 of 312
2025-11-19 08:02:53,365 - Knowledge - INFO - Processing rate: 2.49 files/second
2025-11-19 08:02:53,574 - Knowledge - INFO - WebSocket messages sent: 6
2025-11-19 08:02:53,740 - Knowledge - INFO - MongoDB operations: 312
2025-11-19 08:02:53,903 - Knowledge - INFO - Average MongoDB ops per file: 1.00
2025-11-19 08:02:54,082 - Knowledge - INFO - LLM costs: $0.0089
2025-11-19 08:02:54,239 - Knowledge - INFO - Prompt tokens: 70928
2025-11-19 08:02:54,418 - Knowledge - INFO - Completion tokens: 4600
2025-11-19 08:02:54,569 - Knowledge - INFO - Updating org costs, total cost: 0.008932799999999998
2025-11-19 08:02:55,785 - Knowledge - INFO - [WEBSOCKET] Sent: Type=progress_update, Size: 268, Duration: 0ms
2025-11-19 08:02:55,964 - Knowledge - INFO - Saving knowledge to Redis...
2025-11-19 08:02:56,230 - Knowledge - INFO - Knowledge saved to Redis successfully
